Date,Equity,Drawdown,Daily_Return
2021-07-09,100000.0,0.0,
2021-07-12,98143.4580249405,-0.018565419750595002,-0.018565419750595002
2021-07-13,98993.55877109528,-0.010064412289047198,0.008661817743764066
2021-07-14,99110.75732608796,-0.008892426739120385,0.001183900815846739
2021-07-15,98946.35889621735,-0.010536411037826432,-0.0016587344734911857
2021-07-16,97950.16018100739,-0.020498398189926048,-0.010068068459748503
2021-07-19,98514.50863071442,-0.014854913692855742,0.005761587818377656
2021-07-20,95701.05610843659,-0.042989438915634115,-0.028558763185067226
2021-07-22,95105.16728343964,-0.0489483271656036,-0.006226564776064314
2021-07-23,93927.91388835908,-0.060720861116409175,-0.012378437772702977
2021-07-26,93428.97123390352,-0.06571028766096487,-0.005311974191704039
2021-07-27,92564.40848976289,-0.07435591510237105,-0.00925369007838217
2021-07-28,92617.92306953584,-0.07382076930464154,0.0005781334386085746
2021-07-29,92323.56425312959,-0.07676435746870414,-0.003178205758136654
2021-07-30,91356.11356190644,-0.08643886438093551,-0.010478914013443252
2021-08-02,92767.52277211152,-0.07232477227888479,0.015449532113126274
2021-08-03,93419.99780873262,-0.06580002191267387,0.007033442492842434
2021-08-04,91769.07419423066,-0.0823092580576934,-0.01767205794504556
2021-08-05,91012.04444966279,-0.08987955550337212,-0.008249290419620081
2021-08-06,89438.30073628388,-0.10561699263716118,-0.017291598303225908
2021-08-09,89713.06771931611,-0.10286932280683891,0.0030721400202180504
2021-08-10,86309.51857838593,-0.13690481421614065,-0.03793816472287859
2021-08-11,85540.91196827852,-0.1445908803172148,-0.008905235746499596
2021-08-12,86734.18054142914,-0.1326581945857086,0.01394968262196139
2021-08-13,87636.87973347626,-0.1236312026652373,0.010407652282088842
2021-08-16,89001.01671456301,-0.10998983285436992,0.015565786746805754
2021-08-17,89174.86362313235,-0.1082513637686765,0.001953313737155238
2021-08-18,88537.36722420657,-0.11462632775793435,-0.00714883514282616
2021-08-20,85062.04056405032,-0.14937959435949688,-0.039252654208200566
2021-08-23,82746.71443856202,-0.1725328556143798,-0.02721926384713158
2021-08-24,83728.56453621827,-0.16271435463781736,0.011865729102576772
2021-08-25,82799.94744698488,-0.17200052553015122,-0.011090803889653444
2021-08-26,83119.94795052492,-0.1688005204947508,0.0038647428338638434
2021-08-27,83171.39764229738,-0.16828602357702616,0.0006189812799579641
2021-08-30,83653.2973005005,-0.16346702699499494,0.005794055070177828
2021-08-31,83722.54755989992,-0.16277452440100082,0.000827824624182405
2021-09-01,83698.79621712648,-0.1630120378287352,-0.00028369111387160917
2021-09-02,84760.34654061281,-0.15239653459387192,0.012682981971837703
2021-09-03,84954.74731270754,-0.15045252687292465,0.0022935344182621886
2021-09-06,85723.44740120851,-0.14276552598791492,0.009048347653504152
2021-09-07,86195.0962812134,-0.1380490371878661,0.005501982179944687
2021-09-08,87907.74711434328,-0.12092252885656718,0.01986946945963508
2021-09-09,88665.89776436769,-0.11334102235632304,0.008624389486836304
2021-09-13,91196.24656502687,-0.08803753434973127,0.0285380159053219
2021-09-14,91615.49760262453,-0.0838450239737547,0.00459724005525497
2021-09-15,91804.69666878664,-0.08195303331213366,0.0020651425917341815
2021-09-16,90996.7967511841,-0.09003203248815905,-0.008800202461506812
2021-09-17,89187.29623238527,-0.10812703767614729,-0.019885321059670003
2021-09-20,87338.19709603273,-0.12661802903967267,-0.020732763683457223
2021-09-21,88772.29788033449,-0.11227702119665517,0.016420086880484686
2021-09-22,90099.74760262453,-0.09900252397375475,0.01495342301580882
2021-09-23,91056.29673592531,-0.08943703264074687,0.01061655730179778
2021-09-24,90568.64633004152,-0.09431353669958475,-0.005355482524157962
2021-09-27,89853.64639107668,-0.1014635360892332,-0.007894563603825011
2021-09-28,89184.4697225281,-0.10815530277471908,-0.007447406926994082
2021-09-29,89315.8190419861,-0.10684180958013889,0.001472782423516783
2021-09-30,90940.72108056032,-0.09059278919439673,0.018192768716708274
2021-10-01,92155.91932274782,-0.07844080677252174,0.013362531413303902
2021-10-04,94409.26963402712,-0.055907303659728735,0.02445149837188021
2021-10-05,95419.86974694216,-0.04580130253057835,0.010704458543452144
2021-10-06,95588.06959130251,-0.04411930408697484,0.0017627339547456877
2021-10-07,97217.36860253298,-0.02782631397467017,0.017045003818956905
2021-10-08,97732.82032372439,-0.022671796762756102,0.005302053826397923
2021-10-11,99195.51865746462,-0.008044813425353792,0.014966296162284953
2021-10-12,100087.31982018435,0.0,0.00899033721270448
2021-10-13,101569.92072655642,0.0,0.014813074313866137
2021-10-14,101908.47004296267,0.0,0.0033331651140862117
2021-10-18,101530.47164513552,-0.0037091951009351476,-0.0037091951009351476
2021-10-19,98421.72156884157,-0.03421451104752282,-0.030618887373630055
2021-10-20,97906.72031762087,-0.03926807775305363,-0.005232597469456812
2021-10-21,96908.26958992922,-0.0490656022107433,-0.010197979510012889
2021-10-22,96084.26757576906,-0.05715130905937682,-0.0085029071063486
2021-10-25,94550.27067879641,-0.07220400189566367,-0.015965120364402896
2021-10-26,94391.83580330813,-0.07375868008307518,-0.0016756681324214817
2021-10-27,95993.36510018313,-0.058043310239922596,0.016966820098850866
2021-10-28,95010.72301033938,-0.06768570884947378,-0.010236562587614406
2021-10-29,93000.77514016116,-0.08740877867213781,-0.021154958161506587
2021-11-01,95228.034718866,-0.06555328837024366,0.023948828118347754
2021-11-02,97872.43010460818,-0.03960455825362674,0.02776908495013064
2021-11-03,99158.6506475159,-0.026983227147728717,0.013141806548922608
2021-11-04,101046.66187798465,-0.008456688287192371,0.019040307811167834
2021-11-08,104142.82246529544,0.0,0.030640899261466403
2021-11-09,105630.37979256595,0.0,0.014283819970082101
2021-11-10,108504.0049909302,0.0,0.02720453343069873
2021-11-11,110301.33161293948,0.0,0.016564610883805786
2021-11-12,110409.90986763919,0.0,0.0009843784577390213
2021-11-15,112687.31953560794,0.0,0.02062685922576102
2021-11-16,115760.05695473636,0.0,0.027267818879634254
2021-11-17,118693.51809823001,0.0,0.025340875088206483
2021-11-18,117490.29881417239,-0.010137194543865857,-0.010137194543865857
2021-11-22,115602.1426862427,-0.02604502302669054,-0.01607074070784409
2021-11-23,119470.91214791262,0.0,0.03346624354680161
2021-11-24,121049.2105869385,0.0,0.01321073398244299
2021-11-25,124437.39102974856,0.0,0.027990107712240198
2021-11-26,122351.2901004883,-0.016764261224036292,-0.016764261224036292
2021-11-29,120118.86920662844,-0.03470437452427555,-0.018245993908411973
2021-11-30,124184.76431771243,-0.002030151146255821,0.03384892929760963
2021-12-01,124927.66930886233,0.0,0.005982255514446644
2021-12-02,128576.68799324954,0.0,0.02920905116196182
2021-12-03,130253.84590645754,0.0,0.01304402796015447
2021-12-06,129856.3198749634,-0.0030519331596521315,-0.0030519331596521315
2021-12-07,132464.54956551516,0.0,0.02008550444878754
2021-12-08,132107.24449654543,-0.002697363710831957,-0.002697363710831957
2021-12-09,135127.46625252688,0.0,0.022861893513042242
2021-12-10,138353.68376656497,0.0,0.02387536452440342
2021-12-13,142452.30403634036,0.0,0.02962422219773142
2021-12-14,147925.2170612427,0.0,0.03841926644799076
2021-12-15,152325.19421883547,0.0,0.029744605044393024
2021-12-16,154864.63234444582,0.0,0.016671162893526992
2021-12-17,153670.31633492434,-0.007711999773228562,-0.007711999773228562
2021-12-20,146741.05965157473,-0.05245595827718019,-0.04509170572830279
2021-12-21,143924.4066568848,-0.07064379724369907,-0.019194716198573603
2021-12-22,143423.1436563965,-0.07388057889551858,-0.003482821379165335
2021-12-23,140775.2430063721,-0.09097874140001494,-0.018462157379342314
2021-12-24,138757.16167260136,-0.10401000168985419,-0.01433548463972023
2021-12-27,141270.17299462284,-0.08778285360589333,0.018110858507980776
2021-12-28,141963.78011132206,-0.08330405747149572,0.00490979165662675
2021-12-29,141165.4725856873,-0.0884589305600082,-0.005623318321115178
2021-12-30,140308.6268825623,-0.09399179942847402,-0.006069796582906628
2021-12-31,141546.94534081424,-0.08599566474293974,0.00882567583879501
2022-01-03,144805.8587201973,-0.06495203889985712,0.023023551455217284
2022-01-04,144820.49774683916,-0.06485751101172521,0.00010109415994086213
2022-01-05,143715.8989004036,-0.07199018442923422,-0.00762736534966546
2022-01-06,147895.91834773027,-0.04499874433057072,0.02908529591582254
2022-01-07,151570.51075877153,-0.02127097411336365,0.024845800019995368
2022-01-10,154818.1793226143,-0.0002999588810451703,0.0214267837957709
2022-01-11,157168.16279353105,0.0,0.01517898919363847
2022-01-12,156815.00630320513,-0.0022469976364734023,-0.0022469976364734023
2022-01-13,157400.52832926714,0.0,0.0037338392534314035
2022-01-14,159037.47667826616,0.0,0.010399891070090206
2022-01-17,161860.3169034859,0.0,0.01774952850220557
2022-01-18,159253.14405955278,-0.01610754812427384,-0.01610754812427384
2022-01-19,157216.8658460518,-0.028688014123949057,-0.012786423938603741
2022-01-20,159443.67507304155,-0.014930415784897622,0.01416393346226763
2022-01-21,160075.1065229317,-0.011029327105659181,0.003960216356032165
2022-01-24,153067.7730726143,-0.05432180042075663,-0.04377528525532193
2022-01-25,152563.99270022358,-0.05743423947949844,-0.00329122428763462
2022-01-27,149807.30310595478,-0.07446552699336484,-0.018069070856617353
2022-01-28,150697.42648837055,-0.06896619646291413,0.0059417889779793676
2022-01-31,153319.09557069268,-0.05276908816313619,0.0173969067914006
2022-02-01,157739.06409181084,-0.025461786375547968,0.02882855853451205
2022-02-02,159264.42509377922,-0.016037852015664433,0.009670153748855492
2022-02-03,159150.37564576592,-0.01674246850348038,-0.0007161012130998401
2022-02-04,160394.0246220919,-0.009058997964697557,0.007814301231019893
2022-02-07,159897.99797070946,-0.012123533243460272,-0.0030925506891615884
2022-02-08,159164.18643678154,-0.01665714313602884,-0.004589247790721784
2022-02-09,160819.43631993735,-0.0064307336316979935,0.010399637759046065
2022-02-10,161874.13871251547,0.0,0.006558301761982799
2022-02-11,161754.16289189784,-0.000741167314135982,-0.000741167314135982
2022-02-14,154421.8633666369,-0.04603746716523771,-0.045329896889029
2022-02-15,159042.6757938906,-0.017491755886055893,0.029923304424080754
2022-02-16,156131.82754826988,-0.035473925667915296,-0.018302309308433684
2022-02-17,154373.37646317924,-0.04633700175330291,-0.011262604894232697
2022-02-18,149808.00529184524,-0.07454021696510393,-0.029573565571540894
2022-02-21,145469.0303315181,-0.10134483810370998,-0.02896357208597944
2022-02-22,137823.4622266597,-0.148576398164312,-0.052558046805113445
2022-02-23,139802.79301889602,-0.13634880697538487,0.014361348643100902
2022-02-24,132762.71005529584,-0.1798398983850089,-0.05035724116505036
2022-02-25,135878.5611142558,-0.16059129521873272,0.023469324011706316
2022-02-28,135771.95946020307,-0.16124984175927715,-0.0007845362298405378
2022-03-02,137643.6096677226,-0.14968746235509367,0.013785248551768436
2022-03-03,139689.5101804179,-0.1370486274617153,0.014863752248536644
2022-03-04,140243.23085912887,-0.1336279409758131,0.003963938866961447
2022-03-07,137591.83138403122,-0.150007329902209,-0.018905721572835987
2022-03-08,135705.08664354507,-0.1616629578826424,-0.013712621756011623
2022-03-09,137948.65366029923,-0.14780301067551826,0.016532667066838203
2022-03-10,137185.45702791397,-0.1525177639922335,-0.0055324688725461035
2022-03-11,138951.40687990372,-0.14160836323164605,0.012872719093179219
2022-03-14,141483.9078869838,-0.12596348612389674,0.018225803278616226
2022-03-15,137342.0083645839,-0.1515506463419709,-0.029274703987597128
2022-03-16,137653.15654268448,-0.149628485207553,0.002265498967181312
2022-03-17,141122.75577058975,-0.12819455354001708,0.025205373527554364
2022-03-21,140232.30819215957,-0.1336954172697794,-0.00630973774263377
2022-03-22,139466.4555996913,-0.13842657814921044,-0.005461313461508577
2022-03-23,140483.85636415664,-0.13214144346026424,0.007294949599820466
2022-03-24,142534.45543947403,-0.11947358254296725,0.014596688391026902
2022-03-25,144970.7555798549,-0.10442299966568835,0.017092710200274475
2022-03-28,145522.3064908046,-0.10101571722183078,0.00380456671239382
2022-03-29,143784.08176851456,-0.11175384213860384,-0.011944730427976502
2022-03-30,144406.90362215225,-0.1079062735362849,0.004331646771861708
2022-03-31,143233.68581819718,-0.1151539896525614,-0.008124388616660982
2022-04-01,143627.28105074112,-0.11272250037530906,0.0027479236486556147
2022-04-04,145979.68252474014,-0.09819021317545662,0.01637851428217152
2022-04-05,146728.68838411514,-0.0935631253321958,0.005130891137868243
2022-04-06,148509.83959871475,-0.08255981604038298,0.012139079509364992
2022-04-07,146780.47314363663,-0.09324321777973954,-0.0116447937709111
2022-04-08,148929.51800447647,-0.0799671943337924,0.014641217696149678
2022-04-11,148769.24641328995,-0.08095729437362131,-0.0010761573214902453
2022-04-12,146384.56811433975,-0.0956889761476033,-0.016029376745818946
2022-04-13,147710.22796541397,-0.08749952808864836,0.009056008212824374
2022-04-18,144344.23234468643,-0.10829343406707925,-0.022787830383117935
2022-04-19,147003.8866925258,-0.0918630495165067,0.018425775000751266
2022-04-20,145425.11360597794,-0.10161613978222062,-0.010739669011949449
2022-04-21,150456.36372644608,-0.07053489258310175,0.03459684504080962
2022-04-22,152038.65381891435,-0.06076007552428564,0.01051660463724291
2022-04-25,149572.61657602494,-0.07599436348716415,-0.01621980450988847
2022-04-26,151279.54733164018,-0.065449561400855,0.01141205385510946
2022-04-27,150396.18259317582,-0.0709066699018811,-0.005839287293263884
2022-04-28,150498.12143976396,-0.07027692850279843,0.0006778020879949498
2022-04-29,147840.40551263993,-0.08669533818987052,-0.01765946246835881
2022-05-02,142696.91324335284,-0.11846997687024552,-0.0347908425403185
2022-05-04,137938.39428049274,-0.1478663894208082,-0.03334703501781433
2022-05-05,138817.16809946246,-0.14243764196331343,0.0063707702525721555
2022-05-06,134230.16608087724,-0.17077448474171186,-0.03304347784489192
2022-05-09,130057.87904092972,-0.19654936807472778,-0.031083080366849924
2022-05-10,125947.65901300614,-0.22194082381073788,-0.03160300674002292
2022-05-11,121794.02754266924,-0.24760045976848433,-0.03297902877184855
2022-05-12,118708.90760477251,-0.2666592171613241,-0.025330634023215004
2022-05-13,121656.06697759814,-0.24845273034220527,0.024826775279896074
2022-05-16,124358.66878423876,-0.2317570318931752,0.022215100929888543
2022-05-17,127437.06697759814,-0.21273979901185291,0.024754190628241357
2022-05-18,130212.54570806689,-0.19559389323256138,0.021779210682529637
2022-05-19,130105.14702642626,-0.1962573635218543,-0.0008247951920193897
2022-05-20,132506.14775884815,-0.18142484764551647,0.01845431012759402
2022-05-23,129565.34771002001,-0.19959204885639636,-0.022193687602934387
2022-05-24,127106.74651373095,-0.21478039960744166,-0.018975761959066806
2022-05-25,121158.67278589435,-0.25152545212259503,-0.04679589314477539
2022-05-26,123755.95454401203,-0.23548038291774587,0.02143702715122564
2022-05-27,122313.50098169514,-0.24439134036771037,-0.011655629562486225
2022-05-30,121014.40022413441,-0.2524167159335251,-0.010621074101665462
2022-05-31,121271.94819776723,-0.25082567751515117,0.0021282423674851003
2022-06-01,121514.13571302601,-0.24932953046420736,0.001997061306080683
2022-06-02,121793.61273328969,-0.24760302231110443,0.0022999548046302998
2022-06-03,120305.41134779164,-0.25679659329986537,-0.012219042953894421
2022-06-06,122654.23498274037,-0.2422864086982337,0.01952384027147791
2022-06-07,128339.06210828968,-0.20716759867234424,0.04634839658287593
2022-06-08,129938.7610218639,-0.19728523620050276,0.012464629920892145
2022-06-09,132231.46101118275,-0.18312176322357088,0.017644465525826103
2022-06-10,131928.6865284557,-0.18499219469048211,-0.0022897310550130667
2022-06-13,126581.36298109242,-0.21802602943328808,-0.0405319243909088
2022-06-14,125203.73913313099,-0.2265364923084484,-0.010883307111862917
2022-06-15,126480.76737966723,-0.21864747274860263,0.01019960150853283
2022-06-16,122970.84156027026,-0.2403305275423675,-0.02775066828034778
2022-06-17,121281.84236075588,-0.2507645549475357,-0.01373495682459458
2022-06-20,112475.42925605008,-0.3051673964066385,-0.07261114222284737
2022-06-21,114834.8207514114,-0.2905919273778794,0.02097695035233138
2022-06-22,113817.69536231228,-0.2968753608972108,-0.008857290693220499
2022-06-23,114712.84557746121,-0.29134544597523127,0.007864771925836456
2022-06-24,116142.64405463406,-0.28251266707339484,0.01246415316414895
2022-06-27,116898.84679053494,-0.2778411195246917,0.006510982611564797
2022-06-28,116115.89797614285,-0.2826778946922346,-0.0066976607202551275
2022-06-29,114342.4196665115,-0.293633803546712,-0.015273346204459637
2022-06-30,111893.7702600784,-0.30876067573215626,-0.021415056752994932
2022-07-01,112428.81328345486,-0.3054553730591537,0.004781705202468789
2022-07-04,112965.00675757596,-0.30214296331670953,0.004769182013593332
2022-07-05,114074.35817511746,-0.2952897906829284,0.009820310283539246
2022-07-06,116316.17348700712,-0.2814406648761739,0.019652228140948358
2022-07-07,117920.87392646025,-0.2715274047827686,0.013796021579341122
2022-07-08,118767.57535773466,-0.266296788959829,0.007180250646738218
2022-07-11,121506.47574835966,-0.24937685096102846,0.023061011242969887
2022-07-12,121035.04937964628,-0.25228915290414866,-0.003879845628061096
2022-07-13,118632.80124884794,-0.26712937475740395,-0.019847541213151354
2022-07-14,118550.42715674589,-0.26763825216522963,-0.0006943618563743925
2022-07-15,122387.99984961699,-0.24393111325228367,0.032370804432421796
2022-07-18,126234.72617560576,-0.2201674264979685,0.031430584131739936
2022-07-19,126934.72460395048,-0.21584308887423043,0.005545212870909699
2022-07-20,126432.87415534208,-0.21894333980127745,-0.003953610410187047
2022-07-21,127547.90026313017,-0.21205511097944973,0.008819115402044053
2022-07-22,129772.42406684111,-0.1983128058688005,0.017440693254234363
2022-07-25,135263.5769675369,-0.16439044529675162,0.042313711408114685
2022-07-26,131891.97469550322,-0.18521898714321405,-0.024926165251735632
2022-07-27,131794.8526557083,-0.18581897204856956,-0.0007363756590887949
2022-07-28,131949.57688361357,-0.18486314161675443,0.0011739777752131086
2022-07-29,134780.07638007353,-0.1673773374050832,0.021451372284100767
2022-08-01,136265.4512885208,-0.15820122737131648,0.011020730573401583
2022-08-02,137736.4777777786,-0.1491137566921963,0.010795300462060231
2022-08-03,135218.09982520292,-0.16467138666697723,-0.018284030441367838
2022-08-04,135087.50013190458,-0.16547818443181528,-0.0009658447609245391
2022-08-05,135348.1757681961,-0.16386782444247527,0.001929679918845073
2022-08-08,135560.02839881132,-0.16255907535938996,0.0015652418616860508
2022-08-10,135396.07464820097,-0.16357192245105256,-0.001209454973910229
2022-08-11,134526.22548133085,-0.16894553662925638,-0.006424478472734529
2022-08-12,135218.82330542753,-0.164666917267292,0.0051484223363778
2022-08-16,136539.6494010086,-0.15650733040501497,0.009768063819026285
2022-08-17,137957.20136481474,-0.14775020604234157,0.010381980399282398
2022-08-18,138000.027193367,-0.1474856435316596,0.00031042836567118925
2022-08-19,136224.9501746292,-0.15845142863393769,-0.012862874412702396
2022-08-22,135091.22538977812,-0.16545517113331587,-0.008322445949862534
2022-08-23,137241.82289344023,-0.15216955602044402,0.01591959431456047
2022-08-24,139745.59525271604,-0.136702154129136,0.01824350847642009
2022-08-25,137750.21747561643,-0.14902887779834018,-0.014278645230221154
2022-08-26,140243.11824771116,-0.13362863664850433,0.018097254710585098
2022-08-29,140539.96799441526,-0.13179480606219118,0.0021166795947860084
2022-08-30,143453.14253970335,-0.11379826524067171,0.02072844178677946
2022-09-01,142467.09249087522,-0.1198897265245481,-0.006873673391680657
2022-09-02,140804.14293643186,-0.1301628286251667,-0.011672516967733193
2022-09-05,140137.9940106506,-0.1342780562401492,-0.004731032140737446
2022-09-06,141586.86672183225,-0.12532744360550963,0.010338900035000709
2022-09-07,143133.59384890745,-0.11577232171033058,0.010924227386950758
2022-09-08,143915.6915509338,-0.11094080440777154,0.00546411000377689
2022-09-09,144447.76805850217,-0.10765382779865851,0.003697140331497817
2022-09-12,144100.21746035764,-0.10980086994454308,-0.0024060641629559676
2022-09-13,146206.5156476135,-0.09678892001845507,0.014616898047605797
2022-09-14,147897.39000674436,-0.08634330855402095,0.011564972680192964
2022-09-15,148973.9453503723,-0.0796927382270346,0.007279069249152004
2022-09-16,148486.59270449827,-0.08270342696181487,-0.0032713951740206415
2022-09-19,148450.86896487424,-0.08292411533061883,-0.00024058562442141884
2022-09-20,151593.27786105344,-0.06351144743213488,0.021168006075617862
2022-09-21,147961.03005831907,-0.08595016328646388,-0.023960480662365558
2022-09-22,149007.52599948118,-0.079485289097878,0.0070727808582411456
2022-09-23,145265.0789779968,-0.10260477594889916,-0.025115825501977662
2022-09-26,137715.40408175657,-0.14924394237960537,-0.0519717123300073
2022-09-27,136687.3975491638,-0.15559459567585843,-0.007464717105883589
2022-09-28,136268.59499789428,-0.15818180666953852,-0.003063944143928077
2022-09-29,135249.89347506713,-0.16447497697413138,-0.007475688164561234
2022-09-30,141184.1421425552,-0.12781533069161344,0.04387617997334714
2022-10-03,137581.34088065336,-0.1500721364454981,-0.02551845559442556
2022-10-04,140710.23215323637,-0.13074297554636372,0.022742119335042776
2022-10-06,141455.82882529448,-0.12613694843179002,0.005298809195667609
2022-10-07,142743.6470507736,-0.11818127227671094,0.009104030821307951
2022-10-10,140528.8935641403,-0.13186321989508032,-0.015515601096037002
2022-10-11,139271.4426898117,-0.13963129751593994,-0.008947988149886621
2022-10-12,137890.09513274382,-0.14816476412187574,-0.009918383341116388
2022-10-13,137916.44571868132,-0.14800197971327855,0.00019109846803821995
2022-10-14,138975.84486571501,-0.14145739417626968,0.0076814562724059066
2022-10-17,142845.395936882,-0.11755270438490517,0.02784333547247675
2022-10-18,144931.6451281662,-0.1046646099191838,0.014604945280882742
2022-10-19,147089.3956698532,-0.0913348059193051,0.014888056640624425
2022-10-20,147041.44194213103,-0.09163104674012779,-0.0003260175725366965
2022-10-21,145734.8457202072,-0.09970272657926704,-0.008885904576738657
2022-10-24,147590.14182463835,-0.08824137692089995,0.012730627978932985
2022-10-25,149444.99441710662,-0.07678276711935261,0.01256759136848129
2022-10-27,150504.94585601042,-0.07023476972252163,0.007092585757308534
2022-10-28,148464.59449187468,-0.08283932397908111,-0.013556706409421082
2022-10-31,148322.99504271697,-0.08371407426522282,-0.000953759040277169
2022-11-01,145772.99411956023,-0.09946705953784551,-0.01719221569401519
2022-11-02,147519.94652739714,-0.08867501813004874,0.01198406068550728
2022-11-03,147475.39614287566,-0.0889502343250248,-0.00030199566614685924
2022-11-04,148187.69510070037,-0.08454990847007315,0.004829951140694844
2022-11-07,147141.84330168914,-0.0910108033809559,-0.007057615669779693
2022-11-09,146379.34366790007,-0.09572125089192773,-0.005182072051562403
2022-11-10,144176.1952075119,-0.10933150684702453,-0.015050951897875753
2022-11-11,147054.83855040738,-0.0915482873297433,0.019966148633290492
2022-11-14,146389.49013121793,-0.09565856970394704,-0.004524491854522639
2022-11-15,150410.03808959195,-0.0708210756462061,0.027464730936422876
2022-11-16,150352.48954375455,-0.0711765897900658,-0.00038261107149728524
2022-11-17,150022.48911650846,-0.07321521331492775,-0.0021948451152853377
2022-11-18,149272.63954528043,-0.07784751330547612,-0.004998247767011077
2022-11-21,146668.78979857633,-0.09393315717307671,-0.017443583463359613
2022-11-22,149613.98956664273,-0.07573877608483504,0.020080616824554864
2022-11-23,149764.69001372525,-0.07480780311854696,0.0010072617374821125
2022-11-24,149780.93992217252,-0.07470741704961392,0.00010850293514286236
2022-11-25,150202.08813079068,-0.07210571543150612,0.0028117610213755917
2022-11-28,151773.68845732877,-0.06239693588810291,0.010463238867688629
2022-11-29,149689.68850310514,-0.07527113537913321,-0.013730969942194915
2022-11-30,152364.039714653,-0.05874995890944745,0.01786596817917996
2022-12-01,153297.1566891403,-0.05298549905249339,0.006124259872833937
2022-12-02,154185.90632292937,-0.047495124611845574,0.005797561109311955
2022-12-05,153982.05686614226,-0.04875443297579085,-0.001322101751376481
2022-12-06,152875.40929839324,-0.05559090220151697,-0.007186860536036566
2022-12-07,151729.25933501433,-0.06267140296893381,-0.007497281404766465
2022-12-08,155561.5577969284,-0.038996846351090575,0.02525747821290314
2022-12-09,153341.56032988738,-0.05271118938758801,-0.014270861634974263
2022-12-12,153249.20823332976,-0.05328170730534898,-0.0006022639678305852
2022-12-13,158712.60961577605,-0.01953078559605015,0.03565043790717648
2022-12-14,158178.55614897917,-0.02282997514568752,-0.0033649088631946267
2022-12-15,155117.00890776824,-0.041743108927039474,-0.019355008136042406
2022-12-16,152210.86018035124,-0.05969624678174179,-0.018735203494962827
2022-12-19,155985.2577023239,-0.036379381271335,0.02479716307693458
2022-12-20,157126.85708281706,-0.02932699236243952,0.007318636371853371
2022-12-21,150024.95897338103,-0.07319995543067137,-0.04519849910631657
2022-12-22,141336.3081524582,-0.1268753040072199,-0.0579147021960823
2022-12-23,129780.55244422148,-0.1982625916873072,-0.08176070154437332
2022-12-26,131857.7455233116,-0.1854304426138894,0.01600542639069813
2022-12-27,132327.7985628624,-0.18252662460262825,0.003564849661923608
2022-12-28,131924.32291833113,-0.18501915149877324,-0.0030490618669181124
2022-12-29,134054.6716121788,-0.17185862622406523,0.016148263236995808
2022-12-30,135234.55027428817,-0.16456976173036864,0.008801473666824267
2023-01-02,136553.34190026473,-0.15642274308696003,0.00975188384404535
2023-01-03,136154.0217708702,-0.15888959871053632,-0.0029242794342315692
2023-01-04,135621.38248864363,-0.1621800519383525,-0.003912034880048765
2023-01-05,136182.11066857527,-0.1587160756392879,0.0041345116060780285
2023-01-06,135344.84324303817,-0.16388841158001577,-0.006148145460711518
2023-01-09,134018.01975884626,-0.17208504814435488,-0.0098032806599756
2023-01-10,132948.24803033064,-0.1786937117457441,-0.007982297682360806
2023-01-11,131381.86529412458,-0.1883702588993812,-0.011781898290594284
2023-01-12,130067.61022950363,-0.19648925230422054,-0.010003321704093127
2023-01-13,128103.2439117546,-0.20862439837123803,-0.015102655567230783
2023-01-16,126538.51007081222,-0.21829075924511,-0.01221463089584418
2023-01-17,125863.52617951584,-0.2224605660880371,-0.005334217155857468
2023-01-18,125053.27585908127,-0.22746600010534823,-0.006437530752784859
2023-01-19,125583.15861817551,-0.2241925756824681,0.004237256125072308
2023-01-20,125386.69111939622,-0.22540628097438142,-0.0015644414501202464
2023-01-23,124408.3070785637,-0.23145038442792998,-0.007802933725245875
2023-01-24,123099.84137726974,-0.23953361323582356,-0.010517510703426436
2023-01-25,123641.68651124192,-0.23618628957880328,0.0044016720729278536
2023-01-27,120960.95302125168,-0.2527468934610031,-0.021681469782818708
2023-01-30,122881.57015534592,-0.24088201405920318,0.015877992741647917
2023-01-31,126613.83576508713,-0.21782542429491947,0.030372867184419228
2023-02-01,122837.38621827317,-0.24115496647411128,-0.029826515593608605
2023-02-02,121942.43729706955,-0.24668363787475434,-0.007285639565900226
2023-02-03,119705.70421143723,-0.26050136752213615,-0.01834253222430937
2023-02-06,117117.09270196152,-0.2764928750604281,-0.021624796633779697
2023-02-07,118121.85768609238,-0.2702857996614646,0.008579148960671246
2023-02-08,118142.72575860214,-0.270156884241894,0.00017666563088791776
2023-02-09,117279.62535577011,-0.2754888069918576,-0.007305573807358967
2023-02-10,118442.17586236191,-0.2683069895882978,0.009912638304097277
2023-02-13,118084.47493462753,-0.2705167368065958,-0.003020046914285368
2023-02-14,118988.86015343858,-0.26492977136539453,0.007658798663513711
2023-02-15,116731.76179528428,-0.27887331031550966,-0.01896898882167386
2023-02-16,116935.49598717882,-0.27761471401646554,0.0017453192581109445
2023-02-17,116490.36299157335,-0.28036458499119865,-0.003806654188684311
2023-02-20,115339.8037191124,-0.2874723248785708,-0.009876862282111487
2023-02-21,115854.4507680626,-0.28429302117358424,0.004462007324058881
2023-02-22,112491.95296380235,-0.3050653189044278,-0.029023466789306784
2023-02-23,113346.92872521593,-0.2997835872565332,0.007600328191374572
2023-02-24,113463.8776921959,-0.29906111875161856,0.0010317788783098525
2023-02-27,108906.20118615343,-0.3272167990986615,-0.04016852410426619
2023-02-28,110885.61517403796,-0.31498869395704954,0.018175402009488195
2023-03-01,111810.44072243884,-0.3092754555376418,0.00834035638391284
2023-03-02,110821.70234200671,-0.3153835243638061,-0.008842987953930015
2023-03-03,112384.67355630115,-0.30572805236113976,0.014103475955196565
2023-03-06,115554.60988900378,-0.28614532989592645,0.02820612662201305
2023-03-08,117924.76645943835,-0.2715033581190516,0.020511138177102817
2023-03-09,119946.16590401843,-0.25901588198075354,0.01714143267161239
2023-03-10,119835.50376412585,-0.25969951273717173,-0.0009225983928584647
2023-03-13,117413.23066231921,-0.27466344163324163,-0.020213317637270856
2023-03-14,113375.92141933825,-0.2996044808572472,-0.03438547104280165
2023-03-15,114767.2628652611,-0.29100927561329015,0.012271930657804964
2023-03-16,113506.83104916003,-0.29879576841643996,-0.010982503064317584
2023-03-17,113652.47553638843,-0.29789602934516635,0.0012831341152086395
2023-03-20,111786.20431141285,-0.3094251793367536,-0.016420858552949502
2023-03-21,111538.09309009937,-0.3109579209055233,-0.0022195155729797245
2023-03-22,112870.69546131519,-0.3027255844630574,0.011947509001605017
2023-03-23,113510.927318615,-0.29877046314230815,0.005672259346707342
2023-03-24,111944.83712391285,-0.3084452030801279,-0.013796823193121033
2023-03-27,112176.36568836597,-0.30701490317988056,0.002068237985793253
2023-03-28,111523.46546558765,-0.3110482850898709,-0.005820301083671486
2023-03-29,114366.55495472338,-0.29348470444784514,0.025493195331282248
2023-03-31,116234.89398975756,-0.2819427802720983,0.01633641090066784
2023-04-03,118176.84406299975,-0.26994611367243193,0.016707117859231735
2023-04-05,118558.10422535327,-0.2675908260064347,0.0032261833134608064
2023-04-06,119902.83428211596,-0.25928356910018546,0.01134237145194783
2023-04-10,117928.04297657397,-0.27148311697885663,-0.016469930151071788
2023-04-11,117209.4681627312,-0.27592221280699847,-0.00609333281300628
2023-04-12,117680.18599720385,-0.2730142879326698,0.0040160393341186484
2023-04-13,119808.94571705248,-0.2598635787657826,0.018089363997939367
2023-04-17,120225.6774217644,-0.257289160714657,0.003478302076842299
2023-04-18,119324.65493030932,-0.2628553524400399,-0.007494426405219579
2023-04-19,119590.82413502123,-0.26121105516791887,0.0022306304163826063
2023-04-20,120208.70581837084,-0.2573940051544702,0.00516663120116978
2023-04-21,119449.07712574389,-0.2620867170272174,-0.0063192485723514435
2023-04-24,119939.79497547534,-0.2590552392776867,0.00410817614953074
2023-04-25,118030.2760545769,-0.27085155792429705,-0.01592064519777514
2023-04-26,117597.6999966946,-0.2735238566702415,-0.003664958452543776
2023-04-27,118620.9614999142,-0.26720251645272286,0.008701373438837479
2023-04-28,119839.84095357326,-0.2596727191462874,0.010275413706370529
2023-05-02,121067.0395028439,-0.2520915294699667,0.010240321912193151
2023-05-03,121052.31962560085,-0.25218246355838947,-0.00012158451469113096
2023-05-04,122336.63830159573,-0.24424840635685097,0.010609616403610467
2023-05-05,122466.09909222988,-0.24344864432158186,0.0010582340043951977
2023-05-08,123520.65981839565,-0.23693394880225227,0.008611042026998694
2023-05-09,119404.68700955776,-0.262360943142267,-0.03332214072438844
2023-05-10,118465.93223309901,-0.2681602313048187,-0.007861959190794687
2023-05-11,119287.28414500621,-0.2630862156625431,0.0069332330099007855
2023-05-12,119461.91561473277,-0.26200740547633594,0.0014639571265138152
2023-05-15,118511.6450611439,-0.26787783395334264,-0.007954589951943425
2023-05-16,118500.44694102672,-0.26794701189743086,-9.448961839497727e-05
2023-05-17,118761.00373423961,-0.2663373860777337,0.0021987832108563143
2023-05-18,119402.88514293102,-0.26237207442389776,0.005404816299193538
2023-05-19,117623.76478160289,-0.273362837837242,-0.01490014549647134
2023-05-22,118296.80594981578,-0.2692050324362928,0.005721982878736709
2023-05-23,117056.76028849986,-0.27686558693362495,-0.010482494868390368
2023-05-24,115308.04091288951,-0.28766854403053355,-0.014939072047615465
2023-05-25,117198.00516322521,-0.27599302708034157,0.01639056769478464
2023-05-26,117937.96188929943,-0.27142184151630067,0.0063137314073191675
2023-05-29,118969.09116176037,-0.2650518970603045,0.008742980257949506
2023-05-30,121768.61084559826,-0.24775747494875422,0.023531487519152572
2023-05-31,124672.31072047619,-0.2298194652211174,0.023846045829986506
2023-06-01,125627.09503749279,-0.223921152342911,0.007658351012337361
2023-06-02,127810.58405116467,-0.21043234535348998,0.01738071721725487
2023-06-05,127715.84096339611,-0.21101763395191664,-0.0007412773243460347
2023-06-06,129832.35143092541,-0.1979425962444532,0.0165720278045689
2023-06-07,131078.94232753187,-0.19024160764601883,0.009601542934926321
2023-06-08,130254.90253260998,-0.19533222805935968,-0.006286591730827573
2023-06-09,132905.37315944105,-0.17895857722228403,0.020348336801891298
2023-06-12,135028.21233180433,-0.16584444306072177,0.01597256094241284
2023-06-13,137826.42406276136,-0.1485581010099598,0.020723163571780168
2023-06-14,137482.7409572926,-0.15068125118207665,-0.002493593719824383
2023-06-15,136477.53264430433,-0.15689106530670038,-0.007311523657362429
2023-06-16,136058.97267726331,-0.1594767777025783,-0.0030668781808350642
2023-06-19,138697.96193507581,-0.14317405461906418,0.019395922267267718
2023-06-20,138716.6322841969,-0.1430587159413137,0.00013461156069349833
2023-06-21,137986.5008755055,-0.14756920424104203,-0.0052634741535214635
2023-06-22,136670.56261256605,-0.15569859583753742,-0.009536717393295757
2023-06-23,134714.17140773206,-0.1677844745356073,-0.014314649529759915
2023-06-26,137944.56166652113,-0.14782828953606164,0.02397958748535678
2023-06-27,142852.242666277,-0.1175104077620509,0.03557719811832882
2023-06-28,142284.3288784352,-0.12101877415311724,-0.003975532880981958
2023-06-30,141365.1908779469,-0.12669687695445875,-0.0064598681227472365
2023-07-03,144452.62996486097,-0.10762379269609379,0.021840164949656682
2023-07-04,144016.2709865895,-0.11031946095874601,-0.003020775588354674
2023-07-05,146584.54388118174,-0.09445359804191866,0.017833213407056014
2023-07-06,148243.64458918956,-0.08420427272532605,0.0113183877650338
2023-07-07,147062.41689753917,-0.09150147103659079,-0.00796815064095191
2023-07-10,150097.39513850596,-0.07275247094858506,0.020637347766977898
2023-07-11,156852.9923064747,-0.031018830098353045,0.04500809065830125
2023-07-12,161721.34075618174,-0.0009439306213396836,0.03103765110323664
2023-07-13,160361.94082332042,-0.00934181272698964,-0.008405816613348605
2023-07-14,160300.48931575206,-0.009721437959637091,-0.00038320506257816245
2023-07-17,166301.84087825206,0.0,0.03743813626594017
2023-07-18,168423.26775813487,0.0,0.012756484646708754
2023-07-19,173466.46523738292,0.0,0.0299435912055237
2023-07-20,177499.64025569346,0.0,0.023250459463685313
2023-07-21,180215.96603083995,0.0,0.015303274819225221
2023-07-24,180436.51864314463,0.0,0.001223823932819279
2023-07-25,182205.0143706837,0.0,0.009801207321211258
2023-07-26,183592.7165191212,0.0,0.007616157838632898
2023-07-27,185056.59603572276,0.0,0.007973516293872773
2023-07-28,181614.2668731251,-0.018601494009611863,-0.018601494009611863
2023-07-31,179763.3348699513,-0.028603472014311015,-0.01019155617585299
2023-08-01,181235.16330012708,-0.02065007580090794,0.00818758970643585
2023-08-02,177474.25851497083,-0.040973073552526884,-0.02075151817491483
2023-08-03,177283.73855647474,-0.04200259620979718,-0.001073507561548781
2023-08-04,178794.25964412122,-0.03384011446094404,0.008520358945190543
2023-08-07,179155.91030940443,-0.03188584385924442,0.00202271966674461
2023-08-08,179159.08456477552,-0.03186869096959288,1.7717837863084895e-05
2023-08-09,179361.8368230763,-0.0307730679945456,0.0011316884030374563
2023-08-10,177856.13671931654,-0.03890949834080093,-0.008394762957545931
2023-08-11,176840.48877009779,-0.0443978082469374,-0.005710502701526621
2023-08-14,176022.88812312513,-0.04881591959496434,-0.004623379253580251
2023-08-16,181328.01646836667,-0.020148320282711407,0.030138855246657936
2023-08-17,178805.89300568966,-0.033777250657017754,-0.013909176925877786
2023-08-18,175203.76633485226,-0.05324225081373779,-0.020145458353113543
2023-08-21,180417.0641921368,-0.025070880708787824,0.029755626641728705
2023-08-22,181148.08965524106,-0.021120600206691487,0.004051864308831421
2023-08-23,185594.19234689145,0.0,0.024544021966293794
2023-08-24,190079.54115708737,0.0,0.024167506286039586
2023-08-25,192438.0897353497,0.0,0.012408219021915468
2023-08-28,191642.08958848385,-0.004136396011623966,-0.004136396011623966
2023-08-29,190600.09040673642,-0.009551120212952569,-0.005437214674422153
2023-08-30,193237.39034493832,0.0,0.01383682417240184
2023-08-31,196732.28757508664,0.0,0.01808602995470876
2023-09-01,198178.8912852612,0.0,0.007353158589295861
2023-09-04,197054.61815865902,-0.0056730215781855,-0.0056730215781855
2023-09-05,195326.81024117855,-0.014391447169705529,-0.008768167595490373
2023-09-06,193322.38245911984,-0.024505681683075098,-0.010261918369443346
2023-09-07,197260.98379464535,-0.004631711705837538,0.020373229863119402
2023-09-08,201223.83692689327,0.0,0.02008939150568856
2023-09-11,205977.709649519,0.0,0.023624799105450345
2023-09-12,193756.16331239132,-0.05933431514469811,-0.05933431514469811
2023-09-13,191185.46492335707,-0.07181478399449948,-0.013267698663549266
2023-09-14,193934.2165407887,-0.0584698855484066,0.014377408965339233
2023-09-15,198952.56553981215,-0.03410633180483691,0.025876552825674137
2023-09-18,196660.23894069105,-0.04523533505000166,-0.011521975566896492
2023-09-20,197590.88722560316,-0.04071713603470217,0.004732264589553337
2023-09-21,193858.6787218037,-0.05883661367211246,-0.018888565946556746
2023-09-22,193194.4053071919,-0.06206159085892604,-0.0034265858974777963
2023-09-25,192958.6319993916,-0.06320624533732311,-0.001220394076243525
2023-09-26,196406.15354480175,-0.0464688927797271,0.017866635504655948
2023-09-27,197953.8511537495,-0.038954984543825066,0.00788008716129518
2023-09-28,195235.40442218212,-0.052152755973524645,-0.013732729703025526
2023-09-29,195393.5773118916,-0.051384843319390305,0.000810164991219775
2023-10-03,194584.55545367626,-0.0553125588940121,-0.004140473138090628
2023-10-04,192314.17370849045,-0.06633502219379817,-0.01166784146815969
2023-10-05,196125.9247613469,-0.047829373891647764,0.019820437461017804
2023-10-06,195529.60146575363,-0.05072446043575951,-0.003040512345927171
2023-10-09,187939.9028573552,-0.08757164463502387,-0.038816110458485986
2023-10-10,188893.68132632645,-0.08294115102193267,0.0050749120036268636
2023-10-11,188517.30871055037,-0.08476840027340027,-0.001992510353619914
2023-10-12,191126.15889212996,-0.07210270850501099,0.013838783289576995
2023-10-13,191420.25783774763,-0.07067488922243859,0.0015387686715540028
2023-10-16,191797.08526084333,-0.06884543192952619,0.001968586958100982
2023-10-17,193332.76154563337,-0.061389885951259604,0.008006775925199827
2023-10-18,194521.95852897078,-0.05561646034437773,0.00615103707116238
2023-10-19,192208.61255881697,-0.06684751041329096,-0.011892466987521444
2023-10-20,193487.33674094587,-0.06063943972299768,0.006652793363968623
2023-10-23,180776.56084678083,-0.12234891263534842,-0.06569306347517256
2023-10-25,180158.980236353,-0.12534720119520604,-0.0034162648494638903
2023-10-26,177550.38137221726,-0.13801167284398008,-0.014479427340860163
2023-10-27,180755.45758223924,-0.12245136675321155,0.01805164362504441
2023-10-30,181907.93199324998,-0.11685622535188356,0.006375876150164883
2023-10-31,185647.48352981004,-0.09870109806688221,0.020557385791724725
2023-11-01,187718.90806746873,-0.0886445509716488,0.011157837953273742
2023-11-02,186467.93347335252,-0.09471790034641758,-0.006664084119147984
2023-11-03,191298.17981124314,-0.07126756513243004,0.02590389804786941
2023-11-06,194528.23137069138,-0.05558600636112254,0.01688490482573002
2023-11-07,196553.73230147752,-0.04575241352123416,0.010412375193636247
2023-11-08,199554.0576798955,-0.031186151067286172,0.015264657370209767
2023-11-09,196959.10920882615,-0.04378435150113302,-0.013003736938448474
2023-11-10,198233.05673385056,-0.037599470975992255,0.006468081268958814
2023-11-13,201020.01141524705,-0.024069100693991152,0.014058980511702845
2023-11-15,204124.65939498338,-0.00899636304184892,0.015444472208903992
2023-11-16,202626.93164229783,-0.01626767290947495,-0.007337319053585922
2023-11-17,212368.05552840623,0.0,0.048074181487901324
2023-11-20,211108.68115401658,-0.005930149764078796,-0.005930149764078796
2023-11-21,214307.00831771287,0.0,0.01515014515846902
2023-11-22,213549.5808122197,-0.00353431048027264,-0.00353431048027264
2023-11-23,214853.6303269902,0.0,0.006106542142628735
2023-11-24,216408.2588517705,0.0,0.00723575637243945
2023-11-28,215376.75621199998,-0.004766466147103188,-0.004766466147103188
2023-11-29,216967.58133101853,0.0,0.007386243283619143
2023-11-30,219562.3825700322,0.0,0.011959396067815709
2023-12-01,220621.2854936162,0.0,0.004822788453965776
2023-12-04,224069.03207564744,0.0,0.015627443083369164
2023-12-05,223056.25833297166,-0.004519918407706824,-0.004519918407706824
2023-12-06,223144.85737777146,-0.004124508814604799,0.00039720492696315723
2023-12-07,223079.7299668828,-0.004415166610041155,-0.0002918615811002834
2023-12-08,222013.22973800095,-0.00917486150853919,-0.004780802940007822
2023-12-11,227718.1036851445,0.0,0.025696099074257406
2023-12-12,224025.83371138963,-0.01621421360007469,-0.01621421360007469
2023-12-13,225330.35911727342,-0.010485528068389871,0.005823102560414517
2023-12-14,226228.55511641892,-0.0065411952085510094,0.003986129532940641
2023-12-15,230057.33308577928,0.0,0.016924379715858695
2023-12-18,228929.781312708,-0.004901177275887458,-0.004901177275887458
2023-12-19,229084.65515304002,-0.00422798056333451,0.0006765124198520045
2023-12-20,220828.53357100877,-0.040115215589887177,-0.0360396097962814
2023-12-21,227420.58780723007,-0.011461252911099673,0.029851460450429412
2023-12-22,229617.8391500035,-0.0019103669936567647,0.009661620189971076
2023-12-26,230898.9371114293,0.0,0.005579261464040197
2023-12-27,231301.40869956405,0.0,0.0017430638406989996
2023-12-28,228773.43894248398,-0.01092933143508712,-0.01092933143508712
2023-12-29,232787.3120809117,0.0,0.01754518862409049
2024-01-01,234611.16312461288,0.0,0.007834838709195768
2024-01-02,234845.76670127304,0.0,0.0009999676636680555
2024-01-03,234478.51337485702,-0.0015638064572105481,-0.0015638064572105481
2024-01-04,236825.55771689804,0.0,0.010009635033333852
2024-01-05,236626.23831992538,-0.0008416295897037962,-0.0008416295897037962
2024-01-08,238762.18482261093,0.0,0.009026668039229468
2024-01-09,240808.88877158554,0.0,0.00857214449807131
2024-01-10,239925.1107869664,-0.0036700388807384687,-0.0036700388807384687
2024-01-11,244498.56205039413,0.0,0.01906199500513539
2024-01-12,245740.08271079452,0.0,0.005077823975686568
2024-01-15,246438.68476157577,0.0,0.002842849416647253
2024-01-16,243530.56006675155,-0.011800601426021129,-0.011800601426021129
2024-01-17,242742.93854575546,-0.01499661556543308,-0.003234179401468973
2024-01-18,240942.2625508824,-0.02230340669124664,-0.00741803656848139
2024-01-19,245097.03479819687,-0.005444153237049276,0.017243850054894594
2024-01-23,241390.3359456578,-0.020485212460868873,-0.015123393294378285
2024-01-24,246813.23581748398,0.0,0.022465273311716105
2024-01-25,252267.91550498398,0.0,0.022100434239003652
2024-01-29,249016.76261191757,-0.012887698725215668,-0.012887698725215668
2024-01-30,249830.1625447789,-0.009663349202871263,0.0032664465007481436
2024-01-31,249836.83670859726,-0.009636892553380183,2.671480397076209e-05
2024-02-01,250672.7412053624,-0.006323334049153195,0.0033458016350891295
2024-02-02,248814.16549125107,-0.013690801728865387,-0.007414351098465444
2024-02-05,248356.71044364365,-0.015504171640341013,-0.0018385410119404755
2024-02-06,250342.84020438584,-0.00763107467211821,0.00799708514899522
2024-02-07,249153.21514335068,-0.012346795490811302,-0.004751983560080775
2024-02-08,249272.41143241318,-0.011874296684041163,0.0004784055826609901
2024-02-09,247854.4663640538,-0.01749508704702074,-0.00568833534449853
2024-02-12,237632.05534911546,-0.05801712883927712,-0.04124360220292922
2024-02-13,235751.5701670781,-0.0654714465168661,-0.007913432298831236
2024-02-14,243974.80020858202,-0.032874237216417246,0.03488091313952246
2024-02-15,255859.49816085253,0.0,0.04871280944634404
2024-02-16,259091.60007430468,0.0,0.012632331168805022
2024-02-19,266063.42601729784,0.0,0.026908730120905888
2024-02-20,265433.4761271611,-0.002367668114202859,-0.002367668114202859
2024-02-21,258657.80521346483,-0.027834042862214137,-0.025526813771034162
2024-02-22,259172.20056868944,-0.025900686733848044,0.00198870996682321
2024-02-23,259911.57540084276,-0.02312174472283579,0.0028528323274292777
2024-02-26,259533.85401107225,-0.024541411436989735,-0.0014532688249377923
2024-02-27,258991.47215987596,-0.026579954874978218,-0.002089830836377704
2024-02-28,254424.89861251268,-0.043743432079343725,-0.017632138654141927
2024-02-29,257955.41046187794,-0.030473995155173128,0.013876440036406201
2024-03-01,259229.70959517872,-0.02568453892522171,0.00493999769579978
2024-03-04,257767.6323246709,-0.031179759716721045,-0.00564008374190994
2024-03-05,254330.65658614552,-0.04409764095268598,-0.01333362031349361
2024-03-06,245943.53765914356,-0.07562064677332314,-0.03297722358594668
2024-03-07,245623.15065200243,-0.07682482207820063,-0.0013026852024270452
2024-03-11,239563.92381484422,-0.0995984401130382,-0.0246687937235317
2024-03-12,234197.04513198292,-0.11976986601399009,-0.02240269986147536
2024-03-13,220350.17024245654,-0.17181337720528822,-0.05912489152765743
2024-03-14,219905.34985091604,-0.17348523567226737,-0.002018697743918496
2024-03-15,215549.06947371876,-0.18985832551180837,-0.019809797170239896
2024-03-18,215161.52161483205,-0.1913149250327869,-0.0017979565387730156
2024-03-19,212462.91977767384,-0.20145762625840657,-0.012542213946548753
2024-03-20,211043.978805689,-0.20679071917247205,-0.006678534651927359
2024-03-21,213762.07975783743,-0.1965747304782135,0.012879310594551718
2024-03-22,214675.4811860601,-0.19314170910471862,0.00427298157492384
2024-03-26,216586.47889724173,-0.18595921980212127,0.008901797730339611
2024-03-27,218246.45004027762,-0.17972021443455155,0.007664241791489834
2024-03-28,221118.49618895928,-0.16892562236425723,0.013159646574556483
2024-04-01,227873.70117553155,-0.14353616885051845,0.030550157960551383
2024-04-02,229214.9004553167,-0.13849526826579117,0.005885713326576614
2024-04-03,234437.05157836358,-0.11886780123201945,0.022782773339226736
2024-04-04,235816.0516699163,-0.11368482620912734,0.005882176397751682
2024-04-05,239203.64844115655,-0.10095253593552922,0.01436542062022994
2024-04-08,243480.99609740655,-0.08487611490961977,0.017881615452459254
2024-04-09,243268.10296996514,-0.08567627421985724,-0.0008743726650282113
2024-04-10,244580.6016271917,-0.08074324499117536,0.005395276409865479
2024-04-12,246590.95203002373,-0.07318733836798796,0.008219582376759238
2024-04-15,243251.19281371514,-0.08573983108110317,-0.01354372165245532
2024-04-16,245706.44903930108,-0.0765117448975241,0.010093501278187755
2024-04-18,245034.5086181585,-0.07903723451930655,-0.0027347284687473383
2024-04-19,255728.71079711357,-0.038843050978048965,0.043643657537314695
2024-04-22,259049.71281127373,-0.02636105725244675,0.01298642613810741
2024-04-23,267370.38093261165,0.0,0.03211996659266636
2024-04-24,267373.2349060003,0.0,1.06742316734465e-05
2024-04-25,267002.00382689876,-0.001388437699203826,-0.001388437699203826
2024-04-26,264487.8099487249,-0.010791749437036202,-0.009416385802871408
2024-04-29,260723.85641845147,-0.02486927492905766,-0.014231104000608452
2024-04-30,260338.20926268975,-0.02631163005445869,-0.0014791402714708912
2024-05-02,261637.21026976983,-0.02145324919394831,0.00498966713629545
2024-05-03,259768.98196776788,-0.028440591448526398,-0.0071405298201874245
2024-05-06,258417.88067992608,-0.033493832055488504,-0.00520116481039079
2024-05-07,251756.28540404717,-0.05840879887414141,-0.025778383672025784
2024-05-08,256425.38495238702,-0.04094594568324017,0.018546109150150203
2024-05-09,249471.65536864678,-0.0669535211467488,-0.02711794538216805
2024-05-10,251631.47870238702,-0.0588755871886264,0.008657590099959922
2024-05-13,243435.71798429696,-0.08952847105327877,-0.03257049062523476
2024-05-14,253317.24105940072,-0.052570684016076674,0.040591919529824994
2024-05-15,254175.06789884774,-0.04936233431065984,0.0033863736864474525
2024-05-16,256084.27006635873,-0.04222174610562801,0.007511366804358488
2024-05-17,263053.520100691,-0.01615612275786682,0.027214674421534468
2024-05-21,269623.34620771615,0.0,0.024975244978703737
2024-05-22,265975.9948022291,-0.013527580073415257,-0.013527580073415257
2024-05-23,277019.691388838,0.0,0.04152140344402366
2024-05-24,277015.1714265272,-1.631639356802772e-05,-1.631639356802772e-05
2024-05-27,278288.6686265394,0.0,0.0045972110244147935
2024-05-28,274906.4189584181,-0.012153745550668726,-0.012153745550668726
2024-05-29,280976.29191374034,0.0,0.022079778923752125
2024-05-30,273227.9736370115,-0.027576413027429303,-0.027576413027429303
2024-05-31,274447.23179283424,-0.02323704991775788,0.0044624206650325515
2024-06-03,283363.6640590696,0.0,0.03248869448596192
2024-06-04,238306.36351595438,-0.15900874479701332,-0.15900874479701332
2024-06-05,235157.05702791727,-0.17012275441604696,-0.013215368828479734
2024-06-06,238831.32356119668,-0.157156142957658,0.015624734293401277
2024-06-07,243778.82321024453,-0.13969624856549445,0.020715455474081157
2024-06-10,244405.59603739297,-0.13748434595889292,0.0025710716742934903
2024-06-11,248251.69511271035,-0.12391133162027379,0.015736542606532344
2024-06-12,252581.837645059,-0.10863011147256296,0.017442549709006716
2024-06-13,255764.817244058,-0.09739726830063278,0.01260177544306229
2024-06-14,260940.08158731973,-0.07913358456247044,0.020234465392960255
2024-06-18,260448.55648661172,-0.08086819334634598,-0.0018836703725928494
2024-06-19,256849.87423563516,-0.09356806530391071,-0.013817247826296009
2024-06-20,263139.60302591836,-0.07137139865941089,0.024487957445963104
2024-06-21,265521.17304850137,-0.06296675711692101,0.00905059517912421
2024-06-24,269759.275434976,-0.04801034977179597,0.015961447962195008
2024-06-25,266003.87087870156,-0.06126330007064429,-0.013921317627425323
2024-06-26,263252.8791947416,-0.07097164321017435,-0.01034192350236296
2024-06-27,259908.85412455117,-0.08277282132274044,-0.012702710338513223
2024-06-28,261351.28301859414,-0.07768244073766206,0.0055497489645033315
2024-07-01,262988.4516282133,-0.07190481707848373,0.006264245542282776
2024-07-02,264327.6502671293,-0.06717873957181775,0.005092233634689247
2024-07-03,264404.15063334024,-0.06690876717975058,0.0002894149217216313
2024-07-04,267644.0554184965,-0.05547503309138546,0.012253607885487128
2024-07-05,269388.4633317045,-0.04931895828553323,0.006517641165167731
2024-07-08,268017.87577677285,-0.05415580834350653,-0.005087773759799075
2024-07-09,266683.3913407377,-0.058865249268003295,-0.004979087429028861
2024-07-10,265751.16387796914,-0.06215511166396048,-0.0034956337478754262
2024-07-11,266015.69286966836,-0.06122157986277621,0.0009954010655648382
2024-07-12,264285.9563126615,-0.06732587895401843,-0.006502385398196475
2024-07-15,263578.6932206205,-0.06982183444072321,-0.0026761281677952775
2024-07-16,264615.45448160684,-0.06616306871848798,0.003933403145445213
2024-07-18,258624.6107773832,-0.08730495973728414,-0.022639810346527067
2024-07-19,251943.42903971233,-0.11088307713584422,-0.02583351103975895
2024-07-22,251918.52983377973,-0.110970947279729,-9.882855856768735e-05
2024-07-23,240023.87278020306,-0.15294759623743426,-0.04721628481011286
2024-07-24,252281.79342687054,-0.10968897771494002,0.051069589473262234
2024-07-25,249524.17745244427,-0.11942069820063872,-0.010930697522671728
2024-07-26,246280.02091039103,-0.13086943688358066,-0.013001371551145668
2024-07-29,255254.10294927043,-0.09919959640252074,0.03643853044069956
2024-07-30,259618.68114293498,-0.0837968516358003,0.01709895411370521
2024-07-31,259147.11089147013,-0.08546103907857183,-0.001816395682270766
2024-08-01,252934.61383641642,-0.10738515230488399,-0.02397285863493759
2024-08-02,252205.65993321818,-0.10995765540128055,-0.0028819855540598294
2024-08-05,237886.47663945597,-0.1604905398531744,-0.056775820564668567
2024-08-06,232987.3439854948,-0.17777974547602338,-0.02059441429025133
2024-08-07,241169.38351949138,-0.14890504991064224,0.03511795702733944
2024-08-08,239365.68285115642,-0.15527037086428064,-0.007478978641537126
2024-08-09,242243.52452321455,-0.14511436980601433,0.012022783039654206
2024-08-12,243951.1083822386,-0.13908824833876765,0.007049038203951641
2024-08-13,240106.88999844954,-0.15265462565307175,-0.015758150923281256
2024-08-14,235726.61683560774,-0.16811275849938012,-0.018243013196622915
2024-08-16,245661.7485799925,-0.13305134094827975,0.04214683890073134
2024-08-19,252340.60697843,-0.10948142269282823,0.02718721346340458
2024-08-20,251727.73173428938,-0.11164428025671436,-0.002428761868647711
2024-08-21,248203.49876309797,-0.12408141817591045,-0.014000177679713843
2024-08-22,246969.3187704222,-0.12843688131115039,-0.004972452035632902
2024-08-23,251688.4889669554,-0.11178276931622122,0.01910832576300714
2024-08-26,249196.8549032347,-0.12057583060018784,-0.009899674291611427
2024-08-27,250158.20265103743,-0.11718320172875163,0.003857784433820566
2024-08-28,250737.80848599836,-0.1151377530404536,0.002316957144793186
2024-08-29,243268.3493185179,-0.14149772827681073,-0.029789919647868257
2024-08-30,246664.2647302763,-0.1295134273854639,0.013959544763104681
2024-09-02,243930.48761540814,-0.13916101972566697,-0.011082988116894454
2024-09-03,244289.1019495146,-0.13789545755382937,0.00147014970376258
2024-09-04,241650.24320012494,-0.14720807975665195,-0.010802195956883143
2024-09-05,244034.5783441679,-0.1387936800065629,0.009866884934472742
2024-09-06,239568.54987126752,-0.15455444625628711,-0.018300801891287022
2024-09-09,241124.84430730267,-0.14906223030403032,0.006496238495710127
2024-09-10,248563.96575200482,-0.12280931792232352,0.030851741827239154
2024-09-11,248415.45914494916,-0.12333340278531679,-0.0005974583106057585
2024-09-12,251869.5058215849,-0.11114395468474558,0.013904314524243455
2024-09-13,257833.3223499052,-0.0900974434881755,0.023678199982434034
2024-09-16,256699.70845830365,-0.09409800543519087,-0.0043966927209786455
2024-09-17,256597.06041753216,-0.09446025385935752,-0.00039987595384494146
2024-09-18,252904.62940251752,-0.10749096839107297,-0.014389997332807991
2024-09-19,250533.13327824994,-0.11586005880406691,-0.009377037224941986
2024-09-20,254698.10971867963,-0.10116171540757035,0.01662445356400788
2024-09-23,251824.44825017377,-0.11130296438544496,-0.01128261796555885
2024-09-24,254761.05095708295,-0.1009395936383155,0.011661309008376364
2024-09-25,254121.67034184857,-0.1031959895575224,-0.002509726713845639
2024-09-26,251826.69643437787,-0.11129503046698874,-0.009031004338919457
2024-09-27,250706.6519708769,-0.11524770544110785,-0.004447679612049504
2024-09-30,245842.0201501982,-0.13241515645086266,-0.01940368068591891
2024-10-01,246069.00415898726,-0.13161412217025803,0.000923292155874611
2024-10-03,236916.42356206343,-0.16391389012856583,-0.037195178759736325
2024-10-04,235795.08532048628,-0.16787113088948213,-0.0047330540648795605
2024-10-07,226338.19772160932,-0.20124480859893457,-0.04010638129299182
2024-10-08,235072.91789037152,-0.1704196842917427,0.03859145410137832
2024-10-09,241143.51371556683,-0.14899634532782435,0.02582430966389082
2024-10-10,245509.11875707074,-0.13358997678018358,0.018103763083809232
2024-10-11,246520.11973363324,-0.13002211997709068,0.004117977294207487
2024-10-14,250712.81632787152,-0.11522595121579071,0.0170075229509401
2024-10-15,249862.46473485394,-0.11822687088501238,-0.0033917356339115967
2024-10-16,247176.06309300824,-0.12770727357096046,-0.010751521420780175
2024-10-17,245841.41898900433,-0.13241727796914504,-0.005399568579995129
2024-10-18,245768.3651865141,-0.13267508732071742,-0.00029715823635678706
2024-10-21,237517.96375829144,-0.1617910343339618,-0.03356982670231545
2024-10-22,224698.36344701215,-0.2070318394804076,-0.05397318210560731
2024-10-23,226015.27968968794,-0.20238439730729518,0.0058608181317989505
2024-10-24,223857.44602696825,-0.20999946563260408,-0.009547291075551745
2024-10-25,217692.8962833159,-0.23175437116758923,-0.027537836480586386
2024-10-28,220670.17620030808,-0.22124744916374495,0.01367651387722546
2024-10-29,224269.56478444504,-0.2085450845324539,0.016311169212416488
2024-10-30,221013.7215544646,-0.22003506593423916,-0.014517543800960153
2024-10-31,228706.69515538623,-0.19288630066658663,0.034807674142647516
2024-11-01,230906.05412755418,-0.18512468811308203,0.009616504539465609
2024-11-04,232659.91826329636,-0.1789352419765563,0.0075955744961686555
2024-11-05,232235.31340489793,-0.18043368695117357,-0.0018250021815873207
2024-11-06,236308.1209000151,-0.16606061089485824,0.017537416835553765
2024-11-07,236855.90544591355,-0.1641274606170433,0.0023180944599454634
2024-11-08,234246.1521500151,-0.17333736868540606,-0.011018316351391833
2024-11-11,231522.21684728074,-0.1829502289361351,-0.011628516745026074
2024-11-12,225583.45738683152,-0.20390831288867473,-0.02565092690161397
2024-11-13,218225.7201822417,-0.22987401752134784,-0.03261647502801035
2024-11-14,216480.32279576708,-0.23603358421198317,-0.007998128657873305
2024-11-18,217275.24918248583,-0.23322826197930258,0.003672049156489443
2024-11-19,223066.28538365773,-0.21279149842882594,0.026652995327176576
2024-11-21,224279.1865067046,-0.20851112914762537,0.005437402254494739
2024-11-22,227667.43418736866,-0.1965538879398827,0.015107276486232335
2024-11-25,227168.0323318999,-0.1983162940589842,-0.0021935585879961916
2024-11-26,223410.8808426421,-0.211575409343697,-0.01653908541043525
2024-11-27,228029.38242955616,-0.195276560293131,0.020672679725778798
2024-11-28,227591.73386998585,-0.19682103693244735,-0.0019192638900625836
2024-11-29,229499.27708287648,-0.19008925211019512,0.008381425724276692
2024-12-02,230052.2333817046,-0.18813785054053989,0.0024094032271329002
2024-12-03,231717.4286942046,-0.18226131969446469,0.007238335781496685
2024-12-04,235586.4805740874,-0.1686073041285301,0.0166972847130491
2024-12-05,243364.18003697804,-0.1411595384147536,0.033014201171211566
2024-12-06,249438.93223424366,-0.11972153147255327,0.024961570746946382
2024-12-09,252253.93296666554,-0.10978729822578437,0.011285330269848792
2024-12-10,251678.7286209624,-0.11181721390891597,-0.0022802591774818692
2024-12-11,251291.42796178273,-0.11318401109678311,-0.0015388692612278154
2024-12-12,251099.52989049366,-0.1138612259116264,-0.0007636475022070321
2024-12-13,255501.7315506499,-0.09832570665310003,0.01753170012734029
2024-12-16,262768.8320145171,-0.07267986215854172,0.02844247050602311
2024-12-17,262709.934309439,-0.07288771416128059,-0.00022414266040071684
2024-12-18,256336.77671666554,-0.09537880388492603,-0.02425929422701867
2024-12-19,258503.81105382374,-0.08773126606685744,0.008453856543392035
2024-12-20,251038.01845128468,-0.1140783018709356,-0.028880783506068264
2024-12-23,252213.96742589405,-0.10992833797731427,0.004684346147504348
2024-12-24,252204.11574132374,-0.10996310490695227,-3.9060820742231606e-05
2024-12-26,253416.2636905425,-0.1056853936017863,0.004806217954278047
2024-12-27,255162.11879308155,-0.09952421161560498,0.006889278048353598
2024-12-30,257001.76845128468,-0.09303202545506872,0.0072097287281696065
2024-12-31,257363.06496007374,-0.09175699779762803,0.0014058133178080912
2025-01-01,260299.01710851124,-0.08139592289345299,0.011407822442948357
2025-01-02,261070.76735265186,-0.07867239005552451,0.002964860385235024
2025-01-03,259596.16347081593,-0.08387631726592559,-0.005648291828261431
2025-01-06,253283.9699893706,-0.10615226256895316,-0.024315434392600088
2025-01-07,254245.369823355,-0.10275944988361185,0.0037957389645493222
2025-01-08,248314.11664952687,-0.12369104389557983,-0.02332885424009512
2025-01-09,245127.55646459037,-0.13493652307696224,-0.012832779013663753
2025-01-10,236930.99835912162,-0.16386245517445275,-0.03343793012783025
2025-01-13,222169.99797704152,-0.21595452714527197,-0.06230084068487529
2025-01-14,216281.9608817046,-0.23673361014763428,-0.02650239523315545
2025-01-15,218960.94718907765,-0.22727937642903517,0.012386545306190877
2025-01-16,217957.89962560107,-0.23081916536706737,-0.00458094274962384
2025-01-17,215509.8540933745,-0.23945840124212392,-0.011231735745443117
2025-01-20,213749.49911290576,-0.2456707537902677,-0.008168327095177896
2025-01-21,211340.94634801318,-0.2541706183473216,-0.011268109515523816
2025-01-22,207492.32639012745,-0.2677525289661914,-0.018210479438036775
2025-01-23,208493.98333348683,-0.26421764757381005,0.004827440902446023
2025-01-24,206015.08208836964,-0.272965774308226,-0.011889557700819453
2025-01-27,201050.2488315337,-0.2904868395913208,-0.02409936790310474
2025-01-28,199163.64678075246,-0.29714472234084643,-0.009383733975689257
2025-01-29,198979.48011754444,-0.29779465275383554,-0.0009247001959687973
2025-01-30,198979.48011754444,-0.29779465275383554,0.0
2025-01-31,198979.48011754444,-0.29779465275383554,0.0
2025-02-01,198979.48011754444,-0.29779465275383554,0.0
2025-02-03,198979.48011754444,-0.29779465275383554,0.0
2025-02-04,198979.48011754444,-0.29779465275383554,0.0
2025-02-05,199039.25894750052,-0.2975836912314591,0.00030042710897015823
2025-02-06,196474.91142186578,-0.30663336079353876,-0.012883626773907642
2025-02-07,195793.96348485406,-0.3090364492038784,-0.003465826410526285
2025-02-10,191596.56413182672,-0.3238492141607586,-0.021437838421162758
2025-02-11,187560.71354588922,-0.33809186802867364,-0.021064316075943057
2025-02-12,184691.16569432672,-0.3482185999125623,-0.015299301209261151
2025-02-13,182199.93984868462,-0.357010220581057,-0.013488603184005021
2025-02-14,174118.12032475884,-0.38553123632512587,-0.0443568726237652
2025-02-17,174078.5595544952,-0.38567084762777826,-0.00022720650894836325
2025-02-18,172497.21373891292,-0.39125147074977684,-0.009084092949926181
2025-02-19,172805.72933339534,-0.39016270873257586,0.0017885250885814052
2025-02-20,175217.6793150848,-0.3816508552819985,0.013957581099849126
2025-02-21,173340.5797057098,-0.38827520359288037,-0.010712957828870162
2025-02-24,170481.23683522642,-0.39836592175174534,-0.016495519256586322
2025-02-25,169745.02751515806,-0.4009640294608371,-0.004318418459035023
2025-02-27,170380.01631520689,-0.398723132406667,0.0037408388884447863
2025-02-28,162899.591628775,-0.42512180533204436,-0.04390435479588717
2025-03-03,163596.7096402496,-0.4226616521794182,0.0042794337573492935
2025-03-04,163384.00294469297,-0.42341230133644037,-0.0013001893254722674
2025-03-05,165053.70024083555,-0.41751988283709984,0.01021946620262315
2025-03-06,166607.71623204648,-0.41203570759405594,0.009415214496514945
2025-03-07,167804.8231961578,-0.4078110764364712,0.007185183202703671
2025-03-10,169406.76155065,-0.40215778154486415,0.009546438081935005
2025-03-11,169675.751785025,-0.4012085058666709,0.0015878364707100356
2025-03-12,171752.45179723203,-0.3938797609511826,0.012239226821509241
2025-03-13,170760.1022488922,-0.39738179623024716,-0.005777789708128256
2025-03-17,174461.2600247711,-0.3843202846628806,0.021674605057827145
2025-03-18,174461.2600247711,-0.3843202846628806,0.0
2025-03-19,177512.7625272125,-0.373551428632683,0.017491003458350196
2025-03-20,176738.78382848203,-0.37628282576258854,-0.004360129872982066
2025-03-21,179282.56208775938,-0.3673057458404886,0.014392869545520881
2025-03-24,180235.5453030914,-0.36394263568839313,0.005315537686624294
2025-03-25,176500.66801427305,-0.3771231445628118,-0.02072220150879578
2025-03-26,175220.83918736875,-0.38163970398532654,-0.0072511273827066125
2025-03-27,177647.00837682188,-0.3730776704673404,0.013846350700664978
2025-03-28,178658.51075719297,-0.36950804419316774,0.0056938891885278675
2025-04-01,176146.85371373594,-0.3783717672530639,-0.014058423709075396
2025-04-02,177551.57380650938,-0.37341446230912223,0.007974710096476212
2025-04-03,176016.86231969297,-0.37883051130013357,-0.008643750398342753
2025-04-04,173498.71363805234,-0.38771714357178466,-0.014306292297535661
2025-04-07,163124.49852712094,-0.4243281012447798,-0.05979419036255085
2025-04-08,167509.42154225765,-0.40885355891170694,0.026880836751860926
2025-04-09,165093.34213551937,-0.41737998524361175,-0.014423543371432257
2025-04-11,166827.4734636444,-0.4112601768557461,0.010503944651514274
2025-04-15,171829.1176897186,-0.3936092044112637,0.02998093852427841
2025-04-16,172155.6873308319,-0.39245672904997253,0.0019005489029104705
2025-04-17,173710.5659319061,-0.38696950962740706,0.009031816637496304
2025-04-21,177834.4145647186,-0.37241630766163614,0.0237397685666918
2025-04-22,177391.06800710142,-0.3739808927296948,-0.002493030152247888
2025-04-23,178566.63075124205,-0.3698322918565229,0.006626955671147794
2025-04-24,179696.31800710142,-0.36584558714048043,0.006326418609718498
2025-04-25,176114.55164967955,-0.37848576233483855,-0.019932330262216746
2025-04-28,178681.45094167173,-0.3694270875025668,0.01457516864988051
2025-04-29,178470.83125173033,-0.3701703715458502,-0.0011787440096966417
2025-04-30,174813.9526506561,-0.3830756204005936,-0.020490063140436887
2025-05-02,173974.10051259457,-0.38603948713647285,-0.004804262619356736
2025-05-05,177193.31718739925,-0.37467876209258155,0.018503999533951543
2025-05-06,176456.73723134457,-0.37727817778866435,-0.004156928532895399
2025-05-07,179570.68535146175,-0.36628894905160214,0.017647091116927083
2025-05-08,176045.63444814144,-0.3787289734810769,-0.019630436317714994
2025-05-09,175825.33757314144,-0.3795064086392914,-0.0012513623282427444
2025-05-12,180774.4002562469,-0.362040998246822,0.02814760802632743
2025-05-13,181869.46477040707,-0.3581764783628193,0.0060576304643129575
2025-05-14,181052.6862669891,-0.36105891745793095,-0.004491015049992497
2025-05-15,182288.39078236997,-0.356698074230257,0.006825110087340214
2025-05-16,183813.03744985044,-0.35131754432871454,0.00836392630894811
2025-05-19,183276.67398549497,-0.35321038922164216,-0.00291798379373287
2025-05-20,180911.20554067075,-0.361558207749042,-0.012906543933743686
2025-05-21,181165.4559068817,-0.3606609495665041,0.0014053876068709226
2025-05-22,178945.87369252622,-0.3684939306289341,-0.012251685638659082
2025-05-23,181052.6087999481,-0.3610591908417512,0.011773029821530168
2025-05-26,183065.4570055145,-0.35395578112177106,0.011117476952737348
2025-05-27,182303.33914662778,-0.3566453209448016,-0.004163089374440321
2025-05-28,182287.15659047544,-0.35670242973539434,-8.87671955329683e-05
2025-05-29,184262.6885728973,-0.3497307102350068,0.010837472147640526
2025-05-30,186056.5394640106,-0.34340014947990827,0.009735290985964262
2025-06-02,185560.1385240692,-0.3451519652661338,-0.00266801124739513
2025-06-03,187669.80685903013,-0.3377068740192859,0.011369189265221902
2025-06-04,188295.2768907684,-0.33549956902195954,0.0033328218438894996
2025-06-05,189349.1567735809,-0.3317803911015583,0.005596953360778478
2025-06-06,190014.1390733856,-0.3294336459674818,0.0035119369483109786
2025-06-09,193059.17361928403,-0.31868761557572467,0.01602530506807387
2025-06-10,192585.7231798309,-0.32035843826580124,-0.0024523591942167133
2025-06-11,190785.47525502622,-0.32671157437018694,-0.009347774565426459
2025-06-12,184660.99277211606,-0.34832508118040884,-0.03210140853082999
2025-06-13,184154.08197850647,-0.35011398659738546,-0.0027450886405401276
2025-06-16,183563.9109045929,-0.35219672037298533,-0.0032047678095045162
2025-06-17,180190.01950520935,-0.3641032977762202,-0.018379927638048188
2025-06-18,181768.51099461975,-0.3585327476682807,0.008760149389765548
2025-06-19,178792.07484883728,-0.369036691974852,-0.016374872245449423
2025-06-20,179901.15150655212,-0.36512272276007063,0.006203164534292371
2025-06-23,180738.7841931671,-0.36216668854376977,0.004656071846124155
2025-06-24,182341.29198644104,-0.3565113840833508,0.008866430082661303
2025-06-25,183917.85283849182,-0.3509476472602622,0.008646208628202645
2025-06-26,181339.79528233947,-0.3600456999859458,-0.014017440484237698
2025-06-27,185398.90819737854,-0.34572095256810864,0.022384016198535805
2025-06-30,186545.15062901916,-0.3416758240741402,0.006182573796067459
2025-07-01,179720.8934573883,-0.3657588595412715,-0.03658233488578966
2025-07-02,177115.08296178284,-0.3749548533334123,-0.014499207329076058
2025-07-03,180186.4048611969,-0.36411605397777647,0.01734082636020773
2025-07-04,177970.16664098206,-0.37193723397124534,-0.012299697204803395
2025-07-07,178216.44551061097,-0.37106810747104035,0.0013838210879788537
2025-07-08,175358.40602086487,-0.3811542259549908,-0.016036900980476165
2025-07-09,178447.38313268128,-0.37025312075481076,0.017615221202734066
2025-07-10,177328.4439236969,-0.3742018952481809,-0.006270415342277125
2025-07-11,178031.19041753234,-0.37172187899003095,0.003962965434568533
2025-07-14,182852.75889897766,-0.35470639996785036,0.027082717753767804
2025-07-15,184866.08159184875,-0.34760131576604747,0.01101062245379314
2025-07-16,183487.44023442687,-0.35246658796670083,-0.007457513815139261
2025-07-17,184062.52326177064,-0.3504371004201823,0.0031341819723955666
2025-07-18,184943.2855908722,-0.3473288602298734,0.004785125801241685
2025-07-21,184998.1732861847,-0.34713515968786934,0.0002967812274834447
2025-07-22,182146.02436040345,-0.3572004901714091,-0.015417173451594546
2025-07-23,178938.83024409486,-0.3685187871978055,-0.01760781838401626
2025-07-24,179503.05308345033,-0.36652762562375896,0.00315316043245506
2025-07-25,177106.14042475892,-0.37498641185046355,-0.013353046744988162
2025-07-28,178212.70292475892,-0.37108131518369636,0.0062480188284048666
2025-07-29,182168.00022700502,-0.3571229365913672,0.022194250114235814
2025-07-30,183778.30204585267,-0.3514401267498344,0.008839652501213324
2025-07-31,181281.21909907533,-0.360252417327277,-0.013587474250112086
2025-08-01,176931.2421703644,-0.3756036337337819,-0.023995739604628086
2025-08-04,176962.295338089,-0.37549404604960335,0.00017550980450753428
2025-08-05,181621.14293330384,-0.3590528145646672,0.026326781003343402
2025-08-06,183388.17540400696,-0.35281689692656526,0.009729222281967598
2025-08-07,179456.68523066712,-0.3666912593519477,-0.021438078898373458
2025-08-08,177553.77324336243,-0.3734067004217244,-0.010603739754017849
2025-08-11,178565.66785762025,-0.36983568994083627,0.0056990882016958455
2025-08-12,176401.7738146515,-0.37747214555399367,-0.012118197573646294
2025-08-13,179457.71169886785,-0.3666876369107849,0.017323736707020032
2025-08-14,177821.93112025457,-0.3724603621613741,-0.009115131153339062
2025-08-18,178509.05306849675,-0.37003548545559106,0.0038641012608142677
2025-08-19,180805.0506270905,-0.3619328320465247,0.012862079088575618
2025-08-20,185129.31020961003,-0.3466723730286808,0.023916696837403606
2025-08-21,185571.1293014069,-0.3451131784394099,0.0023865431751277644
2025-08-22,182225.80959925847,-0.3569189253521512,-0.018027156027675684
2025-08-25,183073.47737147525,-0.35392747697773974,0.004651743757269733
2025-08-26,182401.20118739322,-0.35629996247729867,-0.003672165917938619
2025-08-28,181931.64161708072,-0.35795705415795476,-0.002574322796427664
2025-08-29,182449.0404818268,-0.3561311359815218,0.002843919068432843
2025-09-01,181264.12263514713,-0.36031275132946805,-0.006494513994430795
2025-09-02,180075.79853846744,-0.36450638744941877,-0.006555760066604965
2025-09-03,182239.92158534244,-0.35686912367369383,0.012017845065463995
2025-09-04,178997.19880702213,-0.36831280255569876,-0.01779370156720439
2025-09-05,180740.2755892487,-0.3621614253563159,0.009738011509921929
2025-09-08,180486.2953646393,-0.3630577301999617,-0.0014052220722876596
2025-09-09,181758.99464442447,-0.3585663311915135,0.0070515009309370935
2025-09-10,182497.5148470612,-0.3559600682993074,0.004063183800512737
2025-09-11,180302.29335047916,-0.3637070795608657,-0.01202877473932562
2025-09-12,180632.69599940494,-0.36254107738474717,0.0018324927697039861
2025-09-15,183082.61537196353,-0.35389522866348033,0.013562989573973061
2025-09-16,185164.95368983463,-0.3465465859756973,0.01137376322509076
2025-09-17,184324.55384852603,-0.349512385574948,-0.004538654991464108
2025-09-18,182796.59541346744,-0.35490460281681735,-0.008289500249186732
2025-09-19,181357.7133333893,-0.35998246657488253,-0.007871492774925715
2025-09-22,178842.85389735416,-0.3688574909870137,-0.013866845748171208
2025-09-23,177037.91334559635,-0.3752271875313863,-0.010092326936326779
2025-09-24,178002.83461024478,-0.37182194759756293,0.005450365102105614
2025-09-25,175070.567407486,-0.3821700182032124,-0.016473148920236436
2025-09-26,170577.39473902897,-0.39802657724149615,-0.025664923207788126
2025-09-29,173830.65216357424,-0.3865457212349649,0.01907203137627067
2025-09-30,170548.94110400393,-0.39812699108643823,-0.018878782416821616
2025-10-01,174182.97742968754,-0.3853023533977963,0.021307879733287294
2025-10-03,176306.9282353516,-0.37780685882647635,0.012193790903140656
2025-10-06,175547.41978198246,-0.3804871899687601,-0.0043078763890394
2025-10-07,174662.93055468754,-0.3836085825094443,-0.005038463273304705
2025-10-08,173514.4500096436,-0.3876616093816707,-0.006575410943791216
2025-10-09,174541.58970385746,-0.38403679849554473,0.005919620493606059
2025-10-10,173913.7909672852,-0.38625232157136646,-0.0035968432374051673
2025-10-13,174174.27845507817,-0.38533305237480964,0.0014977966171869639
2025-10-14,171339.72977954106,-0.3953362709771292,-0.016274209376260895
2025-10-15,173170.5988591309,-0.3888750717769093,0.010685607371656136
2025-10-16,171920.24125415043,-0.39328762625573555,-0.007220380441125607
2025-10-17,171556.1614812012,-0.394572476146981,-0.002117724883895389
2025-10-20,171964.54169970707,-0.3931312884779059,0.0023804462339325205
2025-10-21,172788.90418750004,-0.39022208524420865,0.004793793416043357
2025-10-23,167757.80860644535,-0.4079769925212613,-0.02911700612207857
2025-10-24,166743.11462084966,-0.4115578820787318,-0.006048564856829586
2025-10-27,166903.17695745855,-0.41099301665344734,0.0009599337098435967
2025-10-28,167665.6785443726,-0.40830212264116805,0.004568526500297931
2025-10-29,167343.5484174195,-0.40943893080612026,-0.0019212645649948623
2025-10-30,167988.4169782105,-0.4071631677405475,0.0038535609343148813
2025-10-31,166965.81572088628,-0.4107719623286604,-0.0060873319465643005
2025-11-03,169638.96090643317,-0.4013383421274843,0.01601013461351597
2025-11-04,168871.30819647224,-0.4040474146280465,-0.004525214643258391
2025-11-06,166808.1582941285,-0.4113283407453544,-0.01221729093223689
2025-11-07,172594.10821478278,-0.39090952685167124,0.034686252637908144
2025-11-10,172358.60613958747,-0.39174062167809265,-0.0013644850199767689
2025-11-11,170029.30612127692,-0.3999608005992157,-0.013514265811735093
2025-11-12,169776.30639593513,-0.4008536452276259,-0.0014879771676615805
2025-11-13,168495.41116278083,-0.4053739680340366,-0.007544605371300306
2025-11-14,168172.80535833747,-0.4065124548810167,-0.0019146266489815655
2025-11-17,169082.90685980232,-0.4033006757544061,0.005411704344977952
2025-11-18,166294.4577936402,-0.4131412072686401,-0.01649160827637175
2025-11-19,163873.68408872077,-0.4216841999383524,-0.014557152036440368
2025-11-20,162658.23184873053,-0.4259735721979405,-0.007417006865679476
2025-11-21,159906.4021587891,-0.4356848726890571,-0.0169178630473531
2025-11-24,160232.79675107426,-0.43453301508102904,0.0020411602529899486
2025-11-25,162335.4490337891,-0.42711268372098377,0.013122483819472786
2025-11-26,165495.74957089848,-0.4159598757291638,0.0194677167305064
2025-11-27,166219.3501263184,-0.41340626477899955,0.004372321085563069
2025-11-28,168497.5980206055,-0.40536625053845743,0.013706273623111498
2025-12-01,168320.99984555668,-0.4059894714995331,-0.0010480753264342502
2025-12-02,166688.94796567387,-0.4117490380455904,-0.00969606811616086
2025-12-03,164805.06231870124,-0.41839733451376393,-0.01130180296872818
2025-12-04,163902.11514462897,-0.4215838657758809,-0.005478880086378313
2025-12-05,166969.7168291993,-0.41075819518485257,0.0187160591665545
2025-12-08,164446.9624957032,-0.41966108095841526,-0.015109053194818145
2025-12-09,166571.81494321296,-0.4121624044623815,0.012921202163070022
2025-12-10,164033.86889829108,-0.421118902301825,-0.015236347432409869
2025-12-11,163778.61627377936,-0.4220196974879662,-0.0015560970805973406
2025-12-12,166765.46719541022,-0.41147899908350094,0.018237123927325793
2025-12-15,165409.76388730475,-0.41626332212861394,-0.008129400714099289
2025-12-16,164394.51263608405,-0.4198461782954126,-0.006137795178236316
2025-12-17,163473.36306943366,-0.423096946419509,-0.0056032865810400345
2025-12-18,163670.26516904304,-0.42240207221867176,0.0012044904191867989
2025-12-19,165954.16137875983,-0.41434212488103184,0.013954252517144328
2025-12-22,168589.41339292,-0.4050422309694016,0.01587939701099561
2025-12-23,169009.4653948731,-0.4035598531798995,0.002491568085441598
2025-12-24,169350.31527890632,-0.4023569823560589,0.0020167502644710122
2025-12-26,169823.8115557618,-0.40068599790423176,0.00279595745703598
2025-12-29,169212.41418637702,-0.40284363999788186,-0.003600186356575885
2025-12-30,171569.3172625489,-0.3945260489475326,0.013928665266697893
2025-12-31,175406.3162859864,-0.38098514900124436,0.022364132961873562
2026-01-01,176075.56707944343,-0.3786233402080128,0.003815431551312365
2026-01-02,176695.26513852546,-0.37643640469833917,0.0035195005721744277
2026-01-05,177119.1610125489,-0.3749404617536747,0.0023990222584124865
2026-01-06,177746.36535825202,-0.3727270363034293,0.0035411433868450803
2026-01-07,178132.41745175788,-0.3713646453462549,0.0021719267942710285
2026-01-08,174034.91333188483,-0.38582487663059806,-0.023002574031662393
2026-01-09,170191.71676816413,-0.39938764790715653,-0.02208290560866788
2026-01-12,170200.67935574957,-0.39935601863099224,5.266171442208645e-05
2026-01-13,170261.5830776734,-0.39914108732663445,0.0003578347757151601
2026-01-14,175803.45200467535,-0.37958364355414465,0.03254914483247662
2026-01-15,175803.45200467535,-0.37958364355414465,0.0
2026-01-16,174505.53434110113,-0.38416403909597974,-0.007382776895300647
2026-01-19,174672.7705776734,-0.38357385673393407,0.0009583434542848046
2026-01-20,170693.05295682378,-0.3976184154604898,-0.02278384666189237
2026-01-21,170711.95337796636,-0.3975517152319855,0.00011072753586138795
2026-01-22,171233.87149930425,-0.3957098484454623,0.003057302731357847
2026-01-23,170914.72403836675,-0.3968361306806856,-0.0018638103439645448
2026-01-27,175748.63312650152,-0.3797771012381277,0.028282578433965977
2026-01-28,184415.27262235113,-0.3491922359392269,0.049312699289168815
2026-01-29,194571.46067166753,-0.31335070317587566,0.055072380421085976
2026-01-30,183348.9548428101,-0.3529553076198597,-0.057678067431456426
2026-02-02,171041.86880704353,-0.39638743247126995,-0.06712384069119881
2026-02-03,176276.88985547493,-0.3779128652898541,0.030606664233405745
2026-02-04,177645.2324226136,-0.37308393787009364,0.007762461478986404
2026-02-05,176872.02179028938,-0.37581262446755037,-0.0043525549308566225
2026-02-06,177659.44369580696,-0.3730337858040531,0.004451930257523662
2026-02-09,181110.2197273011,-0.3608558799213327,0.01942354405546065
2026-02-10,181362.56185986946,-0.3599653559601669,0.0013933069759857197
2026-02-11,183446.37771680305,-0.3526114989868211,0.011489779564007652
2026-02-12,182837.63549878547,-0.3547597709610665,-0.0033183659748099448
2026-02-13,181355.11505200813,-0.3599916359981741,-0.00810839870430935
2026-02-16,181048.95239331672,-0.36107209442500887,-0.001688194229336193
2026-02-17,181254.06314160774,-0.36034825162401984,0.0011329021548018847
2026-02-18,182601.44247510383,-0.3555933041681767,0.007433650369776501
2026-02-19,179637.84079053352,-0.36605195522497735,-0.016229891967991295
2026-02-20,179942.37692334602,-0.36497723686324335,0.0016952782970021119
2026-02-23,181617.8991401429,-0.35906426202096586,0.009311437613779283
2026-02-24,182179.74957288214,-0.3570814727504893,0.0030935851333997455
2026-02-25,184186.496978888,-0.34999959295948146,0.011015205645581672
2026-02-26,185157.72277844854,-0.34657210410770656,0.005273056469888182
2026-02-27,182610.41555798956,-0.35556163785374106,-0.013757499186285549
2026-03-02,178900.39294446417,-0.3686544337344154,-0.020316599150102865
2026-03-04,172849.6956483216,-0.39000755011309574,-0.03382159869274792
2026-03-05,176630.8852854676,-0.3766636033875981,0.021875593260165083
2026-03-06,176241.1244212098,-0.3780390827227911,-0.002206640495674872
2026-03-09,169352.62052350474,-0.4023488470695321,-0.03908567833034127
2026-03-10,169812.89627637336,-0.4007245182961271,0.002717854329302938
2026-03-11,169047.5506342835,-0.40342544907577105,-0.0045069936316510795
2026-03-12,169587.89932813117,-0.40151854017253563,0.0031964301867741796
2026-03-13,163594.35068311164,-0.4226699770193224,-0.03534184142126062
