Symbol,CMP,1_Day_Return_%,Last_Updated
360ONE,1149.4,1.24,2026-08-03 12:55:48
3MINDIA,35755.0,3.29,2026-08-03 12:55:49
ABB,7528.0,3.34,2026-08-03 12:55:50
ACC,1391.9,2.54,2026-08-03 12:55:52
ACMESOLAR,369.95,2.03,2026-08-03 12:55:54
AGI,704.2,-0.71,2026-08-03 12:55:55
AIAENG,4644.2,1.16,2026-08-03 12:55:56
APLAPOLLO,1931.2,6.14,2026-08-03 12:55:57
ASKAUTOLTD,550.2,4.19,2026-08-03 12:55:58
AUBANK,1046.3,-0.1,2026-08-03 12:55:59
AWL,190.81,0.72,2026-08-03 12:56:00
AADHARHFC,502.6,1.19,2026-08-03 12:56:02
AARTIDRUGS,413.05,-2.29,2026-08-03 12:56:03
AARTIIND,488.8,-0.06,2026-08-03 12:56:04
AARTIPHARM,679.25,1.81,2026-08-03 12:56:05
AAVAS,1441.0,5.97,2026-08-03 12:56:06
ABBOTINDIA,27925.0,0.45,2026-08-03 12:56:07
ACE,1093.5,2.17,2026-08-03 12:56:08
ACUTAAS,3128.0,0.74,2026-08-03 12:56:09
ADANIENSOL,1643.4,-0.12,2026-08-03 12:56:11
ADANIENT,3063.8,1.8,2026-08-03 12:56:12
ADANIGREEN,1401.0,1.3,2026-08-03 12:56:13
ADANIPORTS,1700.1,0.21,2026-08-03 12:56:14
ADANIPOWER,212.25,0.44,2026-08-03 12:56:15
ATGL,668.7,2.65,2026-08-03 12:56:16
ABCAPITAL,427.35,5.7,2026-08-03 12:56:18
ABFRL,62.13,3.14,2026-08-03 12:56:19
ABLBL,95.64,1.02,2026-08-03 12:56:20
ABREL,1419.3,0.08,2026-08-03 12:56:21
ABSLAMC,1020.0,0.81,2026-08-03 12:56:23
ADVENZYMES,319.8,1.49,2026-08-03 12:56:24
AEGISLOG,1372.8,7.18,2026-08-03 12:56:25
AEGISVOPAK,301.0,3.74,2026-08-03 12:56:26
AETHER,1511.4,-1.83,2026-08-03 12:56:27
AFCONS,277.6,2.38,2026-08-03 12:56:28
AFFLE,1651.0,4.1,2026-08-03 12:56:29
AHLUCONT,835.95,1.77,2026-08-03 12:56:30
AJANTPHARM,3524.0,1.7,2026-08-03 12:56:32
AJAXENGG,590.0,1.7,2026-08-03 12:56:33
AKUMS,680.55,3.37,2026-08-03 12:56:34
APLLTD,810.05,1.63,2026-08-03 12:56:35
ALIVUS,1211.9,4.47,2026-08-03 12:56:36
ALKEM,5721.0,-0.53,2026-08-03 12:56:37
ALKYLAMINE,1818.1,1.82,2026-08-03 12:56:38
ALLCARGO,8.2,2.12,2026-08-03 12:56:39
ABDL,619.6,0.02,2026-08-03 12:56:41
ALOKINDS,12.06,1.17,2026-08-03 12:56:42
ARE&M,929.35,2.08,2026-08-03 12:56:43
AMBER,7467.0,0.36,2026-08-03 12:56:44
AMBUJACEM,443.2,2.55,2026-08-03 12:56:45
ANANDRATHI,2077.0,0.16,2026-08-03 12:56:46
ANANTRAJ,623.75,-0.12,2026-08-03 12:56:47
ANGELONE,300.0,0.69,2026-08-03 12:56:48
ANURAS,1210.7,0.24,2026-08-03 12:56:51
APARINDS,14907.0,3.9,2026-08-03 12:56:52
PARKHOTELS,125.3,2.39,2026-08-03 12:56:53
APOLLOHOSP,8874.0,-0.93,2026-08-03 12:56:55
APOLLOTYRE,437.8,2.25,2026-08-03 12:56:56
APTUS,264.05,1.09,2026-08-03 12:56:57
ACI,539.45,2.63,2026-08-03 12:56:58
ARVINDFASN,449.5,-0.11,2026-08-03 12:56:59
ARVIND,533.95,4.04,2026-08-03 12:57:00
ASAHIINDIA,891.2,1.67,2026-08-03 12:57:01
ASHOKLEY,174.1,4.77,2026-08-03 12:57:02
ASHOKA,121.3,0.17,2026-08-03 12:57:03
ASIANPAINT,2776.7,1.07,2026-08-03 12:57:05
ASTERDM,812.0,-1.23,2026-08-03 12:57:06
ASTRAMICRO,1845.1,-0.89,2026-08-03 12:57:07
ASTRAZEN,8349.5,3.08,2026-08-03 12:57:08
ASTRAL,1444.7,-0.27,2026-08-03 12:57:09
ATHERENERG,1250.0,-0.82,2026-08-03 12:57:10
ATUL,6782.0,0.68,2026-08-03 12:57:11
AURIONPRO,748.1,2.0,2026-08-03 12:57:12
AUROPHARMA,1567.5,-0.8,2026-08-03 12:57:14
AIIL,546.8,1.39,2026-08-03 12:57:15
AVALON,1793.0,-0.82,2026-08-03 12:57:16
AVANTIFEED,903.5,0.43,2026-08-03 12:57:17
DMART,4000.1,2.02,2026-08-03 12:57:18
CCAVENUE,17.26,8.9,2026-08-03 12:57:19
AWFIS,279.65,0.56,2026-08-03 12:57:20
AXISBANK,1250.8,1.73,2026-08-03 12:57:21
AZAD,2322.8,1.32,2026-08-03 12:57:23
BASF,3735.1,2.79,2026-08-03 12:57:24
BEML,1746.2,-0.24,2026-08-03 12:57:25
BLS,245.3,2.46,2026-08-03 12:57:26
BSE,3606.7,-1.08,2026-08-03 12:57:27
BAJAJ-AUTO,11500.0,-0.18,2026-08-03 12:57:28
BAJAJELEC,339.2,1.89,2026-08-03 12:57:29
BAJFINANCE,1157.1,1.39,2026-08-03 12:57:30
BAJAJFINSV,2076.3,2.33,2026-08-03 12:57:31
BAJAJHLDNG,11467.0,1.09,2026-08-03 12:57:33
BAJAJHFL,86.67,0.76,2026-08-03 12:57:34
BALAMINES,2056.2,-3.61,2026-08-03 12:57:35
BALKRISIND,2496.9,0.95,2026-08-03 12:57:36
BALRAMCHIN,629.15,7.33,2026-08-03 12:57:37
BALUFORGE,448.6,1.87,2026-08-03 12:57:38
BANCOINDIA,659.85,3.55,2026-08-03 12:57:39
BANDHANBNK,175.09,0.55,2026-08-03 12:57:41
BANKBARODA,246.66,1.67,2026-08-03 12:57:42
BANKINDIA,140.09,1.55,2026-08-03 12:57:43
MAHABANK,79.92,0.74,2026-08-03 12:57:44
BATAINDIA,709.0,1.85,2026-08-03 12:57:45
BAYERCROP,4294.2,1.41,2026-08-03 12:57:46
BELRISE,243.77,2.97,2026-08-03 12:57:47
BERGEPAINT,525.45,0.96,2026-08-03 12:57:48
BBL,2574.3,1.98,2026-08-03 12:57:49
BDL,1266.5,1.07,2026-08-03 12:57:51
BEL,389.8,0.5,2026-08-03 12:57:52
BHARATFORG,2202.0,0.1,2026-08-03 12:57:53
BHEL,410.15,0.77,2026-08-03 12:57:54
BPCL,324.0,1.33,2026-08-03 12:57:55
BHARTIARTL,1948.5,-1.19,2026-08-03 12:57:56
BHARTIHEXA,1650.8,2.69,2026-08-03 12:57:57
BIKAJI,650.0,1.3,2026-08-03 12:57:58
BIOCON,427.85,0.51,2026-08-03 12:58:00
BIRLACORPN,886.85,-0.41,2026-08-03 12:58:01
BSOFT,319.35,5.61,2026-08-03 12:58:02
BLACKBUCK,547.6,0.94,2026-08-03 12:58:03
BLUEDART,5492.0,6.43,2026-08-03 12:58:04
BLUEJET,593.75,-5.19,2026-08-03 12:58:05
BLUESTARCO,1704.4,1.38,2026-08-03 12:58:06
BBTC,1515.3,1.22,2026-08-03 12:58:08
BORORENEW,555.65,-0.01,2026-08-03 12:58:09
BOSCH-HCIL,1398.0,0.48,2026-08-03 12:58:10
BOSCHLTD,41245.0,0.39,2026-08-03 12:58:11
FIRSTCRY,213.7,0.68,2026-08-03 12:58:12
BRIGADE,583.65,0.59,2026-08-03 12:58:13
BRITANNIA,5437.5,0.39,2026-08-03 12:58:14
MAPMYINDIA,1197.3,1.32,2026-08-03 12:58:15
CCL,1165.5,0.88,2026-08-03 12:58:16
CESC,165.1,-0.28,2026-08-03 12:58:18
CGPOWER,860.05,-0.39,2026-08-03 12:58:19
CIEINDIA,419.35,2.63,2026-08-03 12:58:20
CMSINFO,276.0,4.66,2026-08-03 12:58:21
CRISIL,4405.0,1.04,2026-08-03 12:58:22
CSBBANK,332.4,0.76,2026-08-03 12:58:23
CAMPUS,223.26,0.41,2026-08-03 12:58:24
CANFINHOME,815.1,-0.67,2026-08-03 12:58:25
CANBK,127.03,1.64,2026-08-03 12:58:27
CAPLIPOINT,2567.5,2.01,2026-08-03 12:58:28
CGCL,231.31,-0.46,2026-08-03 12:58:29
CARBORUNIV,1081.0,1.62,2026-08-03 12:58:30
CARTRADE,2803.0,3.07,2026-08-03 12:58:31
CASTROLIND,186.19,0.53,2026-08-03 12:58:32
CEATLTD,3555.0,3.65,2026-08-03 12:58:33
CEIGALL,347.6,1.42,2026-08-03 12:58:37
CELLO,345.8,0.73,2026-08-03 12:58:38
CEMPRO,1343.7,-1.76,2026-08-03 12:58:40
CENTRALBK,31.4,1.39,2026-08-03 12:58:41
CDSL,1334.5,0.11,2026-08-03 12:58:42
CENTURYPLY,784.95,-1.82,2026-08-03 12:58:43
CERA,6240.5,1.87,2026-08-03 12:58:44
CHALET,825.55,1.74,2026-08-03 12:58:45
CHAMBLFERT,451.75,2.93,2026-08-03 12:58:47
CHENNPETRO,1309.5,3.88,2026-08-03 12:58:48
CHOICEIN,832.05,1.11,2026-08-03 12:58:49
CHOLAHLDNG,1566.2,2.09,2026-08-03 12:58:50
CHOLAFIN,1882.6,1.77,2026-08-03 12:58:51
CIPLA,1468.6,-0.31,2026-08-03 12:58:52
CUB,206.75,0.12,2026-08-03 12:58:53
CLEAN,766.2,4.38,2026-08-03 12:58:55
COALINDIA,413.25,-0.22,2026-08-03 12:58:56
COCHINSHIP,1443.6,1.45,2026-08-03 12:58:57
COFORGE,1742.5,1.25,2026-08-03 12:58:58
COHANCE,427.0,0.46,2026-08-03 12:58:59
COLPAL,2077.2,0.05,2026-08-03 12:59:00
CAMS,806.75,1.33,2026-08-03 12:59:01
CONCORDBIO,1407.8,-0.91,2026-08-03 12:59:02
CONCOR,523.15,-0.45,2026-08-03 12:59:04
COROMANDEL,2106.0,1.56,2026-08-03 12:59:05
CRAFTSMAN,10231.5,3.63,2026-08-03 12:59:06
CREDITACC,1546.4,-2.91,2026-08-03 12:59:07
CROMPTON,266.55,2.44,2026-08-03 12:59:08
CUMMINSIND,5515.0,-0.07,2026-08-03 12:59:09
CYIENTDLM,672.6,0.38,2026-08-03 12:59:10
CYIENT,860.5,1.51,2026-08-03 12:59:11
DCBBANK,191.13,2.71,2026-08-03 12:59:13
DCMSHRIRAM,1032.7,-0.12,2026-08-03 12:59:14
DLF,664.9,0.85,2026-08-03 12:59:18
DOMS,2296.9,1.63,2026-08-03 12:59:19
DABUR,423.75,0.55,2026-08-03 12:59:21
DALBHARAT,1830.9,1.73,2026-08-03 12:59:22
DATAPATTNS,4310.0,0.68,2026-08-03 12:59:23
DATAMATICS,825.95,-0.73,2026-08-03 12:59:24
DEEPAKFERT,1575.9,1.49,2026-08-03 12:59:25
DEEPAKNTR,1705.3,2.59,2026-08-03 12:59:26
DELHIVERY,474.5,-1.55,2026-08-03 12:59:27
DEVYANI,115.8,1.42,2026-08-03 12:59:28
DHANUKA,1019.3,-0.25,2026-08-03 12:59:30
DIACABS,325.0,0.32,2026-08-03 12:59:31
DBL,454.0,5.78,2026-08-03 12:59:32
DCAL,188.45,0.81,2026-08-03 12:59:33
DIVISLAB,8475.5,5.21,2026-08-03 12:59:34
DIXON,13902.0,-1.05,2026-08-03 12:59:36
DODLA,1046.2,0.54,2026-08-03 12:59:37
AGARWALEYE,478.1,0.02,2026-08-03 12:59:38
LALPATHLAB,1901.5,-0.19,2026-08-03 12:59:39
DRREDDY,1165.8,1.54,2026-08-03 12:59:40
DYNAMATECH,10868.0,5.12,2026-08-03 12:59:41
EIDPARRY,775.75,2.07,2026-08-03 12:59:43
EIHOTEL,331.35,1.33,2026-08-03 12:59:44
EPL,227.0,2.06,2026-08-03 12:59:45
EASEMYTRIP,6.66,0.76,2026-08-03 12:59:46
EDELWEISS,116.92,1.26,2026-08-03 12:59:47
EICHERMOT,8034.0,2.56,2026-08-03 12:59:48
ELECON,432.55,3.22,2026-08-03 12:59:49
EMIL,131.8,1.26,2026-08-03 12:59:50
ELECTCAST,72.83,3.09,2026-08-03 12:59:52
ELGIEQUIP,581.6,2.1,2026-08-03 12:59:53
EMAMILTD,406.1,2.02,2026-08-03 12:59:54
EMBDL,61.18,0.07,2026-08-03 12:59:56
EMCURE,1977.8,0.9,2026-08-03 12:59:57
ENDURANCE,2815.9,2.09,2026-08-03 12:59:58
ENGINERSIN,226.79,1.98,2026-08-03 12:59:59
ENTERO,1247.5,0.29,2026-08-03 13:00:00
EIEL,221.5,0.65,2026-08-03 13:00:01
EPIGRAL,1129.8,3.78,2026-08-03 13:00:02
EQUITASBNK,75.9,0.92,2026-08-03 13:00:03
ERIS,1367.4,0.94,2026-08-03 13:00:05
ESCORTS,3131.8,1.48,2026-08-03 13:00:06
ETERNAL,309.15,2.22,2026-08-03 13:00:07
ETHOSLTD,2590.0,0.57,2026-08-03 13:00:08
EUREKAFORB,454.0,1.24,2026-08-03 13:00:09
EXIDEIND,448.6,-0.27,2026-08-03 13:00:10
FDC,400.85,-2.18,2026-08-03 13:00:11
NYKAA,340.3,2.07,2026-08-03 13:00:13
FEDERALBNK,357.95,-0.25,2026-08-03 13:00:14
FACT,844.0,2.1,2026-08-03 13:00:15
FIEMIND,2345.1,0.94,2026-08-03 13:00:16
FINEORG,4956.0,2.9,2026-08-03 13:00:17
FINCABLES,991.15,0.36,2026-08-03 13:00:18
FINPIPE,165.0,1.62,2026-08-03 13:00:19
FSL,322.8,6.84,2026-08-03 13:00:20
FIVESTAR,550.6,0.48,2026-08-03 13:00:22
FORCEMOT,18355.0,2.53,2026-08-03 13:00:23
FORTIS,951.15,0.65,2026-08-03 13:00:24
GRINFRA,904.0,2.25,2026-08-03 13:00:25
GAIL,173.68,-4.28,2026-08-03 13:00:26
GVT&D,4321.1,-0.05,2026-08-03 13:00:27
GHCL,444.2,1.39,2026-08-03 13:00:28
GMMPFAUDLR,857.2,-0.83,2026-08-03 13:00:30
GMRAIRPORT,105.42,0.15,2026-08-03 13:00:31
GMRP&UI,97.0,-2.18,2026-08-03 13:00:32
GABRIEL,1513.5,4.97,2026-08-03 13:00:33
GALLANTT,621.75,1.16,2026-08-03 13:00:34
GANESHHOU,779.0,5.18,2026-08-03 13:00:35
GANECOS,1145.5,-3.24,2026-08-03 13:00:36
GRSE,2599.4,-0.07,2026-08-03 13:00:37
GRWRHITECH,7165.0,0.19,2026-08-03 13:00:38
GARFIBRES,762.25,4.0,2026-08-03 13:00:40
GATEWAY,58.43,0.79,2026-08-03 13:00:41
GICRE,358.85,0.63,2026-08-03 13:00:42
GILLETTE,7743.5,1.57,2026-08-03 13:00:43
GLAND,2572.4,2.78,2026-08-03 13:00:44
GLAXO,2659.0,0.14,2026-08-03 13:00:45
GLENMARK,2241.4,0.34,2026-08-03 13:00:46
MEDANTA,1463.0,4.08,2026-08-03 13:00:47
GODIGIT,260.25,2.34,2026-08-03 13:00:48
GPIL,247.9,2.27,2026-08-03 13:00:50
GODFRYPHLP,2236.3,4.82,2026-08-03 13:00:51
GODREJAGRO,564.8,1.44,2026-08-03 13:00:52
GODREJCP,1084.2,1.29,2026-08-03 13:00:53
GODREJIND,1341.8,1.84,2026-08-03 13:00:54
GODREJPROP,2090.7,-0.71,2026-08-03 13:00:55
GOKEX,827.2,1.5,2026-08-03 13:00:56
GRANULES,839.4,1.79,2026-08-03 13:00:57
GRAPHITE,661.5,0.78,2026-08-03 13:00:58
GRASIM,3153.0,1.68,2026-08-03 13:01:00
GRAVITA,1653.1,2.27,2026-08-03 13:01:01
GESHIP,1404.8,4.03,2026-08-03 13:01:02
GREAVESCOT,233.31,-1.99,2026-08-03 13:01:03
GREENPANEL,195.09,1.07,2026-08-03 13:01:04
GAEL,177.3,3.02,2026-08-03 13:01:05
FLUOROCHEM,4440.1,1.68,2026-08-03 13:01:06
GMDCLTD,561.25,-0.53,2026-08-03 13:01:07
GNFC,516.5,1.21,2026-08-03 13:01:08
GPPL,151.12,0.57,2026-08-03 13:01:10
GSFC,160.95,1.33,2026-08-03 13:01:11
GULFOILLUB,1103.2,3.17,2026-08-03 13:01:12
HEG,663.35,0.93,2026-08-03 13:01:13
HGINFRA,546.6,1.49,2026-08-03 13:01:14
HBLENGINE,738.0,2.69,2026-08-03 13:01:15
HCLTECH,1358.8,0.88,2026-08-03 13:01:16
HDFCAMC,2567.3,-1.85,2026-08-03 13:01:17
HDFCBANK,751.4,0.43,2026-08-03 13:01:18
HDFCLIFE,549.4,0.16,2026-08-03 13:01:20
HFCL,199.25,2.75,2026-08-03 13:01:21
HAPPSTMNDS,381.25,1.07,2026-08-03 13:01:22
HAVELLS,1269.0,0.66,2026-08-03 13:01:23
HCG,677.85,0.99,2026-08-03 13:01:24
HEMIPROP,135.55,0.92,2026-08-03 13:01:25
HERITGFOOD,335.05,1.48,2026-08-03 13:01:26
HEROMOTOCO,5410.0,0.45,2026-08-03 13:01:27
HEXT,550.25,-2.03,2026-08-03 13:01:28
HIKAL,228.36,3.19,2026-08-03 13:01:29
HSCL,752.7,0.27,2026-08-03 13:01:31
HINDALCO,987.8,1.37,2026-08-03 13:01:32
HAL,4680.1,0.72,2026-08-03 13:01:33
HCC,21.75,1.45,2026-08-03 13:01:34
HINDCOPPER,493.0,0.28,2026-08-03 13:01:35
HINDPETRO,394.1,1.12,2026-08-03 13:01:36
HINDUNILVR,2115.0,0.65,2026-08-03 13:01:37
HINDZINC,546.85,1.42,2026-08-03 13:01:38
POWERINDIA,32160.0,-0.05,2026-08-03 13:01:39
HOMEFIRST,1186.3,-0.23,2026-08-03 13:01:40
HONASA,456.95,1.65,2026-08-03 13:01:42
HONAUT,38745.0,1.55,2026-08-03 13:01:43
HUDCO,199.0,2.0,2026-08-03 13:01:44
HYUNDAI,2206.0,1.16,2026-08-03 13:01:45
ICICIBANK,1445.1,0.68,2026-08-03 13:01:46
ICICIGI,1655.5,1.96,2026-08-03 13:01:47
ICICIPRULI,517.5,0.41,2026-08-03 13:01:48
IDBI,85.01,1.5,2026-08-03 13:01:49
IDFCFIRSTB,85.31,0.74,2026-08-03 13:01:50
IFBIND,1357.4,3.17,2026-08-03 13:01:51
IFCI,77.28,0.97,2026-08-03 13:01:53
IIFLCAPS,335.7,-0.62,2026-08-03 13:01:54
IIFL,611.8,0.52,2026-08-03 13:01:55
INOXINDIA,1915.2,0.38,2026-08-03 13:01:56
IRB,20.2,1.0,2026-08-03 13:01:57
IRCON,130.24,3.37,2026-08-03 13:01:58
ITCHOTELS,164.65,1.4,2026-08-03 13:01:59
ITC,286.8,2.06,2026-08-03 13:02:00
ITI,280.95,1.54,2026-08-03 13:02:01
IMAGICAA,48.27,2.72,2026-08-03 13:02:02
INDGN,546.7,6.12,2026-08-03 13:02:03
INDIACEM,393.3,-1.18,2026-08-03 13:02:05
INDIAGLYCO,1157.4,0.87,2026-08-03 13:02:06
INDIASHLTR,735.9,1.29,2026-08-03 13:02:07
INDIAMART,1811.6,0.66,2026-08-03 13:02:08
INDIANB,844.0,0.9,2026-08-03 13:02:09
IEX,129.29,-2.23,2026-08-03 13:02:10
INDHOTEL,747.7,1.24,2026-08-03 13:02:11
IMFA,1477.5,2.0,2026-08-03 13:02:12
IOC,142.92,1.96,2026-08-03 13:02:13
IOB,34.23,0.97,2026-08-03 13:02:14
IRCTC,507.25,3.56,2026-08-03 13:02:16
IRFC,90.05,1.01,2026-08-03 13:02:17
IREDA,122.64,2.55,2026-08-03 13:02:18
INDIGOPNTS,1091.0,-1.87,2026-08-03 13:02:19
ICIL,408.3,1.76,2026-08-03 13:02:20
IGL,155.0,1.99,2026-08-03 13:02:21
INDUSTOWER,395.5,1.13,2026-08-03 13:02:22
INDUSINDBK,1016.1,0.36,2026-08-03 13:02:23
NAUKRI,1252.7,2.16,2026-08-03 13:02:24
INFY,1165.5,3.13,2026-08-03 13:02:28
INGERRAND,4378.7,0.99,2026-08-03 13:02:29
INNOVACAP,962.1,-1.25,2026-08-03 13:02:30
INOXWIND,79.2,1.36,2026-08-03 13:02:31
INTELLECT,751.8,4.43,2026-08-03 13:02:32
INDIGO,5381.0,4.06,2026-08-03 13:02:33
IGIL,364.9,3.24,2026-08-03 13:02:35
IKS,1844.7,-0.23,2026-08-03 13:02:36
IONEXCHANG,425.7,1.19,2026-08-03 13:02:37
IPCALAB,1747.6,-0.01,2026-08-03 13:02:38
ISGEC,836.85,1.32,2026-08-03 13:02:39
JKCEMENT,5563.5,2.2,2026-08-03 13:02:40
JKIL,488.6,1.37,2026-08-03 13:02:41
JBMA,664.5,0.93,2026-08-03 13:02:42
JKLAKSHMI,569.8,0.91,2026-08-03 13:02:44
JKPAPER,388.05,-0.64,2026-08-03 13:02:45
JKTYRE,412.55,3.2,2026-08-03 13:02:46
JMFINANCIL,124.5,1.92,2026-08-03 13:02:47
JSWCEMENT,134.25,0.86,2026-08-03 13:02:48
JSWENERGY,560.05,0.97,2026-08-03 13:02:49
JSWINFRA,326.65,4.56,2026-08-03 13:02:51
JSWSTEEL,1274.3,0.34,2026-08-03 13:02:52
JISLJALEQS,31.33,4.64,2026-08-03 13:02:53
JPPOWER,19.09,4.37,2026-08-03 13:02:54
J&KBANK,158.02,1.29,2026-08-03 13:02:55
JAMNAAUTO,137.13,4.54,2026-08-03 13:02:56
JSFB,581.3,1.1,2026-08-03 13:02:57
JINDALSAW,255.0,-0.76,2026-08-03 13:02:58
JSL,734.75,-0.01,2026-08-03 13:02:59
JINDALSTEL,1111.9,0.86,2026-08-03 13:03:01
JINDWORLD,40.74,6.26,2026-08-03 13:03:02
JIOFIN,263.55,2.76,2026-08-03 13:03:03
JUBLFOOD,460.65,5.11,2026-08-03 13:03:04
JUBLINGREA,748.65,1.76,2026-08-03 13:03:05
JUBLPHARMA,934.55,-0.06,2026-08-03 13:03:06
JWL,264.4,2.01,2026-08-03 13:03:07
JUSTDIAL,711.0,-0.8,2026-08-03 13:03:08
JYOTHYLAB,205.06,3.12,2026-08-03 13:03:10
JYOTICNC,841.95,4.12,2026-08-03 13:03:11
KPRMILL,1064.0,1.35,2026-08-03 13:03:12
KEI,5032.2,0.66,2026-08-03 13:03:13
KNRCON,124.25,1.97,2026-08-03 13:03:14
KPIGREEN,380.35,1.77,2026-08-03 13:03:15
KPITTECH,615.8,2.91,2026-08-03 13:03:16
KRBL,364.5,3.82,2026-08-03 13:03:17
KSB,856.2,0.04,2026-08-03 13:03:19
KAJARIACER,1210.0,0.98,2026-08-03 13:03:20
KPIL,1287.7,-0.15,2026-08-03 13:03:21
KALYANKJIL,608.5,-0.67,2026-08-03 13:03:22
KSL,882.05,0.92,2026-08-03 13:03:23
KANSAINER,203.12,3.24,2026-08-03 13:03:24
KTKBANK,291.65,2.42,2026-08-03 13:03:25
KARURVYSYA,346.4,1.15,2026-08-03 13:03:26
KSCL,786.85,0.56,2026-08-03 13:03:27
KAYNES,3833.8,0.77,2026-08-03 13:03:29
KEC,477.6,1.84,2026-08-03 13:03:30
KFINTECH,941.4,0.37,2026-08-03 13:03:31
KIRLOSBROS,1881.0,0.58,2026-08-03 13:03:32
KIRLOSENG,2240.0,2.29,2026-08-03 13:03:33
KIRLPNU,1473.9,-0.57,2026-08-03 13:03:34
KITEX,147.1,0.88,2026-08-03 13:03:35
KOTAKBANK,392.25,0.5,2026-08-03 13:03:36
KIMS,817.95,1.65,2026-08-03 13:03:38
LTF,319.15,2.54,2026-08-03 13:03:39
LTTS,3569.5,0.4,2026-08-03 13:03:40
LICHSGFIN,517.05,-1.16,2026-08-03 13:03:41
LMW,16234.0,0.51,2026-08-03 13:03:42
LTFOODS,415.55,1.27,2026-08-03 13:03:43
LTM,4702.2,7.8,2026-08-03 13:03:44
LT,4001.8,1.6,2026-08-03 13:03:45
LATENTVIEW,299.05,-5.42,2026-08-03 13:03:46
LAURUSLABS,1822.1,0.32,2026-08-03 13:03:48
LXCHEM,182.19,2.08,2026-08-03 13:03:49
IXIGO,200.73,1.57,2026-08-03 13:03:50
THELEELA,506.6,2.43,2026-08-03 13:03:51
LEMONTREE,112.0,2.47,2026-08-03 13:03:52
LICI,426.95,0.53,2026-08-03 13:03:53
LINDEINDIA,6900.0,2.3,2026-08-03 13:03:54
LLOYDSENGG,91.08,2.73,2026-08-03 13:03:55
LLOYDSENT,82.07,2.64,2026-08-03 13:03:56
LLOYDSME,2049.2,0.11,2026-08-03 13:03:58
LODHA,1238.0,-0.48,2026-08-03 13:03:59
LUMAXTECH,1634.0,4.19,2026-08-03 13:04:00
LUPIN,2369.6,-1.88,2026-08-03 13:04:01
LUXIND,1255.1,0.6,2026-08-03 13:04:02
MMTC,63.65,1.58,2026-08-03 13:04:03
MOIL,282.7,0.59,2026-08-03 13:04:04
MRF,134050.0,0.96,2026-08-03 13:04:05
MSTCLTD,615.5,-0.44,2026-08-03 13:04:06
MGL,1116.8,-0.33,2026-08-03 13:04:08
MAHSCOOTER,13816.0,6.2,2026-08-03 13:04:09
MAHSEAMLES,577.5,2.15,2026-08-03 13:04:10
M&MFIN,402.8,4.42,2026-08-03 13:04:11
M&M,3394.3,-0.12,2026-08-03 13:04:12
MAHLIFE,397.0,1.11,2026-08-03 13:04:13
MANINFRA,99.98,1.94,2026-08-03 13:04:14
MANAPPURAM,364.05,-2.1,2026-08-03 13:04:15
MRPL,174.6,2.74,2026-08-03 13:04:16
MANKIND,2477.1,0.3,2026-08-03 13:04:18
MANORAMA,1627.8,1.45,2026-08-03 13:04:19
MARICO,874.45,0.44,2026-08-03 13:04:20
MARKSANS,262.5,1.61,2026-08-03 13:04:21
MARUTI,14150.0,-0.59,2026-08-03 13:04:22
MASTEK,1902.0,1.45,2026-08-03 13:04:23
MAXESTATES,401.45,2.1,2026-08-03 13:04:24
MFSL,1519.1,1.34,2026-08-03 13:04:25
MAXHEALTH,1105.0,0.59,2026-08-03 13:04:26
MAZDOCK,2384.0,0.09,2026-08-03 13:04:28
MEDPLUS,700.0,-0.7,2026-08-03 13:04:29
METROPOLIS,595.4,2.22,2026-08-03 13:04:30
MINDACORP,734.9,4.84,2026-08-03 13:04:31
MIDHANI,403.65,1.93,2026-08-03 13:04:32
MSUMI,41.52,2.24,2026-08-03 13:04:33
MOTILALOFS,866.75,1.74,2026-08-03 13:04:34
MPHASIS,2409.6,2.87,2026-08-03 13:04:35
BECTORFOOD,211.5,2.44,2026-08-03 13:04:36
MCX,2639.4,-1.96,2026-08-03 13:04:38
MUTHOOTFIN,2882.0,-7.62,2026-08-03 13:04:39
NATCOPHARM,933.15,1.76,2026-08-03 13:04:40
NBCC,95.67,0.92,2026-08-03 13:04:41
NCC,144.49,2.42,2026-08-03 13:04:42
NEOGEN,2052.5,1.45,2026-08-03 13:04:43
NESCO,1080.0,1.43,2026-08-03 13:04:44
NHPC,79.38,0.83,2026-08-03 13:04:45
NLCINDIA,298.95,0.35,2026-08-03 13:04:46
NMDC,83.53,-1.78,2026-08-03 13:04:48
NSLNISP,43.35,0.77,2026-08-03 13:04:49
NTPCGREEN,90.76,0.81,2026-08-03 13:04:50
NTPC,347.0,-0.07,2026-08-03 13:04:51
NH,1922.9,-5.24,2026-08-03 13:04:52
NATIONALUM,362.0,3.41,2026-08-03 13:04:53
NFL,72.01,0.76,2026-08-03 13:04:54
NAVA,582.65,5.28,2026-08-03 13:04:55
NAVINFLUOR,7638.0,0.93,2026-08-03 13:04:56
NAZARA,338.65,-0.1,2026-08-03 13:04:58
NESTLEIND,1516.3,0.44,2026-08-03 13:04:59
NETWEB,4661.0,3.03,2026-08-03 13:05:00
NETWORK18,29.54,0.31,2026-08-03 13:05:01
NEULANDLAB,19812.0,4.04,2026-08-03 13:05:02
NEWGEN,564.5,1.58,2026-08-03 13:05:03
NAM-INDIA,1168.0,0.57,2026-08-03 13:05:04
NIVABUPA,87.72,0.82,2026-08-03 13:05:05
NUVAMA,1765.4,-2.13,2026-08-03 13:05:07
NUVOCO,350.05,1.57,2026-08-03 13:05:08
OBEROIRLTY,1822.1,-0.31,2026-08-03 13:05:09
ONGC,240.42,-0.87,2026-08-03 13:05:10
OIL,450.55,-1.76,2026-08-03 13:05:11
OLAELEC,38.79,0.34,2026-08-03 13:05:12
OLECTRA,1348.5,1.84,2026-08-03 13:05:13
PAYTM,1418.0,5.58,2026-08-03 13:05:14
ONESOURCE,1589.9,-1.84,2026-08-03 13:05:15
OPTIEMUS,653.1,2.42,2026-08-03 13:05:17
OFSS,11390.0,1.82,2026-08-03 13:05:18
ORCHPHARMA,990.5,0.4,2026-08-03 13:05:19
ORIENTCEM,139.53,2.12,2026-08-03 13:05:20
OSWALPUMPS,334.0,1.47,2026-08-03 13:05:21
PNGJL,661.3,-1.34,2026-08-03 13:05:22
POLICYBZR,1621.1,1.22,2026-08-03 13:05:23
PCJEWELLER,9.6,3.67,2026-08-03 13:05:24
PCBL,328.75,3.41,2026-08-03 13:05:26
PGEL,622.0,1.41,2026-08-03 13:05:27
PIIND,2822.7,2.6,2026-08-03 13:05:28
PNBHOUSING,1083.6,2.9,2026-08-03 13:05:29
PNCINFRA,251.3,2.1,2026-08-03 13:05:30
PTC,178.0,1.41,2026-08-03 13:05:31
PTCIL,17844.0,0.6,2026-08-03 13:05:32
PVRINOX,1136.6,0.53,2026-08-03 13:05:33
PAGEIND,40220.0,-0.38,2026-08-03 13:05:34
PARADEEP,148.06,0.5,2026-08-03 13:05:36
PARAS,1311.2,4.35,2026-08-03 13:05:37
PATANJALI,354.7,0.03,2026-08-03 13:05:38
PATELENG,28.6,4.65,2026-08-03 13:05:39
PGIL,2099.0,1.66,2026-08-03 13:05:40
PERSISTENT,5548.5,-0.01,2026-08-03 13:05:41
PETRONET,280.65,-0.04,2026-08-03 13:05:42
PFIZER,4894.4,1.46,2026-08-03 13:05:43
PHOENIXLTD,1927.2,1.79,2026-08-03 13:05:44
PIDILITIND,1628.8,1.08,2026-08-03 13:05:46
PPLPHARMA,201.93,3.23,2026-08-03 13:05:47
POLYMED,1730.1,1.65,2026-08-03 13:05:48
POLYCAB,9060.0,-0.51,2026-08-03 13:05:49
POLYPLEX,1093.3,-1.09,2026-08-03 13:05:50
POONAWALLA,470.15,1.42,2026-08-03 13:05:51
PFC,419.4,-1.17,2026-08-03 13:05:52
POWERGRID,284.1,-0.05,2026-08-03 13:05:53
POWERMECH,2594.0,1.08,2026-08-03 13:05:54
PRAJIND,314.65,0.88,2026-08-03 13:05:56
PREMIERENE,1027.0,0.47,2026-08-03 13:05:57
PRESTIGE,1629.0,0.79,2026-08-03 13:05:58
PRICOLLTD,726.8,4.33,2026-08-03 13:05:59
PRINCEPIPE,263.4,-0.23,2026-08-03 13:06:00
PRSMJOHNSN,109.01,2.4,2026-08-03 13:06:01
PRIVISCL,3630.1,0.36,2026-08-03 13:06:02
PGHH,8661.5,0.79,2026-08-03 13:06:03
PRUDENT,3317.8,0.78,2026-08-03 13:06:04
PNB,113.4,0.61,2026-08-03 13:06:06
PURVA,209.71,-0.51,2026-08-03 13:06:07
QUESS,343.4,3.26,2026-08-03 13:06:08
RRKABEL,2632.0,1.12,2026-08-03 13:06:09
RBLBANK,378.5,0.8,2026-08-03 13:06:10
RECLTD,369.4,-0.95,2026-08-03 13:06:11
RHIM,412.4,6.14,2026-08-03 13:06:12
RITES,219.11,2.34,2026-08-03 13:06:13
RADICO,4412.9,1.66,2026-08-03 13:06:14
RVNL,229.7,1.87,2026-08-03 13:06:16
RAILTEL,286.65,0.76,2026-08-03 13:06:17
RAIN,230.28,3.29,2026-08-03 13:06:18
RAINBOW,1571.2,3.0,2026-08-03 13:06:19
RALLIS,217.7,0.26,2026-08-03 13:06:20
RKFORGE,668.6,2.68,2026-08-03 13:06:21
RCF,128.2,0.63,2026-08-03 13:06:22
RATEGAIN,970.25,5.65,2026-08-03 13:06:23
RATNAMANI,2397.0,1.62,2026-08-03 13:06:24
RTNINDIA,32.65,4.18,2026-08-03 13:06:26
RTNPOWER,8.76,0.57,2026-08-03 13:06:27
RAYMONDLSL,732.1,3.04,2026-08-03 13:06:28
REDINGTON,346.6,7.76,2026-08-03 13:06:29
REFEX,306.45,1.21,2026-08-03 13:06:30
RELAXO,408.85,1.21,2026-08-03 13:06:31
RELIANCE,1309.3,0.11,2026-08-03 13:06:32
RPOWER,24.18,3.29,2026-08-03 13:06:33
RELIGARE,258.65,2.17,2026-08-03 13:06:35
RBA,69.58,4.41,2026-08-03 13:06:36
ROUTE,542.6,0.48,2026-08-03 13:06:37
SBFC,91.9,1.66,2026-08-03 13:06:38
SBICARD,666.9,1.02,2026-08-03 13:06:39
SBILIFE,1906.0,1.28,2026-08-03 13:06:40
SJVN,69.38,1.11,2026-08-03 13:06:41
SKYGOLD,676.15,5.04,2026-08-03 13:06:43
SRF,2650.5,1.07,2026-08-03 13:06:44
SAFARI,1523.5,-2.31,2026-08-03 13:06:45
SAGILITY,43.9,1.15,2026-08-03 13:06:46
SAILIFE,1343.2,2.14,2026-08-03 13:06:47
SAMHI,182.33,1.38,2026-08-03 13:06:48
SAMMAANCAP,162.99,0.34,2026-08-03 13:06:49
MOTHERSON,153.79,2.02,2026-08-03 13:06:51
SANDUMA,211.24,-0.75,2026-08-03 13:06:52
SANOFICONR,4561.2,-1.08,2026-08-03 13:06:53
SANOFI,3389.6,2.16,2026-08-03 13:06:54
SANSERA,3447.8,3.01,2026-08-03 13:06:55
SAPPHIRE,186.38,0.69,2026-08-03 13:06:56
SARDAEN,524.0,1.43,2026-08-03 13:06:57
SAREGAMA,521.75,-0.21,2026-08-03 13:06:58
SCHAEFFLER,4117.2,0.93,2026-08-03 13:06:59
SCHNEIDER,1368.0,0.94,2026-08-03 13:07:01
SENCO,393.3,-2.46,2026-08-03 13:07:02
SHAILY,3068.0,0.22,2026-08-03 13:07:03
SHAKTIPUMP,520.65,0.05,2026-08-03 13:07:04
SHARDACROP,829.2,1.15,2026-08-03 13:07:05
SHARDAMOTR,907.4,4.14,2026-08-03 13:07:06
SHAREINDIA,178.1,-0.21,2026-08-03 13:07:07
SFL,792.6,1.12,2026-08-03 13:07:08
SHILPAMED,620.85,1.57,2026-08-03 13:07:10
SCI,292.4,0.33,2026-08-03 13:07:11
SHREECEM,26780.0,2.78,2026-08-03 13:07:12
RENUKA,22.27,1.83,2026-08-03 13:07:13
SHRIRAMFIN,1082.4,3.41,2026-08-03 13:07:14
SHRIPISTON,4508.0,2.57,2026-08-03 13:07:15
SHYAMMETL,1027.7,-0.35,2026-08-03 13:07:16
ENRIN,3256.8,0.8,2026-08-03 13:07:17
SIEMENS,3883.0,3.27,2026-08-03 13:07:18
SIGNATURE,831.0,1.29,2026-08-03 13:07:20
SKIPPER,540.8,2.47,2026-08-03 13:07:21
SOBHA,1376.0,0.28,2026-08-03 13:07:22
SOLARINDS,18653.0,1.42,2026-08-03 13:07:23
SONACOMS,781.4,1.56,2026-08-03 13:07:24
SONATSOFTW,340.1,5.47,2026-08-03 13:07:25
SOUTHBANK,47.3,1.28,2026-08-03 13:07:26
STARCEMENT,204.79,0.99,2026-08-03 13:07:27
STARHEALTH,587.85,-2.19,2026-08-03 13:07:28
SBIN,1040.5,1.28,2026-08-03 13:07:30
SAIL,170.29,0.75,2026-08-03 13:07:31
SWSOLAR,208.55,2.25,2026-08-03 13:07:32
STAR,1029.0,0.39,2026-08-03 13:07:33
STYRENIX,2487.0,0.42,2026-08-03 13:07:34
SUBROS,827.05,0.95,2026-08-03 13:07:35
SUDARSCHEM,1074.8,6.01,2026-08-03 13:07:36
SUMICHEM,514.9,0.9,2026-08-03 13:07:37
SPARC,208.38,1.05,2026-08-03 13:07:39
SUNPHARMA,1960.0,-1.53,2026-08-03 13:07:40
SUNTV,507.75,-0.18,2026-08-03 13:07:41
SUNDARMFIN,4723.4,1.24,2026-08-03 13:07:42
SUNDRMFAST,989.3,1.21,2026-08-03 13:07:43
SUNFLAG,365.2,-0.03,2026-08-03 13:07:44
SUNTECK,304.5,0.73,2026-08-03 13:07:45
SUPREMEIND,3512.0,1.34,2026-08-03 13:07:46
SUPRIYA,888.65,2.5,2026-08-03 13:07:47
SURYAROSNI,238.1,-0.54,2026-08-03 13:07:49
SUZLON,48.81,1.67,2026-08-03 13:07:50
SWANCORP,309.5,0.55,2026-08-03 13:07:51
SWIGGY,286.75,0.66,2026-08-03 13:07:52
SYMPHONY,684.5,-0.54,2026-08-03 13:07:53
SYNGENE,402.75,4.37,2026-08-03 13:07:54
SYRMA,1369.6,0.2,2026-08-03 13:07:55
TARC,135.87,-1.01,2026-08-03 13:07:56
TBOTEK,1615.0,5.47,2026-08-03 13:07:57
TDPOWERSYS,1118.2,-1.13,2026-08-03 13:07:59
TSFINV,456.2,0.82,2026-08-03 13:08:00
TVSMOTOR,4319.2,0.14,2026-08-03 13:08:01
TVSSCS,137.37,1.67,2026-08-03 13:08:02
TANLA,613.3,4.56,2026-08-03 13:08:03
TATACHEM,677.55,0.59,2026-08-03 13:08:04
TATACOMM,1786.5,1.71,2026-08-03 13:08:05
TCS,2435.4,2.95,2026-08-03 13:08:06
TATACONSUM,1094.3,1.03,2026-08-03 13:08:07
TATAELXSI,3747.1,2.02,2026-08-03 13:08:09
TATAINVEST,678.1,-0.2,2026-08-03 13:08:10
TMPV,348.05,2.44,2026-08-03 13:08:11
TATAPOWER,379.75,-0.25,2026-08-03 13:08:12
TATASTEEL,190.2,0.27,2026-08-03 13:08:13
TATATECH,764.35,2.23,2026-08-03 13:08:14
TTML,40.12,0.43,2026-08-03 13:08:15
TEAMLEASE,1248.1,1.07,2026-08-03 13:08:16
TECHM,1638.9,-0.75,2026-08-03 13:08:17
TECHNOE,1001.45,2.16,2026-08-03 13:08:19
TEGA,1562.0,5.15,2026-08-03 13:08:20
TEJASNET,521.75,1.71,2026-08-03 13:08:21
TEXRAIL,112.94,1.39,2026-08-03 13:08:22
THANGAMAYL,4965.5,-4.99,2026-08-03 13:08:23
ANUP,2190.0,0.79,2026-08-03 13:08:24
NIACL,175.99,1.37,2026-08-03 13:08:25
RAMCOCEM,939.4,2.3,2026-08-03 13:08:26
THERMAX,4130.9,-4.07,2026-08-03 13:08:27
THOMASCOOK,108.29,3.86,2026-08-03 13:08:28
THYROCARE,595.95,2.93,2026-08-03 13:08:30
TI,470.75,1.2,2026-08-03 13:08:31
TIMETECHNO,204.15,-2.11,2026-08-03 13:08:32
TIMKEN,3201.4,1.78,2026-08-03 13:08:33
TIPSMUSIC,682.35,2.14,2026-08-03 13:08:34
TITAGARH,857.1,3.87,2026-08-03 13:08:35
TITAN,4897.0,0.45,2026-08-03 13:08:36
TORNTPHARM,5047.0,-1.48,2026-08-03 13:08:37
TORNTPOWER,1393.1,-1.43,2026-08-03 13:08:39
TARIL,296.7,0.07,2026-08-03 13:08:40
TRANSRAILL,501.65,-0.26,2026-08-03 13:08:41
TRENT,3019.3,0.45,2026-08-03 13:08:42
TRIDENT,25.01,1.21,2026-08-03 13:08:43
TRITURBINE,608.4,1.11,2026-08-03 13:08:44
TIINDIA,2746.0,-0.25,2026-08-03 13:08:45
UCOBANK,26.35,0.69,2026-08-03 13:08:46
UNOMINDA,1210.2,2.52,2026-08-03 13:08:47
UPL,617.0,2.1,2026-08-03 13:08:48
UTIAMC,908.45,0.59,2026-08-03 13:08:50
UJJIVANSFB,72.69,1.31,2026-08-03 13:08:51
ULTRACEMCO,11987.0,0.71,2026-08-03 13:08:52
UNIMECH,1270.0,2.76,2026-08-03 13:08:53
UNIONBANK,174.02,1.62,2026-08-03 13:08:54
UBL,1439.1,1.43,2026-08-03 13:08:55
UNITDSPR,1523.1,0.47,2026-08-03 13:08:56
USHAMART,510.7,2.97,2026-08-03 13:08:57
VGUARD,314.85,0.11,2026-08-03 13:08:59
VMART,766.9,-1.57,2026-08-03 13:09:00
VIPIND,306.0,2.36,2026-08-03 13:09:01
V2RETAIL,218.5,-0.38,2026-08-03 13:09:02
VSTIND,218.94,-1.16,2026-08-03 13:09:03
WABAG,1987.0,0.5,2026-08-03 13:09:04
VAIBHAVGBL,268.35,0.75,2026-08-03 13:09:05
VTL,581.7,-0.7,2026-08-03 13:09:06
VARROC,694.3,2.22,2026-08-03 13:09:07
VBL,447.05,1.07,2026-08-03 13:09:08
MANYAVAR,413.65,-0.24,2026-08-03 13:09:10
VEDL,265.15,0.34,2026-08-03 13:09:11
VENTIVE,623.5,-0.18,2026-08-03 13:09:12
VESUVIUS,456.75,2.93,2026-08-03 13:09:13
VIJAYA,1354.9,0.78,2026-08-03 13:09:14
VINATIORGA,1328.3,1.82,2026-08-03 13:09:15
VMM,110.5,3.17,2026-08-03 13:09:16
VIYASH,264.25,4.86,2026-08-03 13:09:17
IDEA,12.93,-0.61,2026-08-03 13:09:18
VOLTAMP,9990.0,0.68,2026-08-03 13:09:19
VOLTAS,1328.7,-0.02,2026-08-03 13:09:21
WAAREEENER,2686.6,0.24,2026-08-03 13:09:22
WAAREERTL,918.5,0.58,2026-08-03 13:09:23
WEBELSOLAR,98.45,1.82,2026-08-03 13:09:24
WELCORP,1708.8,3.53,2026-08-03 13:09:25
WELENT,595.9,0.61,2026-08-03 13:09:26
WELSPUNLIV,157.19,0.8,2026-08-03 13:09:27
WESTLIFE,528.4,4.2,2026-08-03 13:09:28
WHIRLPOOL,825.2,2.78,2026-08-03 13:09:29
WIPRO,186.55,1.58,2026-08-03 13:09:30
WOCKPHARMA,2003.6,2.24,2026-08-03 13:09:32
YATHARTH,840.65,2.71,2026-08-03 13:09:33
YESBANK,22.78,0.04,2026-08-03 13:09:34
ZFCVINDIA,2455.3,1.55,2026-08-03 13:09:35
ZAGGLE,206.17,0.77,2026-08-03 13:09:36
ZEEL,101.49,-11.4,2026-08-03 13:09:37
ZENTEC,1666.8,2.62,2026-08-03 13:09:38
ZENSARTECH,507.8,-0.03,2026-08-03 13:09:39
ZYDUSLIFE,1112.5,-1.27,2026-08-03 13:09:40
ZYDUSWELL,566.95,-1.84,2026-08-03 13:09:41
ECLERX,1926.8,4.41,2026-08-03 13:09:43
EMUDHRA,480.9,3.62,2026-08-03 13:09:44
