Date,Stocks_Above_200_SMA,Financial Services,Diversified,Healthcare,Chemicals,Capital Goods,Fast Moving Consumer Goods,Consumer Services,Forest Materials,Construction Materials,Power,Metals & Mining,Services,Oil Gas & Consumable Fuels,Construction,Information Technology,Consumer Durables,Textiles,Realty,Automobile and Auto Components,Telecommunication,Utilities,Media Entertainment & Publication
2021-03-15,0,0,0,0,0,0,0,0,0,0,0,0,0,0,0,0,0,0,0,0,0,0,0
2021-03-16,0,0,0,0,0,0,0,0,0,0,0,0,0,0,0,0,0,0,0,0,0,0,0
2021-03-17,0,0,0,0,0,0,0,0,0,0,0,0,0,0,0,0,0,0,0,0,0,0,0
2021-03-18,0,0,0,0,0,0,0,0,0,0,0,0,0,0,0,0,0,0,0,0,0,0,0
2021-03-19,0,0,0,0,0,0,0,0,0,0,0,0,0,0,0,0,0,0,0,0,0,0,0
2021-03-22,0,0,0,0,0,0,0,0,0,0,0,0,0,0,0,0,0,0,0,0,0,0,0
2021-03-23,0,0,0,0,0,0,0,0,0,0,0,0,0,0,0,0,0,0,0,0,0,0,0
2021-03-24,0,0,0,0,0,0,0,0,0,0,0,0,0,0,0,0,0,0,0,0,0,0,0
2021-03-25,0,0,0,0,0,0,0,0,0,0,0,0,0,0,0,0,0,0,0,0,0,0,0
2021-03-26,0,0,0,0,0,0,0,0,0,0,0,0,0,0,0,0,0,0,0,0,0,0,0
2021-03-30,0,0,0,0,0,0,0,0,0,0,0,0,0,0,0,0,0,0,0,0,0,0,0
2021-03-31,0,0,0,0,0,0,0,0,0,0,0,0,0,0,0,0,0,0,0,0,0,0,0
2021-04-01,0,0,0,0,0,0,0,0,0,0,0,0,0,0,0,0,0,0,0,0,0,0,0
2021-04-05,0,0,0,0,0,0,0,0,0,0,0,0,0,0,0,0,0,0,0,0,0,0,0
2021-04-06,0,0,0,0,0,0,0,0,0,0,0,0,0,0,0,0,0,0,0,0,0,0,0
2021-04-07,0,0,0,0,0,0,0,0,0,0,0,0,0,0,0,0,0,0,0,0,0,0,0
2021-04-08,0,0,0,0,0,0,0,0,0,0,0,0,0,0,0,0,0,0,0,0,0,0,0
2021-04-09,0,0,0,0,0,0,0,0,0,0,0,0,0,0,0,0,0,0,0,0,0,0,0
2021-04-12,0,0,0,0,0,0,0,0,0,0,0,0,0,0,0,0,0,0,0,0,0,0,0
2021-04-13,0,0,0,0,0,0,0,0,0,0,0,0,0,0,0,0,0,0,0,0,0,0,0
2021-04-15,0,0,0,0,0,0,0,0,0,0,0,0,0,0,0,0,0,0,0,0,0,0,0
2021-04-16,0,0,0,0,0,0,0,0,0,0,0,0,0,0,0,0,0,0,0,0,0,0,0
2021-04-19,0,0,0,0,0,0,0,0,0,0,0,0,0,0,0,0,0,0,0,0,0,0,0
2021-04-20,0,0,0,0,0,0,0,0,0,0,0,0,0,0,0,0,0,0,0,0,0,0,0
2021-04-22,0,0,0,0,0,0,0,0,0,0,0,0,0,0,0,0,0,0,0,0,0,0,0
2021-04-23,0,0,0,0,0,0,0,0,0,0,0,0,0,0,0,0,0,0,0,0,0,0,0
2021-04-26,0,0,0,0,0,0,0,0,0,0,0,0,0,0,0,0,0,0,0,0,0,0,0
2021-04-27,0,0,0,0,0,0,0,0,0,0,0,0,0,0,0,0,0,0,0,0,0,0,0
2021-04-28,0,0,0,0,0,0,0,0,0,0,0,0,0,0,0,0,0,0,0,0,0,0,0
2021-04-29,0,0,0,0,0,0,0,0,0,0,0,0,0,0,0,0,0,0,0,0,0,0,0
2021-04-30,0,0,0,0,0,0,0,0,0,0,0,0,0,0,0,0,0,0,0,0,0,0,0
2021-05-03,0,0,0,0,0,0,0,0,0,0,0,0,0,0,0,0,0,0,0,0,0,0,0
2021-05-04,0,0,0,0,0,0,0,0,0,0,0,0,0,0,0,0,0,0,0,0,0,0,0
2021-05-05,0,0,0,0,0,0,0,0,0,0,0,0,0,0,0,0,0,0,0,0,0,0,0
2021-05-06,0,0,0,0,0,0,0,0,0,0,0,0,0,0,0,0,0,0,0,0,0,0,0
2021-05-07,0,0,0,0,0,0,0,0,0,0,0,0,0,0,0,0,0,0,0,0,0,0,0
2021-05-10,0,0,0,0,0,0,0,0,0,0,0,0,0,0,0,0,0,0,0,0,0,0,0
2021-05-11,0,0,0,0,0,0,0,0,0,0,0,0,0,0,0,0,0,0,0,0,0,0,0
2021-05-12,0,0,0,0,0,0,0,0,0,0,0,0,0,0,0,0,0,0,0,0,0,0,0
2021-05-14,0,0,0,0,0,0,0,0,0,0,0,0,0,0,0,0,0,0,0,0,0,0,0
2021-05-17,0,0,0,0,0,0,0,0,0,0,0,0,0,0,0,0,0,0,0,0,0,0,0
2021-05-18,0,0,0,0,0,0,0,0,0,0,0,0,0,0,0,0,0,0,0,0,0,0,0
2021-05-19,0,0,0,0,0,0,0,0,0,0,0,0,0,0,0,0,0,0,0,0,0,0,0
2021-05-20,0,0,0,0,0,0,0,0,0,0,0,0,0,0,0,0,0,0,0,0,0,0,0
2021-05-21,0,0,0,0,0,0,0,0,0,0,0,0,0,0,0,0,0,0,0,0,0,0,0
2021-05-24,0,0,0,0,0,0,0,0,0,0,0,0,0,0,0,0,0,0,0,0,0,0,0
2021-05-25,0,0,0,0,0,0,0,0,0,0,0,0,0,0,0,0,0,0,0,0,0,0,0
2021-05-26,0,0,0,0,0,0,0,0,0,0,0,0,0,0,0,0,0,0,0,0,0,0,0
2021-05-27,0,0,0,0,0,0,0,0,0,0,0,0,0,0,0,0,0,0,0,0,0,0,0
2021-05-28,0,0,0,0,0,0,0,0,0,0,0,0,0,0,0,0,0,0,0,0,0,0,0
2021-05-31,0,0,0,0,0,0,0,0,0,0,0,0,0,0,0,0,0,0,0,0,0,0,0
2021-06-01,0,0,0,0,0,0,0,0,0,0,0,0,0,0,0,0,0,0,0,0,0,0,0
2021-06-02,0,0,0,0,0,0,0,0,0,0,0,0,0,0,0,0,0,0,0,0,0,0,0
2021-06-03,0,0,0,0,0,0,0,0,0,0,0,0,0,0,0,0,0,0,0,0,0,0,0
2021-06-04,0,0,0,0,0,0,0,0,0,0,0,0,0,0,0,0,0,0,0,0,0,0,0
2021-06-07,0,0,0,0,0,0,0,0,0,0,0,0,0,0,0,0,0,0,0,0,0,0,0
2021-06-08,0,0,0,0,0,0,0,0,0,0,0,0,0,0,0,0,0,0,0,0,0,0,0
2021-06-09,0,0,0,0,0,0,0,0,0,0,0,0,0,0,0,0,0,0,0,0,0,0,0
2021-06-10,0,0,0,0,0,0,0,0,0,0,0,0,0,0,0,0,0,0,0,0,0,0,0
2021-06-11,0,0,0,0,0,0,0,0,0,0,0,0,0,0,0,0,0,0,0,0,0,0,0
2021-06-14,0,0,0,0,0,0,0,0,0,0,0,0,0,0,0,0,0,0,0,0,0,0,0
2021-06-15,0,0,0,0,0,0,0,0,0,0,0,0,0,0,0,0,0,0,0,0,0,0,0
2021-06-16,0,0,0,0,0,0,0,0,0,0,0,0,0,0,0,0,0,0,0,0,0,0,0
2021-06-17,0,0,0,0,0,0,0,0,0,0,0,0,0,0,0,0,0,0,0,0,0,0,0
2021-06-18,0,0,0,0,0,0,0,0,0,0,0,0,0,0,0,0,0,0,0,0,0,0,0
2021-06-21,0,0,0,0,0,0,0,0,0,0,0,0,0,0,0,0,0,0,0,0,0,0,0
2021-06-22,0,0,0,0,0,0,0,0,0,0,0,0,0,0,0,0,0,0,0,0,0,0,0
2021-06-23,0,0,0,0,0,0,0,0,0,0,0,0,0,0,0,0,0,0,0,0,0,0,0
2021-06-24,0,0,0,0,0,0,0,0,0,0,0,0,0,0,0,0,0,0,0,0,0,0,0
2021-06-25,0,0,0,0,0,0,0,0,0,0,0,0,0,0,0,0,0,0,0,0,0,0,0
2021-06-28,0,0,0,0,0,0,0,0,0,0,0,0,0,0,0,0,0,0,0,0,0,0,0
2021-06-29,0,0,0,0,0,0,0,0,0,0,0,0,0,0,0,0,0,0,0,0,0,0,0
2021-06-30,0,0,0,0,0,0,0,0,0,0,0,0,0,0,0,0,0,0,0,0,0,0,0
2021-07-01,0,0,0,0,0,0,0,0,0,0,0,0,0,0,0,0,0,0,0,0,0,0,0
2021-07-02,0,0,0,0,0,0,0,0,0,0,0,0,0,0,0,0,0,0,0,0,0,0,0
2021-07-05,0,0,0,0,0,0,0,0,0,0,0,0,0,0,0,0,0,0,0,0,0,0,0
2021-07-06,0,0,0,0,0,0,0,0,0,0,0,0,0,0,0,0,0,0,0,0,0,0,0
2021-07-07,0,0,0,0,0,0,0,0,0,0,0,0,0,0,0,0,0,0,0,0,0,0,0
2021-07-08,0,0,0,0,0,0,0,0,0,0,0,0,0,0,0,0,0,0,0,0,0,0,0
2021-07-09,114,20,1,4,7,17,7,5,0,1,1,5,4,4,5,8,10,3,1,9,0,0,2
2021-07-12,115,20,1,5,7,17,7,5,0,1,1,5,4,4,5,8,10,3,1,9,0,0,2
2021-07-13,115,20,1,5,7,17,7,5,0,1,1,5,4,4,5,8,10,3,1,9,0,0,2
2021-07-14,115,20,1,5,7,17,7,5,0,1,1,5,4,4,5,8,10,3,1,9,0,0,2
2021-07-15,114,20,1,4,7,17,7,5,0,1,1,5,4,4,5,8,10,3,1,9,0,0,2
2021-07-16,114,20,1,4,7,17,7,5,0,1,1,5,4,4,5,8,10,3,1,9,0,0,2
2021-07-19,114,20,1,4,7,17,7,5,0,1,1,5,4,4,5,8,10,3,1,9,0,0,2
2021-07-20,113,20,1,4,7,17,7,5,0,1,1,5,4,4,5,7,10,3,1,9,0,0,2
2021-07-22,113,20,1,4,7,17,7,5,0,1,1,5,4,4,5,7,10,3,1,9,0,0,2
2021-07-23,114,21,1,4,7,17,7,5,0,1,1,5,4,4,5,7,10,3,1,9,0,0,2
2021-07-26,114,21,1,4,7,17,7,5,0,1,1,5,4,4,5,7,10,3,1,9,0,0,2
2021-07-27,113,21,1,3,7,17,7,5,0,1,1,5,4,4,5,7,10,3,1,9,0,0,2
2021-07-28,112,20,1,4,7,17,7,5,0,1,1,5,4,4,4,7,10,3,1,9,0,0,2
2021-07-29,111,19,1,4,7,17,7,5,0,1,1,5,4,4,4,7,10,3,1,9,0,0,2
2021-07-30,111,20,1,4,7,17,7,5,0,1,1,5,4,3,4,7,10,3,1,9,0,0,2
2021-08-02,113,20,1,4,7,17,7,5,0,1,1,5,4,4,5,7,10,3,1,9,0,0,2
2021-08-03,113,20,1,4,7,17,7,5,0,1,1,5,4,4,5,7,10,3,1,9,0,0,2
2021-08-04,112,20,1,4,7,17,7,5,0,1,1,5,4,4,4,7,10,3,1,9,0,0,2
2021-08-05,111,19,1,4,7,17,7,5,0,1,1,5,4,4,4,7,10,3,1,9,0,0,2
2021-08-06,113,21,1,4,7,17,7,5,0,1,1,5,4,4,4,7,10,3,1,9,0,0,2
2021-08-09,112,20,1,4,7,17,7,5,0,1,1,5,4,4,4,7,10,3,1,9,0,0,2
2021-08-10,110,19,1,4,7,16,7,5,0,1,1,5,4,4,4,7,10,3,1,9,0,0,2
2021-08-11,109,19,1,4,7,16,7,5,0,1,1,5,4,4,4,7,9,3,1,9,0,0,2
2021-08-12,108,18,1,4,7,16,7,5,0,1,1,5,4,4,4,7,9,3,1,9,0,0,2
2021-08-13,109,18,1,4,7,16,7,5,0,1,1,5,4,4,4,7,10,3,1,9,0,0,2
2021-08-16,109,19,1,4,7,16,7,5,0,1,1,5,4,4,4,7,9,3,1,9,0,0,2
2021-08-17,108,19,1,4,7,16,7,4,0,1,1,5,4,4,4,7,9,3,1,9,0,0,2
2021-08-18,106,17,1,4,7,16,7,4,0,1,1,5,4,4,4,7,9,3,1,9,0,0,2
2021-08-20,104,15,1,4,7,16,7,4,0,1,1,5,4,4,4,7,9,3,1,9,0,0,2
2021-08-23,102,15,1,4,7,15,7,4,0,1,1,5,4,4,4,7,9,3,1,8,0,0,2
2021-08-24,105,16,1,4,7,16,7,4,0,1,1,5,4,4,4,7,9,3,1,9,0,0,2
2021-08-25,104,15,1,4,7,16,7,4,0,1,1,5,4,4,4,7,9,3,1,9,0,0,2
2021-08-26,105,16,1,4,7,16,7,4,0,1,1,5,4,4,4,7,9,3,1,9,0,0,2
2021-08-27,106,17,1,4,7,16,7,4,0,1,1,5,4,4,4,7,9,3,1,9,0,0,2
2021-08-30,109,18,1,4,7,16,7,5,0,1,1,5,4,4,4,8,9,3,1,9,0,0,2
2021-08-31,110,19,1,4,7,16,7,5,0,1,1,5,4,4,4,8,9,3,1,9,0,0,2
2021-09-01,110,19,1,4,7,16,7,5,0,1,1,5,4,4,4,8,9,3,1,9,0,0,2
2021-09-02,110,19,1,4,7,16,7,5,0,1,1,5,4,4,4,8,9,3,1,9,0,0,2
2021-09-03,110,19,1,4,7,16,7,5,0,1,1,5,4,4,4,8,9,3,1,9,0,0,2
2021-09-06,111,20,1,4,7,16,7,5,0,1,1,5,4,4,4,8,9,3,1,9,0,0,2
2021-09-07,488,65,3,34,35,77,33,20,2,14,16,18,17,15,22,26,25,14,11,27,9,1,4
2021-09-08,484,64,3,35,34,77,33,20,2,14,16,18,17,15,20,26,26,14,11,26,8,1,4
2021-09-09,490,66,3,35,36,77,34,21,2,14,16,17,17,15,21,26,26,13,11,26,9,1,4
2021-09-13,489,64,3,37,37,77,33,21,2,14,16,18,17,15,20,26,25,13,11,27,8,1,4
2021-09-14,497,65,3,37,38,78,33,20,2,14,16,18,18,15,21,26,25,13,11,28,9,1,6
2021-09-15,504,67,3,37,38,77,34,21,2,14,17,18,18,16,22,26,26,13,11,28,9,1,6
2021-09-16,503,70,3,36,38,77,34,21,2,14,17,17,18,16,21,25,26,13,11,28,10,1,5
2021-09-17,493,66,3,35,35,78,34,21,2,14,17,17,16,15,21,25,25,13,11,29,10,1,5
2021-09-20,476,62,3,34,34,77,33,20,2,14,16,14,16,14,18,25,26,13,11,28,10,1,5
2021-09-21,477,62,3,34,34,77,33,20,2,14,16,15,17,13,19,25,25,13,11,28,10,1,5
2021-09-22,487,65,3,34,35,77,33,21,2,14,17,15,18,14,20,25,25,13,11,28,10,1,6
2021-09-23,495,69,3,35,35,78,33,21,2,14,17,15,18,14,22,25,25,13,11,28,10,1,6
2021-09-24,486,65,3,34,34,77,33,21,2,14,17,14,18,14,22,25,24,13,11,28,10,1,6
2021-09-27,488,65,3,34,35,77,33,21,2,14,17,14,17,14,22,25,24,13,11,31,10,1,5
2021-09-28,485,65,3,33,35,76,33,21,2,14,17,14,18,14,19,25,25,13,11,31,10,1,5
2021-09-29,490,67,3,34,34,76,33,21,2,14,17,15,18,14,21,25,25,13,11,31,10,1,5
2021-09-30,492,66,3,34,34,77,33,21,2,14,17,15,18,15,20,26,26,13,11,30,11,1,5
2021-10-01,490,66,3,34,34,76,33,21,2,14,17,14,18,14,21,26,25,13,11,30,11,1,6
2021-10-04,496,67,3,35,34,76,34,22,2,14,17,16,18,13,23,26,25,13,11,29,11,1,6
2021-10-05,502,67,3,35,35,77,34,22,2,14,17,16,18,14,23,26,26,13,11,31,11,1,6
2021-10-06,497,67,3,34,36,77,33,22,2,14,17,17,17,14,22,26,25,13,11,30,10,1,6
2021-10-07,505,69,3,34,36,78,33,22,2,14,17,17,18,14,24,26,26,14,11,30,10,1,6
2021-10-08,506,69,3,34,36,79,33,22,2,14,17,17,17,14,23,26,26,13,12,32,10,1,6
2021-10-11,509,69,3,34,36,79,34,22,2,14,17,18,17,14,23,26,25,13,12,34,10,1,6
2021-10-12,511,70,3,34,35,80,34,22,2,14,17,18,17,15,23,26,25,13,12,34,10,1,6
2021-10-13,514,72,3,35,36,80,34,22,2,14,17,18,17,14,22,26,25,13,12,34,11,1,6
2021-10-14,510,71,3,36,35,79,34,22,2,13,17,18,17,14,22,26,25,13,12,33,11,1,6
2021-10-18,511,72,3,34,35,79,35,22,2,13,17,18,17,14,22,26,26,13,12,33,11,1,6
2021-10-19,503,71,3,33,35,79,34,22,2,11,17,18,17,14,21,26,24,13,12,33,11,1,6
2021-10-20,487,69,3,31,34,75,33,22,2,11,16,17,17,13,20,26,24,13,12,31,11,1,6
2021-10-21,480,69,3,30,33,76,32,21,2,11,16,16,17,14,20,26,22,13,12,29,11,1,6
2021-10-22,473,65,3,30,33,76,32,21,2,10,16,16,16,14,20,26,22,13,12,29,10,1,6
2021-10-25,454,62,3,29,32,69,29,20,2,10,16,16,15,13,20,26,21,13,12,29,10,1,6
2021-10-26,462,65,3,29,31,72,30,20,2,11,16,16,15,13,20,26,22,13,12,29,10,1,6
2021-10-27,462,65,3,29,31,72,30,20,2,12,16,16,15,13,19,26,22,12,12,29,11,1,6
2021-10-28,450,60,3,26,30,72,29,19,2,12,16,16,14,13,19,26,23,12,12,29,10,1,6
2021-10-29,445,60,3,28,29,70,29,20,2,12,16,14,14,13,18,26,22,12,12,29,9,1,6
2021-11-01,448,61,3,27,30,70,28,20,2,12,16,15,14,13,18,26,22,13,12,29,10,1,6
2021-11-02,455,63,3,27,30,72,30,20,2,12,16,15,15,13,18,26,22,13,12,29,10,1,6
2021-11-03,447,62,3,25,29,70,27,20,2,12,16,16,15,13,18,26,22,13,12,29,10,1,6
2021-11-04,461,63,3,28,31,72,30,20,2,12,16,17,16,13,19,26,22,13,12,29,10,1,6
2021-11-08,471,67,3,27,28,73,32,20,2,13,16,17,17,14,18,26,24,13,12,31,11,1,6
2021-11-09,477,70,3,27,32,74,30,20,2,13,16,17,17,14,18,26,24,13,12,31,11,1,6
2021-11-10,472,67,3,28,32,73,30,20,2,13,16,16,17,14,19,26,24,13,12,31,9,1,6
2021-11-11,465,65,3,27,29,77,29,20,2,13,16,16,16,13,18,26,23,12,12,32,9,1,6
2021-11-12,467,64,3,28,29,75,30,20,2,13,16,16,16,14,19,26,24,13,12,31,9,1,6
2021-11-15,457,60,3,29,30,73,27,20,2,13,16,16,15,13,19,26,25,12,12,30,9,1,6
2021-11-16,453,60,3,29,30,72,29,20,2,12,16,15,15,11,18,26,25,12,12,30,9,1,6
2021-11-17,451,60,3,29,31,72,26,20,2,12,16,15,15,10,18,26,25,12,12,31,9,1,6
2021-11-18,434,56,3,27,28,71,26,20,2,12,16,15,14,10,16,26,23,12,12,28,10,1,6
2021-11-22,395,48,3,25,23,65,24,19,2,10,16,13,12,9,15,25,20,12,12,26,9,1,6
2021-11-23,411,51,3,27,27,67,24,20,2,10,16,15,14,10,14,25,20,12,12,26,9,1,6
2021-11-24,413,51,3,24,27,68,24,20,2,10,16,15,14,10,14,26,21,12,12,28,9,1,6
2021-11-25,413,51,3,26,26,68,23,20,2,10,16,14,13,10,15,26,20,13,12,28,10,1,6
2021-11-26,383,44,2,26,23,63,22,19,2,10,16,12,12,10,13,25,20,12,12,25,9,1,5
2021-11-29,365,43,2,25,20,57,20,19,2,10,16,11,12,8,13,25,20,12,12,23,9,1,5
2021-11-30,368,42,2,26,23,58,20,19,2,10,15,11,12,9,13,25,20,12,12,22,9,1,5
2021-12-01,372,44,2,25,24,62,19,19,2,8,16,10,12,9,13,25,20,12,12,23,9,1,5
2021-12-02,391,48,2,25,26,64,22,19,2,10,16,11,13,9,14,25,20,12,12,26,9,1,5
2021-12-03,392,47,3,26,25,64,21,19,2,10,16,13,13,9,14,25,20,12,12,25,9,1,6
2021-12-06,368,43,3,23,25,63,18,19,2,8,16,13,12,7,11,25,20,12,12,21,9,1,5
2021-12-07,384,47,3,24,26,64,19,19,2,9,16,13,13,8,13,25,19,12,12,24,9,1,6
2021-12-08,401,51,3,27,26,65,19,19,2,11,17,14,13,9,13,25,19,12,12,27,10,1,6
2021-12-09,412,53,2,27,27,66,22,20,2,11,17,14,13,9,15,26,20,12,12,27,10,1,6
2021-12-10,421,54,2,27,28,65,23,20,2,11,17,15,14,9,16,26,22,13,12,28,10,1,6
2021-12-13,412,53,2,27,28,64,22,20,2,11,17,15,13,8,15,26,21,13,12,27,9,1,6
2021-12-14,403,50,2,26,28,63,21,19,2,10,17,16,13,8,15,25,20,13,12,27,9,1,6
2021-12-15,402,47,2,25,27,64,22,20,2,11,17,15,13,8,15,26,20,13,12,28,9,1,5
2021-12-16,389,44,2,24,28,62,20,19,2,10,17,14,13,7,14,26,20,13,12,27,9,1,5
2021-12-17,354,34,2,22,24,58,19,18,2,8,17,12,12,7,12,25,20,13,12,24,8,1,4
2021-12-20,300,24,2,19,19,52,15,16,1,5,15,10,7,4,12,24,20,12,11,20,8,0,4
2021-12-21,317,27,2,20,21,54,15,16,1,5,16,12,8,6,12,25,20,13,12,20,8,0,4
2021-12-22,328,28,2,22,22,56,16,16,2,7,16,12,8,6,12,24,20,13,12,22,8,0,4
2021-12-23,340,31,2,22,23,56,18,18,2,8,16,11,11,7,12,24,20,13,12,22,8,0,4
2021-12-24,331,30,2,20,24,55,18,16,1,6,16,10,11,6,12,24,20,13,12,23,8,0,4
2021-12-27,334,30,2,23,24,56,17,17,1,7,16,11,9,6,13,24,20,13,11,22,8,0,4
2021-12-28,359,33,2,26,28,58,18,18,2,8,17,11,11,7,12,24,21,13,12,25,9,0,4
2021-12-29,365,35,2,26,30,59,18,18,2,9,16,11,12,7,12,25,20,13,12,25,9,0,4
2021-12-30,359,32,2,27,30,60,18,18,2,9,16,10,11,6,12,25,20,13,12,24,8,0,4
2021-12-31,367,31,2,26,33,61,20,18,2,9,16,10,12,7,13,25,21,13,12,24,8,0,4
2022-01-03,392,38,3,27,32,67,21,18,2,11,16,11,13,8,14,25,22,13,12,27,8,0,4
2022-01-04,393,39,3,27,32,67,19,18,2,11,16,12,12,8,14,26,21,14,12,28,8,0,4
2022-01-05,402,42,3,26,33,65,22,18,2,12,16,13,12,8,15,25,23,14,12,28,9,0,4
2022-01-06,401,42,3,25,33,67,22,18,2,10,16,13,12,8,16,25,21,14,12,29,9,0,4
2022-01-07,403,43,3,24,32,67,22,19,2,12,16,13,11,9,16,25,23,13,12,28,9,0,4
2022-01-10,413,46,3,23,33,67,22,20,2,12,17,12,12,9,17,26,22,14,12,30,9,0,5
2022-01-11,415,46,2,24,33,69,21,19,2,12,17,12,11,9,18,26,22,14,12,29,11,1,5
2022-01-12,417,45,2,24,34,68,21,20,2,12,17,12,13,9,18,26,24,14,12,28,10,1,5
2022-01-13,427,47,2,26,35,69,22,20,2,11,17,14,14,9,18,26,23,14,12,30,10,1,5
2022-01-14,428,48,2,25,35,68,22,20,2,12,17,15,13,9,18,26,23,14,12,30,11,1,5
2022-01-17,436,51,2,23,35,71,23,20,2,12,17,15,14,9,18,25,23,14,12,32,11,1,6
2022-01-18,410,43,2,21,34,68,20,19,2,11,17,12,14,9,18,25,22,14,12,31,9,1,6
2022-01-19,407,45,2,18,34,69,20,18,2,11,17,10,14,10,19,25,22,14,12,30,8,1,6
2022-01-20,402,42,2,20,35,68,19,19,2,11,16,12,12,10,18,25,21,14,12,29,9,0,6
2022-01-21,378,38,2,19,31,67,18,18,2,9,16,11,10,9,16,24,20,14,12,28,8,0,6
2022-01-24,325,34,2,15,27,58,16,16,2,6,16,9,9,8,12,20,16,13,11,23,6,0,6
2022-01-25,337,40,2,16,28,60,16,17,2,6,16,9,8,8,12,21,16,12,11,25,6,0,6
2022-01-27,327,44,2,13,28,58,15,17,2,6,16,9,9,8,12,18,13,12,11,22,6,0,6
2022-01-28,330,44,2,13,28,57,16,17,2,7,16,9,9,9,11,19,15,12,11,21,6,0,6
2022-01-31,341,43,2,14,30,61,16,17,2,7,16,9,9,8,13,20,16,12,11,23,6,0,6
2022-02-01,354,44,2,15,28,63,18,16,2,9,16,10,11,9,14,22,16,12,11,24,6,0,6
2022-02-02,372,48,2,16,30,65,16,17,2,9,16,10,13,9,16,22,16,12,12,27,7,1,6
2022-02-03,364,45,2,16,30,65,16,17,2,9,16,11,12,10,12,21,16,12,12,27,7,0,6
2022-02-04,352,45,2,15,28,64,16,16,2,9,16,13,10,9,12,20,16,12,12,23,6,0,6
2022-02-07,345,42,2,14,29,63,16,16,2,9,16,13,10,10,13,19,16,10,12,22,6,0,5
2022-02-08,329,41,2,14,28,58,15,16,2,6,16,13,10,8,12,18,16,10,12,21,6,0,5
2022-02-09,337,41,2,14,27,61,15,16,2,8,16,13,10,9,12,19,16,10,12,23,6,0,5
2022-02-10,333,43,2,14,27,58,15,15,2,6,16,15,10,8,12,19,16,10,12,22,6,0,5
2022-02-11,317,40,1,13,26,54,15,16,2,5,15,15,10,7,12,17,16,10,12,20,6,0,5
2022-02-14,265,33,1,9,20,47,12,13,2,3,14,10,7,6,11,15,15,10,10,18,5,0,4
2022-02-15,295,35,1,11,23,50,13,16,2,4,14,11,8,8,12,16,16,10,12,21,7,0,5
2022-02-16,302,36,1,13,24,51,13,15,2,4,14,11,11,8,12,16,16,10,11,22,7,0,5
2022-02-17,287,35,1,11,22,49,13,15,2,3,14,9,8,8,12,15,16,10,11,22,6,0,5
2022-02-18,287,34,1,10,22,50,13,15,2,3,14,10,8,8,12,15,16,10,11,22,6,0,5
2022-02-21,265,35,1,8,21,46,12,14,2,2,13,9,7,7,10,14,16,10,9,19,6,0,4
2022-02-22,236,29,1,8,19,41,10,13,1,2,11,9,4,6,9,13,15,9,9,18,5,0,4
2022-02-23,251,31,1,8,20,44,12,13,1,2,12,9,5,6,10,14,15,10,9,19,6,0,4
2022-02-24,171,15,0,6,14,36,9,11,0,0,7,7,2,3,6,10,9,9,7,13,3,0,4
2022-02-25,212,24,1,6,18,41,10,13,0,1,9,9,4,4,9,12,12,9,9,14,3,0,4
2022-02-28,227,25,1,4,19,44,10,13,1,1,11,9,4,5,10,13,13,9,9,17,5,0,4
2022-03-02,221,23,1,5,18,41,10,13,1,1,12,13,4,6,10,13,12,9,9,12,4,0,4
2022-03-03,226,21,1,7,19,42,11,13,1,0,13,12,6,6,10,15,11,9,9,12,4,0,4
2022-03-04,202,15,1,7,15,41,11,13,1,0,11,11,4,5,6,14,11,9,8,11,4,0,4
2022-03-07,172,11,0,6,15,37,8,11,1,0,10,9,3,5,5,13,10,8,4,9,3,0,4
2022-03-08,191,12,0,7,16,41,9,12,1,0,11,11,3,6,5,16,11,8,6,10,2,0,4
2022-03-09,213,16,1,9,17,43,10,14,1,1,11,11,4,7,5,16,11,9,8,10,5,0,4
2022-03-10,222,19,1,7,19,45,10,14,1,1,13,11,3,8,7,16,11,9,8,10,5,0,4
2022-03-11,236,20,1,9,23,46,10,14,1,1,13,13,5,9,6,16,12,9,8,11,5,0,4
2022-03-14,233,20,1,8,23,45,10,15,1,1,12,12,5,8,8,16,13,9,7,10,5,0,4
2022-03-15,223,17,1,7,22,44,11,14,1,1,11,10,5,8,8,16,13,9,6,11,4,0,4
2022-03-16,237,21,1,7,24,45,11,15,2,1,12,11,4,8,9,16,13,9,6,14,4,0,4
2022-03-17,249,24,1,7,27,47,14,15,2,1,12,12,5,8,7,16,13,9,7,13,5,0,4
2022-03-21,246,22,1,8,27,48,11,14,2,1,11,12,5,7,8,16,14,9,8,13,5,0,4
2022-03-22,248,25,1,9,27,48,12,14,2,1,11,12,4,7,7,16,14,10,6,14,4,0,4
2022-03-23,248,25,1,11,26,47,12,13,2,1,10,13,4,7,7,16,14,10,7,14,4,0,4
2022-03-24,249,23,1,10,26,47,12,13,2,1,10,14,6,8,7,17,14,10,6,13,4,0,5
2022-03-25,250,25,1,10,25,47,11,13,2,1,11,14,8,8,7,17,14,10,6,11,4,0,5
2022-03-28,246,23,1,11,24,47,11,13,2,1,11,14,7,8,6,17,13,9,7,13,3,0,5
2022-03-29,249,23,1,13,23,46,12,13,2,1,10,14,8,8,6,17,12,9,7,15,4,0,5
2022-03-30,263,26,1,14,24,49,12,14,2,2,10,14,8,7,6,17,13,10,8,17,4,0,5
2022-03-31,265,25,1,13,26,48,13,14,2,2,10,14,9,8,6,17,13,10,7,17,5,0,5
2022-04-01,279,28,1,12,27,51,15,14,2,2,11,14,9,8,8,17,13,10,8,19,5,0,5
2022-04-04,293,35,1,13,28,52,14,14,2,2,13,14,11,8,9,17,13,10,8,19,5,0,5
2022-04-05,307,34,1,12,30,54,18,14,2,2,15,15,12,9,11,17,14,10,8,19,5,0,5
2022-04-06,312,35,1,11,30,57,17,15,2,2,16,15,13,9,10,17,14,10,8,19,6,0,5
2022-04-07,306,34,1,12,29,56,17,14,2,2,16,16,12,9,9,17,13,10,8,18,6,0,5
2022-04-08,320,35,1,13,31,59,16,14,2,2,16,16,12,10,11,16,15,10,8,21,7,0,5
2022-04-11,324,36,1,14,31,60,17,14,2,3,16,16,13,10,12,15,14,10,8,20,6,0,6
2022-04-12,311,35,1,13,30,59,17,14,2,2,14,15,12,9,10,14,14,10,8,20,6,0,6
2022-04-13,307,34,1,13,31,57,16,14,2,2,15,15,11,10,11,14,15,10,8,18,5,0,5
2022-04-18,294,33,1,11,29,56,16,13,2,2,16,16,11,9,11,9,14,9,7,19,5,0,5
2022-04-19,290,32,1,12,27,56,15,14,2,2,16,16,10,10,9,9,15,10,7,18,5,0,4
2022-04-20,286,29,1,12,27,55,16,14,2,2,16,16,10,10,9,8,14,9,7,20,5,0,4
2022-04-21,307,32,1,15,30,59,15,14,2,4,15,16,11,11,11,10,14,10,7,21,5,0,4
2022-04-22,302,31,1,13,29,60,17,14,2,3,15,16,11,10,11,9,15,9,7,20,5,0,4
2022-04-25,278,29,1,14,26,55,17,12,2,3,14,14,10,9,10,8,13,9,6,18,4,0,4
2022-04-26,293,31,1,12,26,58,19,13,2,4,14,14,10,10,12,8,13,9,7,21,5,0,4
2022-04-27,286,30,1,14,24,57,18,13,2,4,13,13,9,9,12,7,14,10,7,20,5,0,4
2022-04-28,294,29,1,13,27,58,19,14,2,4,15,14,9,9,11,9,14,10,7,21,4,0,4
2022-04-29,274,26,1,13,24,57,17,12,1,3,14,12,9,9,11,8,14,10,6,20,4,0,3
2022-05-02,268,26,1,13,26,51,18,12,1,3,13,13,8,9,11,8,14,8,6,19,4,0,4
2022-05-04,224,24,1,10,21,42,15,10,1,1,12,11,6,9,8,8,11,8,5,14,4,0,3
2022-05-05,222,24,1,10,18,46,13,10,1,1,11,11,6,9,8,6,10,8,6,16,4,0,3
2022-05-06,198,20,1,5,20,43,12,10,1,0,10,9,4,9,6,5,10,8,5,13,4,0,3
2022-05-09,175,18,0,5,18,38,12,10,1,0,10,6,4,9,5,4,9,7,3,10,4,0,2
2022-05-10,161,17,0,3,17,37,12,8,1,0,10,5,4,9,4,3,8,7,2,9,3,0,2
2022-05-11,154,15,0,4,17,37,10,8,1,0,10,5,4,9,3,3,6,7,2,10,2,0,1
2022-05-12,138,11,1,3,17,32,10,8,1,0,10,5,3,8,2,3,6,7,2,6,2,0,1
2022-05-13,152,13,0,4,17,34,12,8,1,0,10,4,3,8,4,3,8,7,2,10,1,0,3
2022-05-16,155,13,0,4,18,38,12,8,1,0,10,4,3,8,4,3,6,7,2,12,1,0,1
2022-05-17,177,17,0,4,20,40,13,9,1,0,11,5,5,9,6,3,7,7,3,12,2,0,3
2022-05-18,184,18,0,5,21,43,12,9,1,0,11,5,4,9,6,4,7,7,2,15,2,0,3
2022-05-19,169,17,0,5,19,38,12,8,1,0,11,5,2,9,6,4,6,7,2,14,2,0,1
2022-05-20,191,16,0,6,20,44,13,10,1,0,11,5,5,10,7,4,6,7,2,17,3,0,4
2022-05-23,192,17,0,6,21,42,17,9,1,0,11,3,5,9,7,4,7,7,3,18,2,0,3
2022-05-24,178,17,0,4,20,41,15,8,1,0,11,3,4,8,8,3,6,7,2,17,1,0,2
2022-05-25,156,12,0,4,17,39,15,7,1,0,11,2,2,9,5,2,5,7,2,14,1,0,1
2022-05-26,162,16,0,6,17,36,16,7,1,0,11,3,3,8,5,2,4,6,2,17,1,0,1
2022-05-27,171,16,0,8,19,39,15,7,1,0,11,3,4,6,5,3,4,7,2,19,1,0,1
2022-05-30,189,21,0,7,20,39,16,9,1,0,11,3,5,7,8,4,5,7,3,21,1,0,1
2022-05-31,192,21,0,9,21,40,15,10,1,0,11,4,5,7,7,4,6,7,3,19,1,0,1
2022-06-01,196,21,0,8,22,42,13,10,1,0,10,4,5,8,8,4,6,7,3,21,2,0,1
2022-06-02,204,24,0,7,21,45,14,10,2,0,12,4,6,8,6,5,6,7,3,20,3,0,1
2022-06-03,194,23,0,6,20,43,14,10,2,0,10,4,4,9,6,5,6,7,3,19,2,0,1
2022-06-06,189,22,0,5,21,39,13,11,2,0,11,3,4,10,6,4,5,6,4,20,2,0,1
2022-06-07,177,21,0,5,19,39,13,10,1,0,12,3,2,10,6,4,4,6,3,17,1,0,1
2022-06-08,176,20,0,6,19,38,13,10,1,0,13,3,2,9,6,4,4,6,4,15,1,0,2
2022-06-09,178,20,0,6,18,38,13,8,1,0,13,4,3,10,5,4,4,6,4,17,2,0,2
2022-06-10,169,16,0,6,18,37,12,10,1,0,11,4,4,10,5,3,3,6,3,17,2,0,1
2022-06-13,140,12,0,3,17,34,9,8,1,0,11,2,2,8,4,2,3,6,2,14,1,0,1
2022-06-14,140,13,0,3,16,34,11,7,1,0,11,2,2,8,5,2,2,6,2,12,2,0,1
2022-06-15,143,15,0,3,17,35,12,7,1,0,10,2,2,7,3,2,3,6,2,13,2,0,1
2022-06-16,110,10,0,2,14,32,6,7,1,0,6,2,2,6,1,1,3,4,2,10,0,0,1
2022-06-17,108,10,0,2,14,32,8,7,1,0,5,2,1,6,1,1,2,3,2,10,0,0,1
2022-06-20,90,6,0,2,11,27,6,6,1,0,6,2,1,6,1,1,2,2,2,7,0,0,1
2022-06-21,106,7,0,2,15,29,7,6,1,0,7,2,2,6,1,1,4,2,3,10,0,0,1
2022-06-22,104,7,0,2,14,31,7,6,1,0,7,2,2,5,2,1,3,2,2,9,0,0,1
2022-06-23,107,8,0,2,13,31,7,6,1,0,8,2,2,5,2,1,3,2,2,11,0,0,1
2022-06-24,120,11,0,3,14,31,7,6,1,0,8,2,2,5,2,1,3,3,3,17,0,0,1
2022-06-27,130,13,0,3,15,32,8,6,1,0,9,2,2,5,3,1,3,3,3,19,1,0,1
2022-06-28,136,12,0,3,15,35,8,6,1,0,9,3,2,6,3,2,3,4,3,20,0,0,1
2022-06-29,137,11,0,4,15,33,8,7,1,0,8,3,2,7,4,2,3,3,3,21,1,0,1
2022-06-30,128,9,0,3,15,33,7,6,1,0,7,3,2,6,4,2,3,3,3,19,1,0,1
2022-07-01,136,12,0,5,14,32,10,7,1,0,7,3,2,5,4,1,3,3,3,22,1,0,1
2022-07-04,141,12,0,4,15,32,11,9,1,0,8,2,2,5,4,1,3,4,3,23,1,0,1
2022-07-05,145,11,0,5,15,34,13,9,1,0,9,2,2,4,4,1,3,5,3,22,1,0,1
2022-07-06,154,13,0,6,15,34,16,9,1,1,8,2,3,5,4,1,2,4,3,24,1,0,2
2022-07-07,163,17,0,6,15,37,15,9,1,0,9,2,3,5,4,1,3,5,3,26,1,0,1
2022-07-08,167,18,1,7,14,36,16,9,1,1,8,2,3,5,4,1,3,5,3,27,1,0,2
2022-07-11,179,20,1,10,18,37,18,9,1,1,8,3,3,5,3,1,4,5,3,26,1,0,2
2022-07-12,174,18,1,9,18,35,16,10,1,1,9,2,3,4,4,1,4,5,3,26,2,0,2
2022-07-13,177,20,1,13,17,35,16,10,1,1,9,2,3,4,6,1,3,3,3,26,2,0,1
2022-07-14,172,16,0,13,16,34,18,9,1,1,8,2,4,5,6,1,5,2,3,24,2,0,2
2022-07-15,182,19,0,13,17,35,18,9,1,1,8,2,4,5,6,1,7,2,3,27,2,0,2
2022-07-18,194,23,1,13,18,35,18,10,1,1,10,2,4,5,6,2,7,3,3,28,2,0,2
2022-07-19,204,22,1,15,20,39,18,10,1,1,9,2,5,5,6,2,7,3,6,28,2,0,2
2022-07-20,211,22,0,15,20,41,21,11,1,1,9,2,5,5,6,4,6,3,7,28,2,0,2
2022-07-21,229,26,1,14,21,43,23,12,1,1,9,3,5,6,8,4,6,6,7,29,2,0,2
2022-07-22,229,27,1,13,21,44,23,12,1,1,9,3,5,6,8,5,7,5,6,28,2,0,2
2022-07-25,232,29,1,13,22,43,24,12,1,1,8,3,4,7,8,5,8,5,6,28,2,0,2
2022-07-26,211,26,1,10,22,41,22,11,1,1,7,2,4,6,7,2,7,5,6,26,2,0,2
2022-07-27,218,29,1,11,22,41,22,10,1,1,8,4,4,7,8,3,7,5,5,25,2,0,2
2022-07-28,237,35,1,12,23,48,22,11,1,1,8,4,4,7,8,3,7,4,8,27,2,0,1
2022-07-29,261,38,1,14,22,52,22,12,2,4,10,4,5,8,9,4,10,5,7,28,2,0,2
2022-08-01,282,39,1,14,30,53,25,13,2,3,11,4,5,8,10,5,14,4,7,30,2,0,2
2022-08-02,291,41,1,13,27,54,29,13,2,2,13,5,6,7,11,5,17,4,7,30,2,0,2
2022-08-03,287,40,1,15,27,53,24,13,2,3,13,3,7,7,11,5,16,4,7,32,2,0,2
2022-08-04,281,41,2,16,29,51,23,13,2,3,11,3,7,6,12,3,15,4,6,31,2,0,1
2022-08-05,281,41,2,15,29,50,23,14,2,5,13,3,6,7,10,4,14,3,6,30,3,0,1
2022-08-08,292,45,2,17,28,50,26,14,2,5,12,3,7,6,10,3,16,4,7,30,4,0,1
2022-08-10,280,42,1,16,27,51,23,14,2,4,13,3,5,6,11,3,15,4,6,29,4,0,1
2022-08-11,296,45,1,17,28,52,26,14,2,3,13,4,6,8,11,5,16,3,8,29,4,0,1
2022-08-12,291,45,1,15,28,54,24,13,2,3,13,4,7,8,10,5,15,3,7,29,4,0,1
2022-08-16,306,48,1,17,28,56,23,12,2,3,13,5,6,10,10,6,17,3,7,33,4,0,2
2022-08-17,323,51,1,17,29,57,25,14,2,5,15,5,7,10,11,7,18,3,8,32,4,0,2
2022-08-18,332,51,2,17,29,59,25,15,2,8,15,6,7,10,11,7,19,4,8,32,4,0,1
2022-08-19,316,46,2,16,29,56,26,14,2,6,14,4,6,10,12,7,18,4,6,32,4,0,2
2022-08-22,286,44,0,14,26,53,26,14,2,4,13,3,6,8,10,5,15,4,4,30,3,0,2
2022-08-23,312,49,0,16,28,60,26,14,2,5,13,5,6,8,11,6,16,5,7,30,3,0,2
2022-08-24,319,47,0,17,29,59,27,14,2,6,13,5,6,9,12,6,16,6,7,32,4,0,2
2022-08-25,333,54,2,16,30,62,28,15,2,6,13,5,6,9,12,6,17,6,7,32,3,0,2
2022-08-26,345,56,2,16,30,63,28,15,2,6,15,6,7,11,15,6,17,6,7,31,4,0,2
2022-08-29,341,49,2,16,29,66,28,14,2,6,15,6,9,10,15,6,18,3,8,33,4,0,2
2022-08-30,357,53,2,18,29,68,28,15,2,7,16,7,9,11,15,6,18,5,9,32,5,0,2
2022-09-01,361,55,2,19,32,68,27,15,2,6,15,7,9,10,17,6,18,4,8,34,5,0,2
2022-09-02,360,53,1,19,30,69,27,17,2,6,15,7,9,11,17,6,19,3,8,34,5,0,2
2022-09-05,370,57,2,19,30,73,27,16,2,6,16,8,8,11,17,6,19,4,8,34,5,0,2
2022-09-06,372,61,2,18,30,73,27,17,2,6,15,7,9,11,17,6,19,3,8,34,5,0,2
2022-09-07,383,62,2,19,30,73,27,18,2,9,16,8,10,11,18,5,19,4,9,34,5,0,2
2022-09-08,397,64,2,21,30,74,29,18,2,11,17,8,10,11,18,7,21,4,8,34,6,0,2
2022-09-09,396,65,2,22,28,73,29,18,2,11,17,6,11,11,18,7,20,4,10,34,6,0,2
2022-09-12,407,66,2,21,33,73,31,18,2,13,17,6,11,11,18,8,21,3,10,34,6,0,3
2022-09-13,414,70,2,20,34,73,31,19,2,13,17,7,12,11,19,8,21,3,9,34,6,0,3
2022-09-14,412,70,2,20,34,72,32,19,2,13,17,7,12,11,18,7,21,3,9,34,6,0,3
2022-09-15,413,71,2,17,35,72,33,19,2,14,16,6,12,11,20,7,21,3,8,34,6,1,3
2022-09-16,367,61,2,15,28,71,28,18,2,11,15,6,9,8,15,6,20,2,8,34,6,0,2
2022-09-19,368,61,2,14,26,69,31,18,2,11,16,6,9,8,14,6,20,3,8,34,6,1,3
2022-09-20,382,64,2,17,28,69,33,18,2,12,16,6,10,9,15,6,20,3,8,34,6,1,3
2022-09-21,373,61,2,20,26,68,31,18,2,10,14,6,10,8,15,6,21,3,8,34,6,1,3
2022-09-22,371,62,2,21,27,68,33,18,2,10,14,6,8,8,15,6,18,3,7,33,6,1,3
2022-09-23,348,56,2,18,26,68,30,18,2,8,13,5,7,8,15,6,17,2,7,33,5,0,2
2022-09-26,296,44,1,16,22,63,27,17,1,8,11,2,7,5,11,6,15,3,5,28,3,0,1
2022-09-27,297,40,1,17,22,62,29,17,1,8,11,1,6,6,11,6,16,3,5,31,3,0,1
2022-09-28,290,39,1,18,22,61,28,17,1,7,9,1,7,6,11,6,17,2,5,27,4,0,1
2022-09-29,297,42,1,20,22,62,27,17,1,8,9,2,6,6,10,6,18,3,6,25,4,0,2
2022-09-30,322,50,1,21,23,64,30,17,1,9,10,3,7,7,12,6,18,3,6,28,4,0,2
2022-10-03,308,46,1,22,22,61,30,17,1,8,9,2,6,5,12,6,18,2,7,25,6,0,2
2022-10-04,340,56,1,25,24,63,32,18,1,9,11,3,7,5,13,6,18,3,7,30,6,0,2
2022-10-06,354,58,1,24,25,66,32,19,1,8,12,4,8,6,14,6,18,4,8,31,6,0,3
2022-10-07,352,57,1,24,26,65,31,19,1,8,11,5,7,6,16,6,18,4,8,29,6,1,3
2022-10-10,341,54,2,24,24,65,30,19,1,8,11,5,7,6,13,6,18,5,8,27,6,0,2
2022-10-11,313,50,2,21,22,63,25,19,1,8,11,3,8,5,13,6,16,3,5,25,5,0,2
2022-10-12,323,53,2,21,22,64,27,18,2,8,11,4,7,5,12,6,17,5,7,25,5,0,2
2022-10-13,316,50,2,21,22,64,27,19,1,8,10,4,6,5,12,6,15,5,6,26,5,0,2
2022-10-14,319,53,2,23,21,63,27,18,1,8,10,3,6,7,12,5,17,4,6,26,5,0,2
2022-10-17,317,55,2,22,22,64,25,19,1,8,11,3,6,5,13,4,16,3,5,26,5,0,2
2022-10-18,329,56,2,23,23,65,26,19,1,7,12,3,8,5,13,5,18,3,6,27,5,0,2
2022-10-19,331,56,2,25,21,67,25,19,1,8,12,3,8,5,13,5,16,3,6,28,5,0,3
2022-10-20,324,56,2,25,20,62,27,19,2,9,11,3,8,5,10,4,13,3,6,30,6,1,2
2022-10-21,321,56,2,26,21,62,26,19,2,9,11,3,8,5,9,5,13,4,6,27,5,0,2
2022-10-24,336,58,2,25,22,65,28,19,2,9,13,3,8,5,13,5,14,4,6,28,5,0,2
2022-10-25,330,59,2,26,21,60,27,19,1,9,12,3,8,7,14,5,13,3,6,28,5,0,2
2022-10-27,336,62,2,26,21,60,28,19,2,10,11,5,9,6,14,4,13,3,6,28,5,0,2
2022-10-28,342,64,2,27,22,61,26,19,2,9,11,5,8,7,15,4,12,5,7,29,5,0,2
2022-10-31,351,63,2,27,23,62,28,20,2,12,11,5,10,7,15,4,12,4,7,29,6,0,2
2022-11-01,357,64,2,28,22,62,28,20,2,12,12,5,9,7,16,5,13,5,7,30,6,0,2
2022-11-02,364,64,2,30,25,63,28,20,2,11,12,5,9,8,15,5,14,5,7,30,6,0,3
2022-11-03,365,64,1,29,26,64,28,20,2,12,12,5,10,7,15,5,14,4,7,31,6,0,3
2022-11-04,371,64,1,32,27,66,28,20,1,12,13,7,10,7,15,5,12,4,7,30,6,0,4
2022-11-07,383,67,1,32,25,66,29,20,1,13,14,8,10,8,17,5,12,4,8,32,6,1,4
2022-11-09,377,68,2,30,26,65,27,19,1,12,14,8,10,7,15,6,12,4,8,32,6,1,4
2022-11-10,371,68,2,29,23,65,27,19,1,12,13,7,10,8,15,6,12,4,7,32,6,1,4
2022-11-11,369,65,1,26,24,65,26,20,1,12,13,9,10,8,15,7,13,4,7,32,6,1,4
2022-11-14,383,66,1,31,24,66,27,21,1,12,13,11,10,8,14,12,12,4,8,32,6,1,3
2022-11-15,385,66,1,32,21,66,26,20,1,13,13,11,10,9,15,12,13,4,8,33,6,1,4
2022-11-16,375,66,1,32,22,66,25,20,1,12,11,8,10,8,17,11,12,4,6,33,6,1,3
2022-11-17,362,64,1,27,21,66,25,19,1,12,11,8,11,8,18,8,11,4,6,32,6,1,2
2022-11-18,358,64,1,27,21,67,25,18,1,11,11,7,11,8,17,7,12,4,5,31,7,1,2
2022-11-21,352,63,1,27,21,65,25,17,1,11,12,7,10,7,17,6,12,4,5,31,7,1,2
2022-11-22,356,63,1,28,21,64,25,17,1,11,13,8,10,7,17,8,12,4,5,31,7,1,2
2022-11-23,362,65,1,30,21,65,24,17,1,11,13,8,11,8,17,6,12,5,5,31,7,1,3
2022-11-24,375,67,1,27,21,66,26,18,1,11,12,8,11,9,19,12,13,5,5,31,7,1,4
2022-11-25,383,68,1,30,22,64,26,18,1,12,13,9,11,9,18,14,14,5,5,31,7,1,4
2022-11-28,395,69,1,32,22,67,26,18,1,12,13,8,15,11,18,13,14,5,7,31,7,1,4
2022-11-29,403,71,1,32,22,67,29,18,1,12,13,9,14,12,18,14,15,6,6,31,7,1,4
2022-11-30,416,72,2,34,22,68,31,18,1,12,14,11,14,12,20,12,14,6,7,34,7,1,4
2022-12-01,416,69,1,33,23,69,30,18,1,13,14,12,14,12,20,15,14,5,7,34,7,1,4
2022-12-02,427,70,1,32,23,68,30,20,1,13,13,15,16,13,22,16,15,5,7,34,7,1,5
2022-12-05,433,71,2,34,22,69,31,19,1,13,13,15,16,13,23,16,14,5,9,34,7,1,5
2022-12-06,424,69,2,34,22,69,32,20,1,13,13,14,15,12,22,14,13,5,10,32,7,1,4
2022-12-07,421,70,2,33,22,70,31,20,1,13,13,14,13,13,23,13,13,4,8,33,7,1,4
2022-12-08,426,70,2,35,23,69,32,19,1,14,12,15,13,13,22,14,14,4,8,33,7,1,5
2022-12-09,415,70,2,32,23,70,31,20,1,14,11,13,14,13,21,11,13,4,8,32,7,1,4
2022-12-12,418,69,2,33,22,71,32,21,1,15,12,14,13,14,21,10,13,4,8,31,7,1,4
2022-12-13,427,70,2,31,22,72,31,21,1,15,13,15,14,14,22,11,14,6,7,33,7,2,4
2022-12-14,432,72,2,31,23,72,29,21,1,15,13,15,14,17,22,12,14,5,7,33,7,2,5
2022-12-15,428,70,2,30,24,72,30,20,1,15,12,15,14,17,23,11,14,3,8,33,8,2,4
2022-12-16,418,70,2,30,22,72,32,19,1,14,12,14,15,16,22,9,12,4,6,33,8,2,3
2022-12-19,417,70,2,30,20,71,30,21,1,14,11,14,15,16,23,10,12,4,6,34,8,2,3
2022-12-20,411,71,1,30,21,70,30,20,1,13,11,14,15,15,23,9,12,3,6,34,8,2,2
2022-12-21,385,67,1,33,18,65,30,18,1,12,10,13,13,13,20,7,12,3,5,32,8,2,2
2022-12-22,358,66,1,30,16,61,29,16,1,12,7,10,13,11,19,7,11,3,4,31,6,2,2
2022-12-23,299,63,1,28,14,52,21,8,1,10,6,8,10,7,15,5,11,2,2,28,4,2,1
2022-12-26,332,65,1,28,16,60,23,13,1,10,7,9,12,7,19,5,11,2,4,30,5,2,2
2022-12-27,357,66,1,29,15,65,26,16,1,11,8,13,13,10,19,7,11,2,4,30,6,2,2
2022-12-28,365,67,1,29,15,67,27,15,1,11,7,13,14,10,20,7,12,2,5,31,7,2,2
2022-12-29,360,68,1,28,15,63,27,16,1,11,7,13,14,11,19,6,11,2,6,30,7,2,2
2022-12-30,371,69,1,29,18,64,27,16,1,11,7,14,14,11,21,7,12,2,6,30,7,2,2
2023-01-02,380,68,0,28,18,65,28,16,1,12,10,15,14,14,21,8,12,2,6,30,8,2,2
2023-01-03,381,69,0,30,17,64,26,17,1,14,9,15,14,14,21,9,11,2,6,30,8,2,2
2023-01-04,376,69,1,29,17,66,24,16,1,13,8,15,14,13,21,9,12,2,6,30,7,2,1
2023-01-05,376,66,1,29,17,66,27,13,1,13,8,15,13,14,21,9,12,2,6,32,7,2,2
2023-01-06,363,64,1,28,17,65,25,13,1,13,8,15,12,13,21,7,12,2,6,31,6,2,1
2023-01-09,370,65,2,29,17,66,25,13,1,13,6,15,13,15,21,10,13,2,6,30,6,2,0
2023-01-10,361,66,1,29,18,64,22,13,1,12,6,15,12,14,21,9,13,2,4,31,6,2,0
2023-01-11,364,66,1,27,16,66,23,14,1,12,6,16,12,14,21,10,13,3,4,31,6,2,0
2023-01-12,362,66,1,28,17,65,21,15,1,12,6,15,12,14,21,10,13,3,4,30,6,2,0
2023-01-13,365,66,1,29,17,64,20,15,1,12,6,16,12,13,21,10,12,3,4,32,8,2,1
2023-01-16,362,65,1,28,14,62,22,17,1,13,6,16,11,13,21,11,12,3,4,31,8,2,1
2023-01-17,352,62,1,26,13,62,20,16,1,13,6,16,10,13,21,12,11,3,5,32,6,2,1
2023-01-18,351,61,1,26,13,63,20,14,1,13,6,16,13,13,21,12,10,3,4,32,6,2,1
2023-01-19,352,61,1,27,13,65,19,14,1,13,6,17,12,13,21,13,11,2,4,30,6,2,1
2023-01-20,347,60,1,26,13,65,19,14,1,12,7,17,11,12,21,12,11,3,5,29,5,2,1
2023-01-23,346,64,1,27,13,63,20,13,1,11,7,17,11,12,20,13,10,3,4,29,4,2,1
2023-01-24,333,64,1,23,10,60,19,13,1,10,7,17,10,13,21,13,10,3,3,29,4,2,0
2023-01-25,323,63,1,19,8,62,19,11,1,8,6,17,11,13,20,13,10,3,4,28,4,2,0
2023-01-27,294,57,1,19,8,57,18,8,1,5,5,16,8,11,19,12,10,2,2,29,4,2,0
2023-01-30,296,58,1,18,8,56,16,9,1,7,6,16,9,11,19,12,9,2,2,30,4,2,0
2023-01-31,320,59,1,21,9,63,19,11,1,7,6,16,11,13,19,12,9,2,3,30,6,2,0
2023-02-01,306,56,1,20,9,60,17,9,1,8,6,16,10,12,18,12,10,2,3,30,4,2,0
2023-02-02,302,56,1,20,8,60,18,11,1,6,5,16,9,9,18,14,11,2,2,28,5,2,0
2023-02-03,298,58,1,19,7,59,16,10,1,7,5,13,10,9,18,13,11,2,3,29,5,2,0
2023-02-06,310,60,1,19,8,62,16,10,1,7,5,14,10,11,19,13,12,2,3,31,4,2,0
2023-02-07,315,60,1,20,9,62,15,9,1,8,5,14,11,12,18,15,12,2,3,31,5,2,0
2023-02-08,333,61,1,22,12,65,15,9,1,10,6,15,11,12,20,16,13,3,3,31,5,2,0
2023-02-09,331,60,1,22,11,62,14,11,1,9,6,14,11,12,21,17,13,3,3,33,5,2,0
2023-02-10,330,63,1,22,12,60,15,12,1,9,6,13,11,11,21,16,12,3,3,32,5,2,0
2023-02-13,318,59,1,20,12,58,16,11,1,9,6,13,10,11,21,16,12,3,2,29,5,2,1
2023-02-14,307,58,1,18,9,58,15,10,1,9,6,13,9,12,19,16,12,4,1,28,5,2,1
2023-02-15,314,59,0,18,10,57,15,10,1,9,8,14,9,12,20,18,11,4,2,28,6,2,1
2023-02-16,325,56,0,21,12,60,16,9,1,9,8,15,9,12,19,19,12,4,5,30,6,2,0
2023-02-17,318,52,0,19,12,61,15,10,1,9,8,14,9,13,19,19,12,4,3,29,7,2,0
2023-02-20,314,55,0,22,12,56,14,8,1,9,7,14,9,13,18,19,12,4,3,30,6,2,0
2023-02-21,307,55,0,21,10,56,14,8,1,9,7,14,9,10,19,19,11,4,2,30,6,2,0
2023-02-22,299,54,0,23,10,56,12,7,1,8,6,14,7,11,17,19,11,4,2,30,5,2,0
2023-02-23,295,53,0,24,9,55,12,8,1,8,7,14,8,11,17,19,8,5,1,28,5,2,0
2023-02-24,282,52,0,20,9,56,12,7,1,8,6,12,6,11,16,19,9,4,1,27,4,2,0
2023-02-27,267,54,0,20,6,53,12,6,1,8,7,12,5,10,16,16,8,4,1,24,2,2,0
2023-02-28,264,52,1,19,6,54,12,6,1,7,7,10,7,9,15,16,8,4,3,23,2,2,0
2023-03-01,271,54,1,19,8,54,12,5,1,7,8,11,7,10,15,16,8,4,2,24,3,2,0
2023-03-02,273,52,1,19,8,54,12,7,1,7,8,11,7,10,17,16,10,4,2,22,3,2,0
2023-03-03,290,55,1,21,9,57,14,7,1,7,8,13,8,10,18,15,9,4,3,23,5,2,0
2023-03-06,303,57,1,21,10,59,13,9,1,7,8,13,9,11,19,16,11,4,3,24,5,2,0
2023-03-08,309,57,1,21,12,58,13,9,1,7,8,12,10,11,22,16,9,5,2,28,5,2,0
2023-03-09,306,57,1,23,11,58,14,9,1,7,8,12,8,11,21,16,8,5,2,27,5,2,0
2023-03-10,297,54,1,23,10,54,13,10,1,7,8,12,10,11,22,15,8,4,1,27,4,2,0
2023-03-13,262,46,1,20,8,50,12,7,0,7,7,12,7,10,21,15,8,3,1,21,4,2,0
2023-03-14,251,40,1,20,8,49,13,8,0,7,7,11,6,12,19,14,8,3,1,19,3,2,0
2023-03-15,251,43,1,21,7,50,12,8,0,7,7,11,6,12,18,13,9,3,1,18,2,2,0
2023-03-16,252,41,1,20,8,50,12,8,0,7,7,10,6,13,18,13,10,4,1,19,2,2,0
2023-03-17,253,40,1,18,8,50,12,8,1,7,7,11,6,13,19,14,10,4,2,18,2,2,0
2023-03-20,240,39,1,18,8,50,11,9,0,7,7,9,5,11,16,12,10,3,2,17,3,2,0
2023-03-21,240,41,0,18,8,48,11,9,0,7,7,9,6,11,15,12,10,4,2,17,3,2,0
2023-03-22,247,42,0,18,10,49,12,8,0,7,7,10,7,11,17,12,10,4,2,16,3,2,0
2023-03-23,250,43,0,18,10,50,13,8,0,7,7,9,7,11,16,12,10,4,1,18,4,2,0
2023-03-24,236,40,0,19,9,49,12,6,0,7,5,8,5,11,15,12,10,4,1,18,3,2,0
2023-03-27,217,33,0,20,7,47,9,7,0,8,4,8,5,10,12,12,9,3,1,19,1,2,0
2023-03-28,214,36,0,22,7,46,8,5,0,7,5,6,4,10,13,12,8,2,1,18,2,2,0
2023-03-29,233,39,1,19,8,45,12,6,0,8,7,10,4,10,15,12,9,3,1,20,2,2,0
2023-03-31,248,42,1,20,9,49,14,7,0,8,7,10,5,10,16,12,9,3,1,20,3,2,0
2023-04-03,260,45,0,22,10,52,13,7,0,7,8,10,5,11,18,13,10,3,1,20,3,2,0
2023-04-05,277,46,0,23,12,54,16,8,0,8,8,12,5,11,20,14,10,3,1,21,3,2,0
2023-04-06,284,48,1,24,11,54,17,8,0,8,8,11,6,11,20,14,10,3,4,21,3,2,0
2023-04-10,289,47,1,24,12,54,15,8,0,8,8,11,6,11,20,15,11,4,6,23,3,2,0
2023-04-11,290,48,1,25,13,55,15,10,0,8,8,12,5,11,19,13,11,4,5,22,3,2,0
2023-04-12,292,48,1,24,14,55,16,10,0,8,8,12,5,11,18,13,11,5,6,22,3,2,0
2023-04-13,303,52,1,25,15,57,16,11,0,8,8,12,6,11,18,13,11,6,6,21,3,2,1
2023-04-17,309,54,1,26,14,58,17,12,0,9,8,13,6,11,19,11,11,6,7,22,2,2,0
2023-04-18,313,56,1,27,13,58,16,12,0,9,8,13,7,11,19,11,11,6,6,24,2,2,1
2023-04-19,314,55,1,25,14,59,20,12,0,10,8,13,7,12,19,11,11,5,7,21,1,2,1
2023-04-20,316,54,0,26,14,59,19,11,0,10,8,13,6,12,19,11,10,6,8,24,3,2,1
2023-04-21,309,54,0,28,14,58,19,11,0,10,8,10,6,12,20,11,10,5,6,23,2,2,0
2023-04-24,313,56,0,29,13,57,20,11,0,10,8,12,6,12,20,11,10,5,6,23,2,2,0
2023-04-25,326,56,1,29,13,60,20,12,0,10,8,12,8,12,23,11,10,5,7,23,4,2,0
2023-04-26,328,54,1,29,15,61,21,11,0,10,8,12,7,12,23,12,11,5,8,23,3,2,0
2023-04-27,332,56,1,28,15,60,19,11,0,10,8,13,7,13,23,14,11,5,8,24,4,2,0
2023-04-28,348,57,1,28,18,63,20,11,0,10,8,14,7,14,23,14,11,5,8,30,4,2,0
2023-05-02,361,61,1,29,18,63,21,11,0,10,8,15,7,14,23,16,12,8,8,30,4,2,0
2023-05-03,356,59,2,28,16,64,21,13,0,10,8,15,8,14,22,14,12,8,8,28,4,2,0
2023-05-04,376,62,2,30,20,67,23,13,0,11,8,15,8,14,24,14,14,8,8,29,4,2,0
2023-05-05,365,57,2,30,17,68,20,12,0,11,8,14,9,13,24,15,13,7,8,31,4,2,0
2023-05-08,379,62,2,31,18,69,20,13,0,11,8,15,9,13,24,15,12,7,8,34,5,2,1
2023-05-09,379,62,2,31,16,70,19,12,1,11,8,13,9,14,23,19,13,7,8,34,5,2,0
2023-05-10,386,64,2,32,15,70,21,14,1,11,8,14,9,14,23,17,13,8,8,34,5,2,1
2023-05-11,395,64,2,33,19,69,23,12,1,11,8,14,10,15,23,19,15,8,8,35,4,2,0
2023-05-12,386,63,2,32,18,69,21,11,1,10,8,12,10,14,23,19,16,7,8,36,4,2,0
2023-05-15,398,63,2,34,17,72,22,13,1,10,8,12,9,14,22,20,17,7,10,37,5,2,1
2023-05-16,400,63,2,34,17,75,22,12,1,11,8,13,9,14,22,20,17,9,8,35,5,2,1
2023-05-17,398,62,2,34,18,75,21,12,1,11,8,9,9,14,23,20,18,9,8,36,5,2,1
2023-05-18,390,60,2,33,17,73,23,14,1,9,8,9,9,14,22,20,18,8,7,36,4,2,1
2023-05-19,388,61,2,33,17,71,22,12,1,10,8,9,9,14,21,21,18,8,9,36,4,2,0
2023-05-22,396,61,2,33,16,73,23,12,1,11,8,10,10,14,21,23,17,9,9,35,4,2,2
2023-05-23,406,63,2,35,16,73,23,13,1,11,8,11,10,14,21,23,18,9,8,38,5,2,2
2023-05-24,404,63,2,36,18,73,24,13,1,11,8,9,10,14,21,23,17,8,8,36,5,2,2
2023-05-25,408,63,2,37,17,73,24,13,1,11,8,9,10,15,21,23,17,8,9,38,5,2,2
2023-05-26,417,64,2,36,19,73,25,13,1,11,8,11,10,16,21,24,19,7,10,38,5,2,2
2023-05-29,426,66,2,36,20,75,25,14,1,10,9,12,11,16,21,24,18,8,10,39,5,2,2
2023-05-30,425,66,2,36,21,74,25,15,1,10,9,11,11,16,21,24,18,7,10,39,5,2,2
2023-05-31,429,70,2,36,20,76,25,14,1,10,8,8,10,15,23,25,20,7,10,40,5,2,2
2023-06-01,439,71,2,38,22,77,25,14,1,10,9,9,10,14,24,25,20,8,10,40,5,2,3
2023-06-02,445,69,2,37,21,78,26,14,1,11,9,13,12,13,25,26,20,8,10,40,5,2,3
2023-06-05,452,71,2,37,20,80,26,14,1,12,9,14,12,14,26,25,20,9,10,40,5,2,3
2023-06-06,455,73,2,39,22,81,24,15,1,13,9,12,12,15,26,23,20,8,10,40,5,2,3
2023-06-07,466,75,2,40,23,81,25,16,1,12,11,14,12,15,25,25,21,8,10,40,5,2,3
2023-06-08,460,74,2,41,22,81,25,16,1,11,10,13,11,15,25,24,20,8,10,41,5,2,3
2023-06-09,450,71,2,39,20,81,24,16,1,12,10,11,11,15,25,24,19,8,10,41,5,2,3
2023-06-12,457,71,2,40,19,82,25,17,1,12,11,12,11,15,25,25,20,8,10,41,5,2,3
2023-06-13,466,73,2,40,20,81,26,18,1,12,11,13,12,15,25,25,22,8,10,41,6,2,3
2023-06-14,471,73,2,40,21,82,26,18,1,13,11,13,12,16,25,25,22,8,11,41,6,2,3
2023-06-15,463,70,2,40,21,82,25,18,1,12,11,13,11,16,25,24,22,8,11,41,6,2,2
2023-06-16,476,74,2,42,22,84,25,19,1,13,11,13,12,16,25,23,22,9,11,41,6,2,3
2023-06-19,480,76,2,43,24,85,25,20,1,12,11,13,13,15,25,23,22,8,11,41,5,2,3
2023-06-20,490,78,2,45,24,84,26,20,1,12,11,13,13,15,26,24,23,9,11,42,5,2,4
2023-06-21,488,75,2,45,24,84,26,20,1,12,11,13,14,15,24,25,24,9,11,41,6,2,4
2023-06-22,482,74,2,46,22,84,26,18,1,12,11,14,12,14,25,25,24,9,11,41,5,2,4
2023-06-23,470,74,3,44,21,84,25,18,1,11,11,13,12,13,23,25,22,8,11,40,5,2,4
2023-06-26,477,73,3,47,22,81,27,19,1,10,11,13,12,14,24,25,23,9,11,41,5,2,4
2023-06-27,482,75,3,47,23,82,26,18,1,10,10,13,13,14,26,25,24,9,11,41,5,2,4
2023-06-28,489,78,3,46,23,83,27,17,1,11,11,13,16,14,25,25,24,9,11,41,5,2,4
2023-06-30,494,81,2,49,25,82,28,17,1,10,11,13,15,15,24,26,23,9,11,41,5,2,4
2023-07-03,503,83,2,49,25,84,29,18,1,10,12,13,15,15,25,27,24,9,11,41,5,2,3
2023-07-04,505,84,2,49,26,83,29,19,1,10,12,14,15,15,25,26,24,9,11,41,5,2,3
2023-07-05,509,86,2,50,26,83,29,19,1,10,12,14,15,16,24,27,24,9,11,41,5,2,3
2023-07-06,519,86,3,51,28,83,30,19,1,10,13,14,16,16,25,26,24,10,11,42,5,2,4
2023-07-07,515,86,3,51,25,84,30,19,1,9,13,14,15,15,25,26,24,10,12,42,5,2,4
2023-07-10,509,84,3,50,24,84,30,17,1,9,13,14,15,16,25,25,24,10,12,42,5,2,4
2023-07-11,513,85,3,51,23,84,29,19,1,9,14,14,16,16,25,27,24,9,11,41,5,2,5
2023-07-12,513,85,3,51,22,83,29,19,1,10,14,15,16,16,25,25,24,9,11,42,6,2,5
2023-07-13,505,81,3,50,21,83,27,19,1,10,13,16,16,16,25,27,23,9,12,41,5,2,5
2023-07-14,521,86,3,51,22,83,30,19,1,12,14,16,17,16,25,28,23,9,12,42,5,2,5
2023-07-17,529,85,3,52,24,83,31,18,1,11,14,16,18,16,26,28,25,9,12,42,7,2,6
2023-07-18,524,85,3,52,24,83,30,17,1,9,14,15,19,16,25,29,25,9,12,42,6,2,6
2023-07-19,527,86,3,53,25,83,30,18,1,9,14,15,17,16,25,29,26,9,12,42,7,2,5
2023-07-20,527,86,3,52,25,83,31,18,1,9,13,15,18,16,25,29,26,9,12,42,7,2,5
2023-07-21,525,85,3,52,24,83,31,18,1,9,13,15,19,16,25,27,26,10,12,42,8,2,4
2023-07-24,525,87,3,51,24,83,31,19,1,9,14,15,17,16,25,27,26,9,12,42,7,2,5
2023-07-25,523,84,2,51,24,83,31,18,1,10,15,15,18,16,25,27,24,9,13,42,8,2,5
2023-07-26,525,85,2,52,22,83,30,18,1,10,14,16,19,16,25,28,24,10,13,42,8,2,5
2023-07-27,528,85,2,54,21,84,31,18,1,11,14,15,19,16,25,28,24,10,13,42,8,2,5
2023-07-28,534,84,2,54,24,84,31,18,1,12,15,16,19,15,25,27,26,10,13,43,8,2,5
2023-07-31,542,86,2,55,26,85,31,20,1,12,14,16,18,16,25,28,26,10,13,43,8,2,5
2023-08-01,546,86,2,55,27,85,32,21,1,12,15,16,18,16,25,28,26,10,13,43,8,2,5
2023-08-02,535,84,2,55,25,85,31,19,1,12,14,16,17,16,25,28,25,10,13,42,7,2,6
2023-08-03,540,84,2,55,25,85,32,21,1,12,14,16,17,16,25,28,25,10,13,43,8,2,6
2023-08-04,545,84,2,54,27,85,32,23,1,13,14,16,17,16,25,28,25,10,13,43,9,2,6
2023-08-07,547,84,2,55,26,86,31,23,1,12,16,15,17,16,25,28,26,10,13,43,10,2,6
2023-08-08,544,84,2,56,25,84,31,22,1,12,15,15,17,16,25,28,27,10,13,43,10,2,6
2023-08-09,552,83,3,57,26,86,33,24,1,11,16,15,17,16,25,28,27,10,13,43,10,2,6
2023-08-10,549,83,3,56,25,85,32,22,1,11,16,15,16,16,26,28,27,12,13,43,10,2,7
2023-08-11,548,82,3,55,26,87,32,22,1,11,16,15,16,15,26,28,27,13,13,43,8,2,7
2023-08-14,534,82,3,54,23,86,30,22,1,9,16,16,14,15,26,27,28,11,13,42,8,2,6
2023-08-16,528,80,3,54,23,85,33,20,1,9,16,14,14,15,25,28,27,11,13,41,7,2,7
2023-08-17,531,82,3,55,21,86,33,21,1,9,16,14,15,14,25,28,28,11,13,40,8,2,6
2023-08-18,523,80,3,54,22,86,31,20,1,10,16,14,15,12,25,27,27,10,13,41,7,2,7
2023-08-21,531,81,3,54,22,85,31,21,1,10,16,15,15,13,26,28,27,12,13,42,7,2,7
2023-08-22,535,80,3,55,22,85,32,22,1,11,16,15,15,13,26,28,28,11,13,42,8,2,7
2023-08-23,544,85,3,55,25,85,31,22,1,11,16,15,16,13,26,28,29,11,13,42,8,2,7
2023-08-24,545,82,3,55,27,85,33,22,2,11,16,15,16,14,26,28,28,11,13,41,8,2,7
2023-08-25,542,82,3,55,26,85,31,21,1,10,16,14,16,14,26,28,28,11,13,43,10,2,7
2023-08-28,547,82,3,55,28,86,31,22,1,10,16,15,16,14,26,28,28,11,13,43,10,2,7
2023-08-29,557,83,3,55,32,86,32,23,1,10,16,15,17,15,27,28,28,11,13,43,10,2,7
2023-08-30,567,81,3,56,34,87,34,25,1,10,16,16,18,15,27,29,28,11,13,43,11,2,7
2023-08-31,564,81,3,56,33,87,32,24,1,11,16,15,18,13,27,29,29,13,13,43,11,2,7
2023-09-01,566,83,3,56,33,87,32,24,1,11,16,16,18,14,27,29,29,11,13,43,11,2,7
2023-09-04,575,86,3,58,34,86,35,23,1,13,16,16,18,14,27,29,29,11,13,43,11,2,7
2023-09-05,579,85,3,58,36,86,35,24,1,13,16,16,18,15,27,29,29,12,13,43,11,2,7
2023-09-06,588,85,3,58,38,87,37,25,2,13,16,16,18,15,27,29,30,13,13,43,11,2,7
2023-09-07,592,87,3,58,41,87,36,25,2,13,16,16,18,15,27,29,30,13,13,43,11,2,7
2023-09-08,596,90,3,58,41,88,36,25,2,13,16,16,18,15,27,29,30,13,13,43,11,2,7
2023-09-11,604,92,3,58,41,89,37,25,2,14,17,17,18,15,27,29,31,13,13,43,11,2,7
2023-09-12,591,88,3,58,38,88,36,25,2,14,17,16,18,14,27,29,29,13,13,43,11,2,7
2023-09-13,594,89,3,58,39,87,37,25,2,14,17,15,19,15,27,29,29,13,13,43,11,2,7
2023-09-14,597,89,3,58,39,88,37,25,2,14,17,17,19,15,27,29,29,13,13,43,11,2,7
2023-09-15,600,91,3,58,40,89,36,25,2,14,17,17,19,15,27,29,29,13,13,43,11,2,7
2023-09-18,595,89,3,58,39,88,37,25,2,14,17,15,19,15,27,29,29,13,13,43,11,2,7
2023-09-20,591,90,3,58,35,88,36,25,2,13,17,15,19,15,27,29,30,13,13,43,11,2,7
2023-09-21,585,89,3,58,34,88,36,25,2,13,17,15,19,15,27,29,28,12,13,43,10,2,7
2023-09-22,582,88,3,58,33,87,37,25,2,13,17,15,19,15,27,29,28,11,13,43,10,2,7
2023-09-25,580,89,3,58,32,87,35,25,2,13,17,16,19,15,27,29,28,10,13,43,10,2,7
2023-09-26,580,89,3,58,34,88,35,24,2,13,17,15,19,14,27,29,28,11,13,43,10,2,6
2023-09-27,584,89,3,58,36,87,37,24,2,13,17,16,19,14,27,29,28,11,13,43,10,2,6
2023-09-28,574,89,3,58,30,86,34,25,2,13,17,16,19,12,27,28,29,11,13,43,10,2,7
2023-09-29,581,90,3,58,31,88,35,25,2,13,17,15,19,14,27,28,29,12,13,43,10,2,7
2023-10-03,582,90,3,59,30,87,36,25,2,14,17,15,19,14,27,28,29,12,13,43,10,2,7
2023-10-04,581,90,3,59,31,86,36,25,2,14,17,16,19,13,27,28,29,12,13,43,10,2,6
2023-10-05,578,90,3,59,32,85,34,25,2,14,17,16,19,14,27,28,29,10,13,43,10,2,6
2023-10-06,579,90,3,59,32,85,34,25,2,14,17,16,19,14,27,28,29,11,13,43,10,2,6
2023-10-09,569,89,3,59,28,85,33,25,2,14,17,15,19,12,27,28,28,11,13,43,10,2,6
2023-10-10,574,88,3,59,31,86,34,25,2,14,17,16,19,12,27,28,28,11,13,43,10,2,6
2023-10-11,580,90,3,59,33,86,35,25,2,14,17,16,19,13,26,28,29,11,13,43,10,2,6
2023-10-12,582,91,3,59,33,85,34,25,2,14,17,16,19,14,26,28,29,11,13,43,11,2,7
2023-10-13,582,91,3,59,32,84,36,25,2,14,17,17,19,14,26,28,29,11,13,43,10,2,7
2023-10-16,581,90,3,59,32,84,36,26,2,14,17,17,19,14,26,28,30,9,13,43,10,2,7
2023-10-17,585,90,3,59,32,85,36,26,2,14,17,17,19,15,26,28,30,11,13,43,10,2,7
2023-10-18,577,90,3,58,32,85,33,26,2,14,17,16,19,14,26,28,29,10,13,43,11,2,6
2023-10-19,574,90,3,58,31,84,32,26,2,14,17,16,19,15,26,27,28,10,13,43,11,2,7
2023-10-20,566,89,3,58,31,84,33,25,2,13,17,15,19,11,26,27,27,10,13,43,11,2,7
2023-10-23,523,85,3,54,22,80,29,22,2,10,17,14,19,10,25,27,22,10,13,42,9,2,6
2023-10-25,514,83,3,54,21,78,28,23,2,10,17,14,19,10,25,25,21,10,13,41,9,2,6
2023-10-26,501,81,3,54,21,77,31,22,2,9,17,13,18,8,25,23,21,9,13,38,9,2,5
2023-10-27,520,82,3,57,22,79,31,24,2,10,17,13,18,9,25,24,23,10,13,41,9,2,6
2023-10-30,523,83,3,56,24,79,31,22,2,10,17,13,18,11,25,26,23,10,13,40,9,2,6
2023-10-31,519,81,3,57,23,78,31,22,2,11,17,14,18,11,25,26,22,9,13,39,9,2,6
2023-11-01,508,81,2,54,23,78,31,23,2,10,17,12,17,11,24,24,22,9,13,38,9,2,6
2023-11-02,523,82,2,55,23,82,32,23,2,11,17,12,17,13,25,25,22,9,13,41,9,2,6
2023-11-03,531,84,2,55,25,83,32,22,2,12,17,12,19,13,25,25,23,9,13,41,9,2,6
2023-11-06,543,84,2,58,28,83,34,22,2,13,17,14,18,13,26,27,22,9,13,41,9,2,6
2023-11-07,546,86,2,58,29,84,34,23,2,13,17,14,19,13,24,27,21,9,13,41,9,2,6
2023-11-08,548,87,2,58,28,85,34,23,2,13,17,15,19,13,25,26,22,9,13,40,9,2,6
2023-11-09,537,87,2,57,27,85,32,22,2,13,17,14,19,13,23,23,22,9,13,40,9,2,6
2023-11-10,545,87,2,57,28,85,33,23,2,13,17,15,19,13,24,24,22,10,13,41,9,2,6
2023-11-12,553,87,3,57,28,85,33,24,2,13,18,15,19,13,24,25,26,10,13,41,9,2,6
2023-11-13,549,88,2,57,27,85,33,25,2,13,18,15,20,13,23,24,22,10,13,41,10,2,6
2023-11-15,556,88,3,57,27,85,31,26,2,13,18,16,20,13,23,27,24,10,13,41,11,2,6
2023-11-16,560,88,3,57,28,85,33,26,2,14,18,15,19,13,23,28,25,10,13,40,12,2,6
2023-11-17,562,88,3,57,28,86,33,25,2,14,18,16,19,13,23,28,25,10,13,40,12,2,7
2023-11-20,561,88,2,58,27,86,32,26,2,14,18,15,19,13,24,29,24,10,13,41,11,2,7
2023-11-21,573,89,3,58,30,86,33,26,2,14,18,15,19,13,25,29,29,10,13,41,11,2,7
2023-11-22,569,87,3,58,28,86,34,25,2,14,19,15,19,13,25,29,29,10,13,41,10,2,7
2023-11-23,572,88,3,58,29,86,35,26,2,14,19,15,19,13,24,29,28,11,13,41,10,2,7
2023-11-24,571,89,3,58,28,86,34,27,2,13,19,16,19,13,25,28,27,11,13,41,10,2,7
2023-11-28,572,88,3,58,28,86,34,26,2,15,20,16,19,14,25,29,25,11,13,40,11,2,7
2023-11-29,576,89,3,58,29,86,33,26,2,15,20,16,19,15,25,29,27,11,13,41,10,2,7
2023-11-30,577,89,3,58,31,86,34,26,2,15,20,16,19,15,25,29,26,11,13,40,10,2,7
2023-12-01,584,90,3,58,32,86,36,26,2,15,20,16,19,15,25,29,28,11,13,41,10,2,7
2023-12-04,593,94,3,58,33,87,37,26,2,15,20,17,19,16,25,29,27,11,13,41,11,2,7
2023-12-05,594,95,3,59,33,87,37,26,2,15,20,17,19,16,25,29,28,10,13,41,10,2,7
2023-12-06,598,95,3,58,35,88,38,26,2,15,20,17,18,16,26,29,28,10,13,42,10,2,7
2023-12-07,597,93,3,58,35,88,36,26,2,15,20,17,20,16,26,29,28,10,13,42,11,2,7
2023-12-08,596,93,3,58,36,88,33,26,2,15,20,17,19,16,26,30,28,11,13,42,11,2,7
2023-12-11,596,93,3,57,35,88,35,26,2,15,20,17,19,16,26,30,28,11,13,42,11,2,7
2023-12-12,595,93,3,56,35,88,34,26,2,15,20,18,19,16,26,30,28,11,13,42,11,2,7
2023-12-13,598,93,3,58,35,88,34,26,2,15,20,18,19,16,26,30,29,11,13,42,11,2,7
2023-12-14,600,94,3,58,36,88,34,26,2,15,20,18,19,16,26,30,29,11,13,42,11,2,7
2023-12-15,598,94,3,57,36,88,33,26,2,15,20,18,20,16,26,30,28,11,13,42,11,2,7
2023-12-18,601,94,3,60,36,88,34,25,2,15,20,19,20,16,26,30,27,11,13,42,11,2,7
2023-12-19,604,93,3,59,38,88,36,26,2,15,20,18,20,16,26,30,28,11,13,42,11,2,7
2023-12-20,583,92,3,57,34,86,33,24,2,15,20,17,19,16,24,30,27,11,13,41,11,2,6
2023-12-21,591,93,3,58,35,87,32,25,2,15,20,17,21,16,26,30,27,11,13,41,11,2,6
2023-12-22,598,93,3,59,37,87,34,25,2,15,20,18,21,16,26,30,28,11,13,41,11,2,6
2023-12-26,601,93,3,59,38,88,34,25,2,15,20,18,21,16,26,30,27,11,13,42,11,2,7
2023-12-27,597,93,3,59,38,88,35,23,2,15,20,17,20,16,25,30,27,11,13,42,11,2,7
2023-12-28,595,93,3,58,38,88,35,24,2,15,20,18,20,15,24,30,27,10,13,42,11,2,7
2023-12-29,603,93,3,59,40,87,38,24,2,15,20,19,21,16,24,30,27,10,13,42,11,2,7
2024-01-01,605,94,3,59,39,87,38,25,2,15,20,18,20,17,25,30,27,11,13,42,11,2,7
2024-01-02,606,94,3,59,40,88,36,25,2,15,20,19,21,17,25,30,26,11,13,42,11,2,7
2024-01-03,607,94,3,60,39,87,38,25,2,15,20,19,21,17,25,30,26,11,13,42,11,2,7
2024-01-04,611,95,3,61,39,87,38,25,2,15,20,19,21,17,25,30,28,11,13,42,11,2,7
2024-01-05,612,95,3,59,40,90,37,25,2,15,20,19,21,17,25,30,28,11,13,42,11,2,7
2024-01-08,602,95,3,59,38,87,35,25,2,15,20,19,21,17,25,30,27,10,13,42,11,2,6
2024-01-09,602,95,3,59,37,89,34,26,2,15,20,19,21,17,25,30,26,10,13,42,11,2,6
2024-01-10,592,92,3,59,35,87,34,25,2,15,20,19,21,18,25,29,26,10,13,41,11,2,5
2024-01-11,596,93,3,60,35,86,35,25,2,14,20,19,21,18,25,30,27,10,13,42,11,2,5
2024-01-12,598,94,3,59,35,86,35,25,2,14,20,19,21,18,26,30,27,10,13,42,11,2,6
2024-01-15,600,92,3,60,36,87,36,25,2,14,20,19,21,18,26,30,27,10,13,42,11,2,6
2024-01-16,598,92,3,59,35,87,36,26,2,14,20,19,21,18,26,30,27,10,13,42,11,2,5
2024-01-17,589,88,3,58,34,87,34,26,2,14,20,19,21,18,25,30,27,10,13,42,11,2,5
2024-01-18,581,87,3,58,34,86,33,25,2,14,20,18,21,18,25,29,25,10,13,42,11,2,5
2024-01-19,583,88,3,58,33,85,33,25,2,14,20,19,21,18,26,30,26,10,13,42,11,2,4
2024-01-20,580,88,3,59,34,84,32,23,2,14,20,19,21,18,26,29,26,10,13,42,11,2,4
2024-01-23,562,83,3,58,32,83,33,24,2,13,20,17,20,18,26,29,21,10,13,41,10,2,4
2024-01-24,572,84,3,58,33,85,33,24,2,14,20,18,21,18,26,29,23,10,13,42,10,2,4
2024-01-25,573,83,3,57,34,84,33,25,2,14,20,19,20,18,26,29,24,11,13,42,10,2,4
2024-01-29,575,85,3,56,34,83,33,25,2,15,20,19,20,18,27,29,24,11,13,42,10,2,4
2024-01-30,563,86,3,56,30,83,32,24,2,15,20,19,20,18,26,28,22,11,13,40,10,1,4
2024-01-31,575,87,3,60,33,83,33,25,2,15,19,19,20,18,27,28,23,11,13,40,10,2,4
2024-02-01,574,87,3,60,32,84,33,24,2,15,19,19,20,18,27,29,23,11,13,39,10,2,4
2024-02-02,570,86,3,59,31,81,33,24,2,15,19,19,20,18,27,29,24,11,13,40,10,2,4
2024-02-05,562,86,3,59,29,81,33,22,2,15,19,19,20,18,27,28,23,11,13,38,10,2,4
2024-02-06,568,86,3,59,29,83,33,22,2,15,19,19,20,19,27,29,22,12,13,40,10,2,4
2024-02-07,571,87,3,60,30,81,33,22,2,15,19,19,20,19,27,29,23,11,14,40,10,2,5
2024-02-08,558,85,3,59,29,80,33,21,2,14,19,19,20,18,27,29,22,11,14,36,10,2,5
2024-02-09,549,85,3,59,28,78,33,21,2,12,19,18,20,18,27,27,20,11,14,38,10,2,4
2024-02-12,541,83,3,58,27,79,33,20,2,12,19,18,20,18,26,27,18,12,14,37,10,1,4
2024-02-13,538,85,3,59,27,78,29,20,2,12,19,18,20,18,25,26,20,12,14,36,10,1,4
2024-02-14,543,85,3,59,28,78,32,21,2,12,19,18,20,18,26,26,18,12,14,37,10,1,4
2024-02-15,549,85,3,59,31,79,32,20,2,12,19,19,20,18,27,27,19,12,14,35,10,1,5
2024-02-16,559,87,3,59,32,82,32,21,2,12,19,19,20,18,26,27,20,12,14,38,10,1,5
2024-02-19,554,85,3,59,31,82,33,20,2,12,19,18,20,18,26,28,20,12,14,36,10,1,5
2024-02-20,557,85,3,59,31,82,33,22,2,12,19,18,20,18,26,29,20,11,14,36,10,2,5
2024-02-21,552,84,3,59,32,79,33,22,2,12,19,18,20,18,26,27,21,11,14,36,10,1,5
2024-02-22,554,85,3,60,32,79,33,22,2,12,19,18,20,18,27,27,20,11,14,36,10,1,5
2024-02-23,556,85,3,59,31,81,33,22,2,12,19,18,20,18,26,28,21,12,14,36,10,1,5
2024-02-26,552,85,3,58,32,81,33,22,2,12,19,18,20,18,26,26,19,12,14,36,10,1,5
2024-02-27,547,83,3,57,31,81,32,22,1,12,19,18,20,18,26,27,19,12,14,36,10,1,5
2024-02-28,535,82,3,56,30,78,32,22,1,10,19,18,20,18,26,26,17,12,14,36,10,1,4
2024-02-29,533,81,3,56,28,80,30,22,2,10,19,18,20,18,26,26,17,12,14,36,10,1,4
2024-03-01,541,85,3,55,30,81,30,22,2,10,19,18,20,18,26,26,19,12,14,36,10,1,4
2024-03-02,544,85,3,56,30,81,30,22,2,11,19,18,20,18,27,26,19,12,14,36,10,1,4
2024-03-04,543,84,3,55,30,81,31,22,2,11,19,18,20,19,27,25,19,12,14,36,10,1,4
2024-03-05,531,81,2,55,31,78,29,22,2,10,19,17,20,19,27,24,19,12,14,36,9,1,4
2024-03-06,522,79,1,55,31,78,29,22,2,10,19,17,20,18,27,23,16,12,14,35,9,1,4
2024-03-07,524,82,2,55,31,76,29,22,2,10,19,18,20,18,27,23,14,12,14,35,10,1,4
2024-03-11,502,78,1,55,29,71,26,21,1,10,19,16,20,18,27,23,13,12,14,35,9,1,3
2024-03-12,490,76,2,54,27,69,26,21,1,10,19,16,20,18,26,23,12,10,14,34,8,1,3
2024-03-13,435,68,1,52,19,62,22,18,1,9,18,14,19,18,23,23,11,6,12,28,8,1,2
2024-03-14,460,71,1,55,21,65,23,19,1,10,19,15,19,18,26,23,12,7,13,32,7,1,2
2024-03-15,460,70,1,54,22,66,23,20,1,10,19,15,19,18,25,23,11,7,13,33,7,1,2
2024-03-18,466,69,1,54,24,68,23,20,1,9,19,16,19,18,25,23,11,7,13,35,8,1,2
2024-03-19,459,67,1,53,22,66,23,21,1,9,19,16,19,18,26,23,11,6,13,34,8,1,2
2024-03-20,453,66,1,53,21,64,22,20,1,9,19,15,19,18,25,23,11,7,13,35,8,1,2
2024-03-21,465,71,1,52,21,68,22,21,1,9,19,16,19,18,25,24,11,7,13,36,8,1,2
2024-03-22,471,70,2,53,23,69,22,20,1,9,19,18,19,18,25,24,11,8,13,36,8,1,2
2024-03-26,471,70,1,55,23,69,22,20,1,9,19,17,19,18,26,24,12,7,13,35,8,1,2
2024-03-27,477,72,2,52,22,70,23,22,1,10,19,17,20,18,26,24,13,6,13,36,8,1,2
2024-03-28,450,72,2,49,20,65,24,20,1,9,15,15,18,18,26,23,11,6,12,34,8,1,1
2024-04-01,480,81,1,49,28,67,27,21,1,11,15,15,19,19,26,22,11,8,13,35,8,1,2
2024-04-02,494,82,1,49,30,71,27,22,1,11,15,16,19,19,26,22,12,9,13,36,8,2,3
2024-04-03,508,84,1,50,30,75,28,22,1,11,15,17,19,19,26,24,13,10,13,37,8,2,3
2024-04-04,509,85,1,50,31,76,27,22,1,10,15,17,19,18,26,25,14,10,13,36,8,2,3
2024-04-05,510,85,1,52,31,76,27,22,1,10,15,17,19,19,26,24,14,9,13,36,8,2,3
2024-04-08,508,86,1,51,30,76,27,22,1,11,15,17,19,19,27,23,14,9,13,35,8,2,2
2024-04-09,512,85,1,52,31,76,28,22,1,11,15,17,19,19,27,25,14,9,13,35,8,2,2
2024-04-10,513,85,2,52,32,76,28,22,1,10,15,17,19,19,27,25,14,9,13,35,8,1,3
2024-04-12,507,85,1,52,32,73,27,22,1,9,15,17,19,19,26,23,15,9,13,36,8,2,3
2024-04-15,485,82,1,52,29,68,27,22,1,9,15,17,18,19,26,18,13,9,13,35,7,2,2
2024-04-16,491,79,1,52,30,72,28,22,1,9,15,17,18,19,26,19,14,9,13,35,8,2,2
2024-04-18,481,75,1,52,29,72,25,22,1,9,15,17,18,18,26,19,14,8,13,36,7,2,2
2024-04-19,481,76,1,52,29,71,25,22,1,9,15,17,18,18,26,19,15,8,13,36,6,2,2
2024-04-22,489,79,1,52,29,71,28,22,1,9,15,17,18,18,26,19,17,8,13,35,7,2,2
2024-04-23,501,79,1,53,31,77,29,21,1,9,15,17,19,18,26,19,17,9,13,36,7,2,2
2024-04-24,509,81,1,53,32,78,30,21,1,10,15,17,19,18,26,19,17,10,13,36,7,2,3
2024-04-25,509,80,1,52,36,77,29,21,2,10,15,17,19,18,26,19,17,9,13,36,7,2,3
2024-04-26,506,78,1,51,33,77,30,22,2,10,15,17,19,18,27,19,16,9,13,37,7,2,3
2024-04-29,510,78,1,52,34,79,30,22,2,10,15,17,19,18,27,18,18,9,13,36,7,2,3
2024-04-30,516,83,2,52,33,80,30,22,2,10,15,17,19,18,27,18,18,9,13,36,7,2,3
2024-05-02,511,81,2,50,32,80,30,22,2,10,15,17,18,18,27,18,17,10,13,37,7,2,3
2024-05-03,500,78,2,50,31,80,29,22,2,10,15,17,19,18,26,16,16,9,12,36,7,2,3
2024-05-06,496,77,2,51,30,77,30,22,2,10,15,17,19,18,26,15,15,9,12,37,7,2,3
2024-05-07,484,74,2,49,29,76,33,22,1,9,15,17,19,18,25,14,15,9,12,35,6,1,3
2024-05-08,487,74,2,51,29,76,32,22,1,9,15,17,19,18,25,14,15,9,12,36,7,1,3
2024-05-09,459,71,2,49,23,73,29,21,1,7,15,17,19,18,25,11,15,7,12,33,7,1,3
2024-05-10,463,72,2,48,23,75,29,21,1,8,15,17,19,18,25,11,15,8,12,33,7,1,3
2024-05-13,463,69,2,49,24,74,30,21,1,7,15,17,18,18,25,14,15,8,12,34,6,1,3
2024-05-14,477,72,2,50,26,77,30,21,1,7,15,18,19,18,25,14,15,9,12,35,7,1,3
2024-05-15,484,73,2,51,27,76,31,21,1,7,15,18,19,18,25,14,16,10,12,37,7,1,3
2024-05-16,484,74,2,51,27,75,31,21,1,7,15,18,19,18,25,14,16,9,13,36,8,1,3
2024-05-17,497,73,2,51,29,80,31,21,2,8,15,18,19,18,25,15,17,11,13,37,8,1,3
2024-05-18,500,74,3,51,30,79,31,21,2,8,15,18,19,18,26,15,17,11,13,37,8,1,3
2024-05-21,488,71,3,50,28,79,30,21,1,8,15,18,18,18,26,15,16,10,13,36,8,1,3
2024-05-22,491,70,3,50,29,77,32,23,1,8,15,18,18,18,27,15,16,10,13,36,8,1,3
2024-05-23,490,71,2,50,29,76,31,22,2,8,15,18,18,18,27,15,17,9,13,36,8,2,3
2024-05-24,486,71,2,51,29,76,30,22,2,8,15,18,17,18,27,15,17,8,13,35,8,1,3
2024-05-27,484,69,2,51,27,76,30,22,2,8,15,18,17,18,27,16,16,8,13,36,8,2,3
2024-05-28,478,70,3,52,27,74,29,20,1,8,15,18,17,18,27,14,16,7,13,36,8,2,3
2024-05-29,473,66,3,50,26,74,28,21,2,8,15,18,17,18,27,15,17,8,13,36,7,1,3
2024-05-30,454,64,3,47,23,73,26,19,2,7,15,17,17,18,27,12,16,8,13,36,7,1,3
2024-05-31,453,66,3,48,19,73,28,20,2,7,15,17,17,18,26,10,17,7,13,36,7,1,3
2024-06-03,471,69,3,46,26,76,29,21,2,7,15,17,17,18,27,10,17,8,13,38,7,1,4
2024-06-04,392,53,2,40,18,65,25,15,1,6,15,16,15,18,23,6,14,6,12,33,6,1,2
2024-06-05,442,63,2,44,20,68,31,19,2,7,14,16,17,18,25,13,16,9,12,36,7,1,2
2024-06-06,474,65,2,50,25,71,32,20,2,7,15,16,17,18,27,16,19,9,13,38,7,1,4
2024-06-07,506,73,3,54,27,75,34,21,2,9,15,16,18,18,27,21,20,8,13,39,8,1,4
2024-06-10,515,72,3,54,32,78,34,22,2,11,15,17,18,18,27,19,20,8,13,38,9,1,4
2024-06-11,523,73,3,54,34,79,36,22,2,12,15,17,18,18,27,19,20,9,13,39,8,1,4
2024-06-12,530,75,3,54,35,80,36,23,2,12,15,17,18,18,27,19,21,10,13,39,8,1,4
2024-06-13,541,79,3,54,39,80,37,23,2,12,15,18,18,18,27,20,21,10,13,39,8,1,4
2024-06-14,543,80,3,54,37,81,37,23,2,12,15,18,18,18,27,19,22,10,13,40,8,2,4
2024-06-18,546,79,3,53,40,82,36,23,2,12,15,18,18,18,27,20,24,10,13,40,8,1,4
2024-06-19,537,77,3,53,42,80,35,22,2,12,15,17,17,18,27,20,23,9,13,39,8,1,4
2024-06-20,547,80,3,53,43,80,35,22,2,13,15,17,17,18,27,20,23,12,13,40,9,1,4
2024-06-21,540,76,3,52,43,81,34,21,2,13,15,17,17,18,27,21,23,10,13,40,9,1,4
2024-06-24,543,76,3,52,44,80,34,21,2,13,15,18,18,18,27,20,23,11,13,39,11,1,4
2024-06-25,546,78,3,52,42,82,33,23,2,12,15,18,18,18,27,19,23,12,13,40,11,1,4
2024-06-26,546,77,3,52,42,82,34,23,2,13,15,18,18,18,27,19,23,11,13,40,10,2,4
2024-06-27,542,76,3,51,40,81,35,22,2,13,15,18,18,18,27,21,23,11,13,39,10,2,4
2024-06-28,543,74,3,50,42,81,34,22,2,13,15,18,18,19,27,21,24,11,13,40,10,2,4
2024-07-01,558,79,3,54,43,82,36,22,2,13,15,18,18,19,27,23,23,11,13,40,11,2,4
2024-07-02,556,78,3,53,43,83,35,22,2,13,15,17,18,19,27,24,23,11,13,40,11,2,4
2024-07-03,557,77,3,54,43,83,36,22,2,13,15,17,18,19,27,24,23,11,13,40,11,2,4
2024-07-04,562,76,3,55,45,84,36,22,2,13,15,18,18,19,27,24,24,11,13,40,11,2,4
2024-07-05,565,77,3,55,45,83,36,25,2,13,15,18,18,19,27,24,24,12,13,40,10,2,4
2024-07-08,558,74,3,55,42,83,37,24,2,13,15,18,18,19,26,24,24,12,13,40,10,2,4
2024-07-09,565,77,3,55,45,83,36,24,2,13,15,18,18,19,27,24,24,12,13,40,11,2,4
2024-07-10,560,75,3,55,44,82,36,24,2,13,15,18,18,20,27,24,25,10,13,40,10,2,4
2024-07-11,564,76,3,55,45,83,37,25,2,13,15,18,17,20,27,22,26,11,13,40,10,2,4
2024-07-12,564,75,3,53,45,83,36,24,2,13,15,18,18,20,27,26,25,11,13,40,11,2,4
2024-07-15,562,76,3,53,44,82,36,24,2,13,15,18,17,20,25,27,25,12,13,40,11,2,4
2024-07-16,563,75,3,53,45,82,36,25,2,13,15,18,17,20,26,26,25,12,13,40,11,2,4
2024-07-18,562,74,3,53,42,81,37,25,2,13,15,18,17,20,27,26,25,12,14,40,12,2,4
2024-07-19,539,72,2,53,39,78,37,23,2,11,15,17,18,19,25,24,23,12,14,39,10,2,4
2024-07-22,544,71,3,53,40,79,36,24,2,11,15,17,18,18,26,25,23,12,14,40,11,2,4
2024-07-23,544,71,3,53,38,80,37,24,2,11,15,17,18,19,25,26,23,12,14,39,11,2,4
2024-07-24,558,72,3,53,41,81,37,25,2,12,15,18,19,20,27,26,24,12,14,39,12,2,4
2024-07-25,551,68,3,53,39,81,36,25,2,12,15,18,18,19,27,26,25,12,14,39,12,2,5
2024-07-26,558,70,3,52,43,81,37,25,2,12,15,17,18,19,27,26,26,12,14,40,12,2,5
2024-07-29,566,76,3,52,44,81,37,26,2,12,15,17,18,19,27,26,26,12,14,40,12,2,5
2024-07-30,579,78,3,52,44,82,38,28,2,13,15,17,18,20,27,26,30,13,14,40,12,2,5
2024-07-31,572,77,3,53,44,81,38,25,2,13,15,17,18,19,26,26,29,13,14,40,12,2,5
2024-08-01,565,76,3,53,44,79,38,26,2,12,15,17,19,20,25,24,28,12,14,40,11,2,5
2024-08-02,561,72,3,54,43,80,38,27,2,11,15,17,19,20,25,24,28,12,14,40,11,2,4
2024-08-05,520,66,3,50,39,77,36,23,2,8,15,17,17,19,25,21,24,11,14,38,9,2,4
2024-08-06,523,65,3,51,40,76,36,24,2,7,15,17,18,19,25,21,26,12,13,38,9,2,4
2024-08-07,535,66,3,54,41,77,38,24,2,8,15,17,18,19,25,22,26,12,13,39,10,2,4
2024-08-08,529,67,3,53,40,77,37,24,2,6,15,16,18,19,25,22,25,12,13,38,11,2,4
2024-08-09,534,69,3,54,40,79,37,24,2,7,15,15,18,19,25,22,25,12,13,37,11,2,5
2024-08-12,530,69,3,53,40,75,37,24,2,7,15,17,19,19,25,22,25,12,14,37,9,2,4
2024-08-13,517,67,3,51,38,75,38,22,2,7,15,15,19,19,25,20,25,11,13,37,9,2,4
2024-08-14,513,66,3,50,38,74,36,22,2,7,15,14,18,18,24,21,26,12,14,38,9,2,4
2024-08-16,524,69,3,50,38,76,37,23,2,7,15,14,19,18,25,23,26,12,14,37,9,2,5
2024-08-19,530,71,3,52,39,78,37,22,2,7,15,15,20,18,25,22,26,12,14,36,9,2,5
2024-08-20,534,72,3,52,38,78,38,22,2,7,15,16,20,19,25,22,26,12,14,37,9,2,5
2024-08-21,545,75,3,55,38,78,39,23,2,7,15,16,20,19,25,23,27,12,13,37,11,2,5
2024-08-22,552,75,3,56,39,78,39,25,2,8,15,17,20,19,24,23,28,12,13,38,11,2,5
2024-08-23,548,73,3,56,40,78,39,25,2,7,15,15,21,19,24,23,27,12,12,38,12,2,5
2024-08-26,556,73,3,57,40,77,39,25,2,8,15,17,21,19,24,25,28,12,14,38,12,2,5
2024-08-27,561,75,3,57,40,79,40,25,2,8,15,17,20,19,24,27,29,12,14,37,11,2,5
2024-08-28,558,76,3,57,40,78,39,25,2,8,14,16,20,19,25,27,29,12,14,37,10,2,5
2024-08-29,543,72,3,56,39,77,38,25,2,8,14,15,19,19,25,24,29,12,13,36,10,2,5
2024-08-30,543,75,3,56,39,76,38,24,2,7,14,14,20,19,24,24,28,12,13,38,10,2,5
2024-09-02,546,77,3,56,41,75,38,22,2,7,14,15,18,19,25,25,29,12,13,38,10,2,5
2024-09-03,546,74,3,57,40,75,39,23,2,8,14,13,19,19,25,25,29,12,14,38,10,2,5
2024-09-04,545,72,3,57,42,76,39,23,2,9,14,13,19,19,23,24,29,12,14,39,9,2,5
2024-09-05,548,73,3,57,43,74,38,26,2,9,14,13,18,19,24,24,29,12,14,39,10,2,5
2024-09-06,529,68,3,57,39,74,38,24,2,9,14,12,16,18,24,23,30,12,12,38,9,2,5
2024-09-09,523,67,3,57,39,74,38,22,2,10,14,12,15,18,24,21,29,12,13,38,8,2,5
2024-09-10,540,70,3,57,42,76,39,23,2,9,14,12,16,18,24,24,29,12,13,40,10,2,5
2024-09-11,525,65,3,57,40,77,39,22,2,9,14,12,15,17,22,23,29,12,13,38,9,2,5
2024-09-12,534,68,3,57,40,78,39,23,2,10,14,12,15,17,24,23,29,12,13,39,9,2,5
2024-09-13,547,73,3,57,40,77,40,24,2,10,14,12,17,17,25,25,29,12,14,40,9,2,5
2024-09-16,543,74,3,56,40,78,40,22,2,10,14,14,16,17,24,23,29,12,14,39,9,2,5
2024-09-17,541,73,3,56,40,77,40,23,2,10,14,13,16,17,22,25,29,12,14,39,9,2,5
2024-09-18,536,72,3,55,39,78,39,22,2,10,14,12,16,17,23,24,29,12,14,39,9,2,5
2024-09-19,522,71,3,54,39,74,39,22,2,9,13,12,16,17,21,20,30,12,14,38,9,2,5
2024-09-20,530,72,3,54,39,77,38,22,2,9,13,12,16,17,22,25,29,12,14,38,9,2,5
2024-09-23,542,76,3,54,40,78,38,23,2,10,14,12,17,18,22,25,30,12,14,38,9,2,5
2024-09-24,540,75,3,54,40,78,38,23,2,9,14,15,16,18,22,24,30,12,14,37,9,2,5
2024-09-25,536,74,3,54,40,78,38,23,2,8,14,15,16,18,22,24,30,11,14,38,7,2,5
2024-09-26,535,74,3,54,40,78,38,23,2,9,12,17,16,18,21,23,30,12,14,37,7,2,5
2024-09-27,538,71,3,54,42,79,38,22,2,10,13,17,17,18,22,23,30,11,14,38,7,2,5
2024-09-30,538,72,3,54,42,78,39,22,2,10,14,17,17,18,21,21,30,12,14,38,7,2,5
2024-10-01,533,71,3,54,43,76,39,22,2,12,14,17,15,18,20,21,30,11,13,38,7,2,5
2024-10-03,506,67,3,54,40,73,39,22,2,10,11,15,14,16,17,19,30,11,13,36,7,2,5
2024-10-04,490,63,3,54,40,73,34,20,2,9,10,16,14,16,16,19,28,11,13,35,7,2,5
2024-10-07,448,55,2,52,36,66,34,18,2,9,8,13,12,14,16,18,28,8,12,32,6,2,5
2024-10-08,474,64,2,54,37,71,34,18,2,9,10,14,13,15,16,18,27,11,12,34,6,2,5
2024-10-09,484,64,3,53,38,73,36,21,2,8,10,14,13,15,16,21,26,11,13,34,6,2,5
2024-10-10,483,61,3,53,39,75,36,21,2,9,9,13,14,14,16,20,27,11,13,34,6,2,5
2024-10-11,486,61,3,53,39,76,36,21,2,7,9,15,14,14,17,20,27,11,13,35,6,2,5
2024-10-14,483,60,3,54,38,75,34,20,2,8,9,14,14,14,18,21,27,11,13,35,6,2,5
2024-10-15,484,62,3,54,38,75,35,21,2,9,9,12,13,15,17,20,28,11,13,34,6,2,5
2024-10-16,492,60,3,54,39,78,36,21,2,8,9,12,14,16,18,22,28,11,13,34,7,2,5
2024-10-17,473,59,2,54,38,76,34,20,2,8,8,12,11,14,19,20,26,11,13,33,6,2,5
2024-10-18,473,61,3,55,39,73,33,18,2,8,8,12,12,13,21,19,26,11,13,33,6,2,5
2024-10-21,441,56,3,53,35,69,32,17,2,6,8,11,10,10,18,20,25,10,12,32,5,2,5
2024-10-22,386,51,3,52,31,57,29,15,2,5,7,8,9,9,12,15,23,8,11,27,5,2,5
2024-10-23,395,54,3,51,31,57,29,15,2,6,7,8,9,10,14,19,22,8,10,28,5,2,5
2024-10-24,387,53,3,52,31,53,28,15,2,7,7,9,9,9,13,17,21,7,10,29,5,2,5
2024-10-25,348,49,1,50,26,46,27,14,2,6,7,8,7,7,10,15,20,7,10,26,3,2,5
2024-10-28,364,51,1,52,29,46,27,15,2,7,7,8,9,7,13,16,21,8,10,23,5,2,5
2024-10-29,375,53,2,51,30,48,28,15,2,8,8,8,9,6,14,18,20,8,10,25,5,2,5
2024-10-30,390,52,3,50,33,55,31,15,2,8,8,9,10,5,14,17,21,8,10,27,5,2,5
2024-10-31,397,50,3,52,33,62,30,16,2,8,8,9,9,5,15,17,20,10,9,27,5,2,5
2024-11-01,406,52,3,51,34,64,31,16,2,9,8,10,10,5,15,17,20,10,10,27,5,2,5
2024-11-04,379,48,3,50,32,60,27,15,2,7,8,8,8,5,13,17,20,10,9,26,4,2,5
2024-11-05,394,52,3,50,36,61,28,16,2,7,8,10,8,6,13,17,20,9,9,27,5,2,5
2024-11-06,422,56,3,53,38,64,30,16,2,7,9,12,9,8,15,19,21,11,10,28,4,2,5
2024-11-07,410,53,3,53,37,62,29,16,2,7,8,12,8,7,14,20,21,11,9,27,4,2,5
2024-11-08,387,49,3,53,34,57,27,16,2,7,8,10,8,6,14,20,21,9,7,24,5,2,5
2024-11-11,371,48,3,52,31,55,27,16,1,7,7,9,8,6,13,18,21,8,7,22,5,2,5
2024-11-12,348,45,3,49,29,49,25,15,1,7,6,9,7,6,12,19,20,7,6,22,5,2,4
2024-11-13,298,40,2,46,24,40,21,14,1,6,6,7,6,3,8,18,19,6,4,17,5,2,3
2024-11-14,304,41,2,48,24,42,22,14,1,6,4,7,6,2,9,17,17,6,4,20,5,2,5
2024-11-18,298,41,2,46,25,41,23,15,1,5,4,8,6,2,9,16,17,6,4,17,5,2,3
2024-11-19,302,42,2,46,24,40,23,14,1,6,5,7,6,1,9,16,17,6,6,20,5,2,4
2024-11-21,284,38,2,44,23,37,22,12,1,6,6,8,5,2,7,16,16,8,6,16,4,2,3
2024-11-22,309,41,2,47,25,39,23,13,1,6,5,8,7,3,10,18,16,8,9,18,4,2,4
2024-11-25,337,46,2,47,29,45,24,15,1,7,6,8,8,4,12,19,17,8,9,20,4,2,4
2024-11-26,352,47,2,48,30,49,27,15,1,7,6,8,8,4,12,19,17,9,10,22,4,2,5
2024-11-27,360,47,2,48,33,52,26,16,1,7,5,8,8,5,13,19,19,9,9,22,4,2,5
2024-11-28,367,50,2,47,33,54,26,16,1,7,5,8,8,5,16,19,19,9,9,21,5,2,5
2024-11-29,375,51,2,49,34,56,27,16,1,9,5,8,8,5,15,19,20,9,7,22,5,2,5
2024-12-02,387,48,2,48,35,58,27,17,2,10,5,8,8,6,16,20,22,9,11,23,5,2,5
2024-12-03,404,51,2,50,36,60,28,17,2,11,6,9,9,6,16,20,23,11,11,23,6,2,5
2024-12-04,407,55,2,49,36,61,28,17,2,11,5,9,9,6,16,21,23,11,11,22,6,2,5
2024-12-05,414,54,2,50,36,62,28,18,2,10,7,9,9,6,18,23,22,11,11,23,5,2,6
2024-12-06,414,51,2,48,36,60,28,19,2,10,7,11,10,8,18,23,21,11,12,22,7,2,6
2024-12-09,427,53,2,48,37,65,27,20,2,10,7,11,9,7,19,23,23,13,11,24,8,2,6
2024-12-10,430,55,2,48,38,62,28,20,2,11,7,11,9,6,19,24,24,13,11,26,7,2,5
2024-12-11,433,59,2,48,39,64,29,21,2,11,7,11,9,5,17,24,23,12,11,25,7,2,5
2024-12-12,421,57,2,47,35,63,29,20,2,12,7,11,9,5,17,24,24,12,11,21,7,2,4
2024-12-13,408,54,2,46,34,61,28,18,2,12,6,10,9,4,17,24,23,12,11,23,7,2,3
2024-12-16,416,56,2,47,33,63,27,19,2,12,6,9,9,5,17,24,24,12,12,23,7,2,5
2024-12-17,398,51,2,45,31,63,27,20,2,12,6,8,9,5,17,23,22,12,11,20,6,2,4
2024-12-18,392,50,2,49,30,62,27,19,2,12,5,8,9,5,16,22,21,12,11,20,5,2,3
2024-12-19,379,49,2,47,28,58,28,19,2,10,5,8,9,5,15,21,22,12,11,19,4,2,3
2024-12-20,336,39,2,46,24,52,25,16,1,9,3,6,7,5,14,20,20,11,9,18,4,2,3
2024-12-23,332,40,2,45,24,49,23,18,1,9,2,7,7,5,13,21,19,11,10,18,4,2,2
2024-12-24,332,39,2,46,24,50,25,18,1,9,2,6,6,5,12,20,20,10,10,19,4,2,2
2024-12-26,325,39,2,46,24,45,23,18,1,9,2,7,6,5,11,21,20,10,8,20,4,2,2
2024-12-27,326,39,2,47,24,48,23,18,1,9,2,7,5,5,10,21,19,10,8,20,4,2,2
2024-12-30,314,39,2,49,20,46,22,16,1,8,2,6,5,5,11,20,18,10,8,19,3,2,2
2024-12-31,324,43,2,51,21,46,25,17,1,8,2,6,5,5,11,20,18,10,7,19,3,2,2
2025-01-01,334,43,2,50,23,50,26,18,1,8,2,6,6,5,12,20,19,11,6,19,3,2,2
2025-01-02,351,48,2,52,24,51,26,18,1,9,2,6,7,4,13,21,20,11,8,20,4,2,2
2025-01-03,354,52,2,50,24,51,27,18,1,9,2,6,8,5,13,20,21,11,7,19,3,2,3
2025-01-06,310,41,2,51,21,47,22,16,0,8,2,6,4,3,8,18,20,10,6,17,3,2,3
2025-01-07,326,42,2,50,24,47,23,19,0,8,2,6,6,4,13,20,20,10,6,16,3,2,3
2025-01-08,310,37,2,50,23,46,22,19,0,8,2,6,4,3,11,18,18,10,7,16,3,2,3
2025-01-09,291,39,2,47,24,40,21,17,0,8,1,5,5,2,8,18,17,8,5,16,3,2,3
2025-01-10,261,34,2,43,20,32,19,16,0,6,1,5,5,2,7,19,16,8,4,14,3,2,3
2025-01-13,211,26,0,41,15,28,13,14,0,4,1,4,4,1,5,18,9,6,4,11,3,1,3
2025-01-14,226,31,0,41,17,30,14,13,0,4,1,5,3,1,5,18,11,7,4,13,3,2,3
2025-01-15,228,33,0,40,19,31,14,14,0,5,1,4,4,2,5,16,9,8,4,11,3,2,3
2025-01-16,238,36,1,40,19,33,13,14,0,5,1,5,4,1,5,18,9,9,4,13,3,2,3
2025-01-17,257,38,1,45,19,38,14,15,0,5,3,6,4,2,5,17,11,10,4,12,3,2,3
2025-01-20,266,39,1,46,21,40,14,14,0,5,4,6,4,2,5,17,11,10,4,13,5,2,3
2025-01-21,246,35,1,45,18,38,15,12,0,6,3,6,4,2,5,17,10,7,4,10,3,2,3
2025-01-22,227,31,1,45,17,32,14,10,0,6,3,6,4,1,4,18,10,8,3,8,3,1,2
2025-01-23,233,30,1,46,17,31,15,11,0,8,3,5,4,1,4,19,11,9,3,8,3,1,3
2025-01-24,206,26,1,40,17,28,13,9,0,7,3,6,4,0,3,17,10,6,3,7,3,0,3
2025-01-27,167,21,1,33,16,18,12,7,0,6,2,4,4,0,3,15,9,4,2,6,3,0,1
2025-01-28,147,22,1,27,13,13,11,6,0,6,1,4,4,0,3,13,8,4,1,6,3,0,1
2025-01-29,185,25,1,35,16,20,12,9,0,8,3,4,4,0,3,14,9,7,1,9,4,0,1
2025-01-30,183,24,1,36,16,21,13,9,0,7,2,4,4,0,3,13,9,6,2,8,4,0,1
2025-01-31,212,27,1,38,20,27,15,9,0,8,3,5,4,0,4,14,10,8,2,12,4,0,1
2025-02-01,208,25,1,37,19,23,17,13,0,6,2,4,5,0,4,12,12,8,4,10,4,0,2
2025-02-03,197,23,1,38,18,14,17,13,0,6,2,3,4,0,3,13,13,8,4,10,4,0,3
2025-02-04,211,25,1,38,18,20,17,14,0,7,2,4,4,0,3,15,13,8,3,13,3,0,3
2025-02-05,223,30,0,40,19,24,16,14,0,8,2,4,5,1,3,14,12,7,3,13,4,1,3
2025-02-06,228,33,1,44,20,23,15,13,0,9,3,4,5,1,4,14,10,7,2,13,4,0,3
2025-02-07,227,33,0,42,18,26,17,14,0,9,2,5,4,1,3,14,11,6,2,13,4,0,3
2025-02-10,193,26,0,38,17,18,16,12,0,6,2,4,4,2,2,13,9,6,2,11,3,0,2
2025-02-11,147,19,0,29,15,15,9,8,0,5,1,3,4,1,2,10,9,3,1,7,3,1,2
2025-02-12,149,19,0,29,15,16,11,8,0,5,1,3,3,1,2,10,8,5,1,6,3,1,2
2025-02-13,146,20,0,31,14,14,9,7,0,4,1,3,4,0,2,9,9,4,1,7,3,1,3
2025-02-14,110,17,0,21,10,10,7,6,0,4,1,3,3,0,1,9,6,3,1,5,2,0,1
2025-02-17,106,17,0,23,9,8,8,5,0,4,1,3,3,0,1,9,6,2,1,3,2,0,1
2025-02-18,106,17,0,24,8,9,8,6,0,5,1,3,3,0,1,7,6,2,1,2,2,0,1
2025-02-19,116,16,0,25,9,13,8,6,0,5,1,3,4,0,1,8,6,2,1,5,2,0,1
2025-02-20,125,19,1,26,10,11,10,8,0,4,2,3,4,0,1,7,6,2,1,7,2,0,1
2025-02-21,129,19,1,27,10,14,9,9,0,3,2,3,4,0,1,8,6,2,1,6,2,1,1
2025-02-24,108,16,1,22,10,11,9,5,0,4,1,3,4,0,1,5,5,3,1,6,1,0,0
2025-02-25,112,19,1,22,9,11,9,7,0,4,1,3,4,0,1,5,6,3,1,4,1,0,1
2025-02-27,96,20,1,19,6,8,9,5,0,3,0,3,4,0,1,4,5,2,1,3,2,0,0
2025-02-28,78,18,1,15,5,7,5,3,0,2,0,3,3,0,1,3,6,3,1,0,2,0,0
2025-03-03,80,18,1,14,6,7,4,6,0,3,0,3,3,0,1,3,5,2,1,1,2,0,0
2025-03-04,84,19,1,19,7,8,4,4,0,2,0,3,3,1,1,2,5,2,1,0,2,0,0
2025-03-05,96,17,1,20,11,10,7,4,0,3,0,3,3,2,1,3,5,2,0,2,2,0,0
2025-03-06,114,17,1,24,12,13,8,4,0,5,0,4,3,3,1,5,5,2,1,3,2,0,1
2025-03-07,119,19,1,24,15,16,7,4,0,4,0,4,3,3,1,3,5,2,1,4,2,0,1
2025-03-10,103,16,1,23,12,13,7,4,0,2,0,4,3,3,1,2,5,2,0,3,2,0,0
2025-03-11,99,16,1,24,12,12,5,4,0,2,0,4,3,3,1,2,5,1,0,2,2,0,0
2025-03-12,96,19,1,21,12,11,6,3,0,2,0,4,2,2,1,1,5,2,0,2,2,0,0
2025-03-13,89,16,1,22,10,10,6,3,0,2,0,4,2,2,1,0,5,1,0,2,2,0,0
2025-03-17,92,16,1,23,9,11,6,3,0,2,0,5,2,2,1,1,5,1,0,2,2,0,0
2025-03-18,110,20,1,27,10,13,7,3,0,4,0,6,2,2,1,1,5,2,0,4,2,0,0
2025-03-19,123,23,1,27,13,14,9,5,0,4,1,6,2,1,1,1,5,2,0,5,2,0,1
2025-03-20,137,25,1,29,13,20,10,4,0,4,1,6,2,2,1,2,5,4,0,5,2,0,1
2025-03-21,160,31,2,31,16,19,10,6,0,4,3,6,4,2,1,3,6,4,1,7,2,1,1
2025-03-24,178,35,2,31,16,25,10,8,0,4,4,6,5,2,1,5,7,5,1,7,2,1,1
2025-03-25,163,29,1,29,15,25,10,8,0,5,2,6,4,1,1,5,5,4,1,7,2,1,2
2025-03-26,145,25,1,27,14,20,10,6,0,5,2,6,4,0,1,5,4,4,1,6,2,1,1
2025-03-27,165,28,2,30,15,24,11,5,0,7,3,6,4,1,1,6,7,5,1,5,2,1,1
2025-03-28,161,28,2,30,15,24,10,5,0,8,3,6,4,1,2,4,7,3,0,6,2,0,1
2025-04-01,149,27,1,25,16,21,8,7,0,7,3,6,4,0,1,4,7,4,0,6,2,0,0
2025-04-02,162,29,1,24,17,23,12,8,0,7,3,5,5,1,1,4,7,5,1,6,2,0,1
2025-04-03,173,32,2,31,16,22,12,9,0,9,3,4,4,1,2,2,7,7,1,6,2,0,1
2025-04-04,140,32,1,22,15,19,11,6,0,8,2,3,3,0,1,0,7,3,0,4,2,0,1
2025-04-07,99,22,1,19,11,12,8,4,0,5,1,2,1,1,1,0,4,1,0,3,2,0,1
2025-04-08,118,28,1,22,11,13,9,6,0,5,2,2,2,0,1,0,6,3,0,3,3,0,1
2025-04-09,114,25,1,20,10,12,10,6,0,7,2,2,2,1,1,0,5,3,0,3,3,0,1
2025-04-11,142,28,1,24,14,15,15,7,0,7,3,3,3,1,0,0,8,4,0,4,3,0,2
2025-04-15,177,38,1,26,16,21,18,9,0,9,4,3,5,1,1,1,8,5,1,5,3,0,2
2025-04-16,194,46,1,28,17,22,18,9,0,9,4,3,5,3,1,1,9,6,1,6,3,0,2
2025-04-17,208,53,1,31,17,23,18,11,0,9,5,3,6,2,1,3,8,5,1,6,3,0,2
2025-04-21,228,56,2,31,17,27,19,12,0,10,7,3,7,4,2,3,8,6,2,7,3,0,2
2025-04-22,234,59,1,31,18,28,20,11,0,10,6,3,6,5,2,1,9,6,3,10,3,0,2
2025-04-23,242,61,1,35,16,30,21,14,0,10,8,3,6,3,1,1,8,6,2,11,3,0,2
2025-04-24,242,61,1,34,17,29,22,15,0,10,6,3,6,3,2,2,8,6,2,10,3,0,2
2025-04-25,211,53,1,30,15,26,20,13,0,9,5,3,6,1,1,1,7,5,2,8,3,0,2
2025-04-28,219,55,1,31,16,28,20,11,0,9,6,3,6,3,1,1,7,5,2,9,3,0,2
2025-04-29,218,56,1,30,14,29,20,12,0,9,5,3,6,4,0,1,7,5,2,9,3,0,2
2025-04-30,196,49,1,29,14,26,19,9,0,8,2,3,5,4,0,1,6,4,2,9,3,0,2
2025-05-02,191,50,1,27,13,25,17,9,0,8,3,3,5,4,0,1,5,4,2,9,3,0,2
2025-05-05,208,52,1,29,14,30,18,10,0,9,2,2,6,6,0,2,5,4,2,11,3,0,2
2025-05-06,181,44,1,26,12,23,19,7,0,9,1,3,5,5,0,0,5,4,1,11,3,0,2
2025-05-07,197,49,1,26,13,28,19,10,0,9,1,2,5,5,0,0,5,7,1,11,3,0,2
2025-05-08,182,44,1,25,13,24,15,8,0,8,0,1,5,5,0,2,5,7,1,13,3,0,2
2025-05-09,170,42,1,20,12,23,14,8,0,8,1,1,5,5,0,2,4,7,0,12,3,0,2
2025-05-12,238,56,1,26,14,32,21,12,0,11,3,4,6,6,4,8,5,7,2,15,3,0,2
2025-05-13,249,60,1,28,13,36,21,13,0,10,3,4,6,6,4,8,6,7,1,16,3,0,3
2025-05-14,267,64,1,27,14,44,20,13,0,11,5,6,6,6,4,8,7,8,1,16,3,0,3
2025-05-15,282,64,1,29,15,45,21,13,0,11,5,9,8,7,5,10,6,7,1,19,3,0,3
2025-05-16,301,67,1,29,21,50,22,15,0,12,6,9,8,6,6,10,7,8,1,17,3,0,3
2025-05-19,322,70,1,32,24,54,22,16,0,12,7,10,8,8,7,8,7,8,1,20,4,0,3
2025-05-20,296,63,1,29,20,50,22,15,0,12,6,9,8,6,6,9,7,8,1,18,3,0,3
2025-05-21,312,69,1,31,20,55,23,13,0,12,5,9,8,7,6,10,7,9,2,19,3,0,3
2025-05-22,309,69,1,31,20,53,22,13,0,12,5,9,8,5,5,10,7,9,2,20,4,1,3
2025-05-23,323,70,1,33,22,54,24,14,0,13,7,9,8,7,6,10,7,7,2,21,4,1,3
2025-05-26,333,73,1,34,22,58,24,15,0,12,6,9,9,7,7,10,6,8,3,21,4,1,3
2025-05-27,331,75,1,30,26,56,26,13,0,13,6,9,8,5,7,9,6,8,2,21,6,1,3
2025-05-28,326,79,1,31,25,55,24,11,0,11,4,8,7,7,9,9,6,8,1,20,6,1,3
2025-05-29,344,79,1,30,26,57,26,12,0,11,6,10,8,9,9,9,8,8,3,21,7,1,3
2025-05-30,334,82,1,32,25,56,25,11,0,9,6,8,8,6,9,9,6,7,3,21,6,1,3
2025-06-02,339,84,1,30,26,55,25,13,0,10,6,8,8,7,9,8,7,6,4,21,7,1,3
2025-06-03,339,80,1,32,30,55,26,11,0,10,5,8,8,6,10,8,7,6,5,21,6,1,3
2025-06-04,345,80,1,30,31,56,26,13,0,10,6,7,11,6,10,8,7,7,5,21,6,1,3
2025-06-05,360,82,1,31,30,59,24,17,0,10,7,10,11,6,12,9,8,7,5,22,5,1,3
2025-06-06,369,88,1,33,28,57,25,15,1,11,7,11,12,6,10,9,8,6,8,24,5,1,3
2025-06-09,407,93,1,34,30,61,27,18,1,11,11,13,12,9,17,11,8,6,8,26,6,1,3
2025-06-10,415,93,2,35,30,62,25,18,1,12,12,15,13,10,16,12,8,7,8,26,6,1,3
2025-06-11,425,92,2,39,31,61,26,17,1,13,12,14,13,11,17,12,8,9,9,28,6,1,3
2025-06-12,387,88,2,40,29,56,24,15,1,10,11,12,9,9,12,10,9,7,8,25,6,1,3
2025-06-13,369,85,2,38,28,54,24,14,1,10,9,11,10,7,11,10,8,6,8,24,5,1,3
2025-06-16,387,88,2,41,28,56,23,17,1,11,10,13,10,8,11,11,9,6,8,25,5,1,3
2025-06-17,368,84,2,34,28,57,22,14,1,11,8,9,11,9,10,10,9,6,8,24,7,1,3
2025-06-18,359,84,2,32,26,55,22,16,1,10,6,9,10,7,10,10,9,6,8,25,7,1,3
2025-06-19,310,76,2,32,21,49,20,14,1,8,4,7,9,6,8,7,4,5,7,21,7,0,2
2025-06-20,329,80,2,32,23,51,22,16,1,8,5,7,9,7,10,9,4,5,6,23,7,0,2
2025-06-23,336,84,2,31,24,53,20,15,1,8,7,10,9,8,11,7,4,6,7,21,6,0,2
2025-06-24,359,89,2,34,25,55,23,16,1,10,7,11,10,8,12,8,6,6,7,21,6,0,2
2025-06-25,388,91,2,35,30,58,23,18,1,12,10,11,11,11,13,10,7,6,7,24,6,0,2
2025-06-26,402,90,2,37,30,63,23,17,1,12,11,14,12,11,14,10,6,8,7,25,7,0,2
2025-06-27,405,90,2,38,30,65,23,16,1,12,11,13,12,12,14,10,7,8,5,27,7,0,2
2025-06-30,414,92,2,40,32,66,23,18,1,12,11,13,12,12,15,10,6,8,6,26,7,0,2
2025-07-01,410,92,2,39,31,67,23,17,1,12,11,13,12,10,13,10,6,8,6,27,8,0,2
2025-07-02,410,91,2,37,31,65,24,17,1,13,12,13,12,13,12,10,7,7,6,27,8,0,2
2025-07-03,418,90,2,40,31,68,23,17,1,13,12,13,12,14,13,11,8,7,6,27,8,0,2
2025-07-04,420,90,2,40,31,68,23,16,1,13,12,13,13,13,14,11,9,8,6,27,8,0,2
2025-07-07,414,88,2,38,30,65,24,17,1,13,12,13,13,13,12,11,12,8,5,27,8,0,2
2025-07-08,417,89,2,37,31,65,24,17,1,13,12,13,13,12,12,12,13,8,6,27,8,0,2
2025-07-09,431,90,2,41,34,67,26,20,1,13,11,12,14,11,12,12,14,8,5,29,7,0,2
2025-07-10,424,90,2,40,32,68,25,19,1,13,11,12,13,11,13,10,13,8,7,27,7,0,2
2025-07-11,409,88,2,41,30,64,26,18,1,12,11,12,12,11,10,10,11,8,7,26,7,0,2
2025-07-14,413,88,2,46,29,64,26,18,1,12,11,12,11,12,9,10,12,8,7,26,7,0,2
2025-07-15,439,90,2,46,34,70,25,19,1,12,12,13,14,12,12,12,13,8,7,28,7,0,2
2025-07-16,449,91,2,49,35,70,28,20,1,12,12,12,14,12,12,11,14,8,7,28,8,0,3
2025-07-17,464,91,2,49,34,75,29,22,1,13,14,12,15,13,11,11,16,8,7,30,8,0,3
2025-07-18,445,90,2,47,29,71,28,21,1,13,13,13,13,12,11,11,14,8,8,29,8,0,3
2025-07-21,450,90,3,46,31,70,29,22,1,13,13,14,13,11,13,13,14,9,7,28,7,0,3
2025-07-22,445,90,3,44,32,72,29,20,1,13,14,14,12,12,11,13,13,7,7,28,7,1,2
2025-07-23,446,89,3,45,31,71,28,21,1,13,14,15,13,13,11,10,14,8,7,28,7,1,3
2025-07-24,450,87,3,48,29,72,28,20,1,13,14,15,14,14,11,9,16,8,7,30,7,1,3
2025-07-25,408,82,3,47,26,63,27,20,0,13,12,12,10,10,10,8,14,8,6,27,7,1,2
2025-07-28,380,79,3,47,25,56,25,19,0,13,11,12,9,9,7,7,11,7,4,28,6,1,1
2025-07-29,404,80,3,49,28,61,25,19,0,13,13,13,9,11,9,9,12,7,5,29,7,1,1
2025-07-30,404,76,3,50,31,64,25,19,0,13,13,13,9,10,10,9,14,7,4,26,6,1,1
2025-07-31,384,76,3,47,28,62,26,16,0,13,12,11,9,10,10,9,10,4,5,27,4,1,1
2025-08-01,350,66,3,40,28,57,25,15,0,12,10,9,9,8,9,9,10,4,5,24,5,1,1
2025-08-04,363,75,3,39,26,60,25,15,0,12,10,11,9,8,10,9,12,4,4,23,5,1,2
2025-08-05,369,73,3,41,29,61,25,15,0,12,9,11,10,9,10,9,12,4,4,25,5,1,1
2025-08-06,351,72,3,39,26,60,23,15,0,12,9,11,9,8,10,6,13,3,2,25,4,0,1
2025-08-07,353,74,3,39,26,59,23,14,0,12,9,11,10,8,10,8,12,3,2,24,5,0,1
2025-08-08,330,71,3,35,24,52,22,14,0,12,7,12,10,9,10,7,10,1,2,24,4,0,1
2025-08-11,339,71,3,39,24,55,22,14,0,12,8,12,10,9,10,7,9,0,4,24,4,1,1
2025-08-12,344,70,3,39,24,57,23,16,0,12,10,12,9,9,10,8,9,0,2,25,4,1,1
2025-08-13,345,71,3,43,23,56,24,15,0,12,10,13,9,10,10,7,9,0,2,23,3,1,1
2025-08-14,342,71,3,45,23,55,21,16,0,12,8,13,9,7,9,8,9,0,2,25,4,1,1
2025-08-18,370,78,3,46,25,57,24,16,0,12,10,12,10,9,9,9,11,1,3,29,4,1,1
2025-08-19,387,80,3,44,25,59,26,18,0,12,12,13,11,9,10,9,11,2,3,33,4,1,2
2025-08-20,398,80,3,45,28,59,27,19,0,12,14,14,11,10,10,11,9,2,4,33,4,1,2
2025-08-21,393,78,3,45,28,60,27,19,0,12,11,13,11,9,11,10,9,3,4,33,4,1,2
2025-08-22,383,77,3,46,26,61,27,19,0,12,10,13,11,7,9,9,11,3,2,30,3,1,3
2025-08-25,389,76,3,46,27,61,26,18,1,12,10,13,11,7,11,11,11,3,5,30,3,1,3
2025-08-26,348,71,3,41,24,53,26,17,1,12,8,12,8,6,10,10,9,1,2,28,3,1,2
2025-08-28,328,64,3,40,20,50,25,18,1,12,6,11,8,6,9,8,11,0,2,29,3,0,2
2025-08-29,318,58,3,39,20,50,24,18,1,12,6,10,7,6,9,8,10,0,2,30,3,0,2
2025-09-01,353,63,3,41,25,56,24,19,1,12,6,12,10,7,10,9,13,0,2,35,3,0,2
2025-09-02,377,68,3,42,25,61,27,18,1,13,6,14,10,8,12,12,14,0,2,34,4,1,2
2025-09-03,403,73,3,48,27,60,27,21,1,13,10,16,11,9,12,12,14,0,3,35,5,1,2
2025-09-04,387,71,3,46,25,56,28,21,1,13,8,15,11,9,11,11,14,0,3,35,5,0,1
2025-09-05,383,72,3,45,24,53,27,21,1,12,9,16,10,8,12,8,17,0,3,35,5,1,1
2025-09-08,387,72,3,46,25,53,26,21,1,12,9,16,9,8,11,7,17,0,4,40,5,1,1
2025-09-09,390,71,3,45,23,54,25,22,1,12,10,16,10,8,12,10,19,0,4,38,5,1,1
2025-09-10,410,76,3,45,23,60,27,21,1,13,12,16,11,9,12,13,17,1,4,39,5,1,1
2025-09-11,414,76,3,46,25,64,26,21,1,13,11,15,12,9,12,12,17,1,4,39,5,1,1
2025-09-12,428,80,3,47,23,68,25,21,1,13,14,17,13,9,13,12,17,0,4,39,7,1,1
2025-09-15,445,81,3,47,25,67,27,22,1,13,16,18,14,9,14,12,19,1,6,40,8,1,1
2025-09-16,462,82,3,46,25,70,26,21,1,13,17,18,15,12,16,12,23,4,7,40,8,1,2
2025-09-17,472,84,3,48,25,68,27,23,1,13,16,19,15,12,15,12,25,6,7,41,8,2,2
2025-09-18,471,86,3,47,24,69,26,23,1,13,17,19,15,11,16,13,24,4,7,41,8,2,2
2025-09-19,481,86,3,51,27,70,26,21,1,13,18,19,15,13,16,13,23,5,8,41,8,2,2
2025-09-22,457,81,3,46,25,67,26,21,1,13,18,18,15,11,16,12,20,3,8,40,8,2,3
2025-09-23,449,80,3,45,25,66,25,21,1,13,18,19,15,11,15,11,17,3,8,41,8,2,2
2025-09-24,424,77,2,44,24,64,25,20,1,13,17,18,13,10,15,8,14,2,5,40,8,2,2
2025-09-25,411,74,2,42,23,66,24,19,1,13,16,18,14,11,12,8,13,1,5,39,8,1,1
2025-09-26,364,69,2,34,19,59,21,16,1,12,13,18,14,9,9,6,10,1,5,37,6,1,2
2025-09-29,354,69,2,34,18,57,20,14,1,11,14,18,14,10,7,6,10,1,4,37,6,0,1
2025-09-30,365,73,2,35,18,58,20,14,1,11,13,18,14,9,10,6,12,1,4,39,6,0,1
2025-10-01,396,79,2,36,18,63,21,16,1,12,15,18,14,13,13,7,14,1,5,40,7,0,1
2025-10-03,413,80,2,37,21,67,21,18,1,11,15,18,14,13,13,7,17,1,7,40,7,1,2
2025-10-06,411,81,2,35,20,64,22,18,1,11,14,18,14,13,11,11,17,1,8,40,8,1,1
2025-10-07,419,83,1,34,19,66,23,17,1,12,13,18,15,15,14,13,17,1,7,40,8,1,1
2025-10-08,396,82,1,33,18,62,23,17,1,12,12,18,14,10,12,13,14,0,6,38,8,1,1
2025-10-09,410,82,1,37,19,64,22,17,1,12,13,19,15,12,12,13,17,0,6,38,8,1,1
2025-10-10,421,83,2,40,19,65,22,17,1,12,14,19,15,13,12,14,18,0,7,38,8,1,1
2025-10-13,407,82,1,36,18,64,22,18,1,11,13,18,14,12,12,14,17,0,6,38,8,1,1
2025-10-14,396,81,1,36,19,58,22,17,1,11,13,18,14,11,13,13,16,0,6,37,8,0,1
2025-10-15,408,81,1,36,18,62,21,17,1,12,14,19,15,13,13,14,16,0,8,37,8,1,1
2025-10-16,425,80,1,36,21,65,23,18,1,12,15,18,16,13,13,14,18,2,9,40,8,1,1
2025-10-17,419,82,2,39,18,61,23,19,1,11,15,18,15,12,10,14,19,2,9,39,8,1,1
2025-10-20,415,82,2,38,18,62,23,18,1,10,15,18,14,12,11,14,19,0,9,39,8,1,1
2025-10-21,428,84,2,39,19,67,24,19,1,10,15,19,15,12,11,14,20,0,9,38,8,1,1
2025-10-23,431,85,2,38,19,67,22,19,1,10,16,18,15,14,10,15,20,2,10,38,8,1,1
2025-10-24,431,88,2,39,19,64,22,19,1,10,15,19,14,14,10,15,20,3,9,38,8,1,1
2025-10-27,439,89,2,39,17,63,24,20,1,11,17,18,15,14,10,15,20,3,12,38,9,1,1
2025-10-28,437,89,2,38,19,66,23,20,1,10,16,18,14,12,11,15,21,3,10,38,9,1,1
2025-10-29,456,86,2,39,21,70,25,20,1,11,18,18,15,14,12,15,22,4,11,41,9,1,1
2025-10-30,453,84,2,39,19,71,24,20,1,11,17,18,15,15,12,15,23,3,12,41,9,1,1
2025-10-31,440,85,2,39,15,68,26,20,1,11,15,18,15,14,12,16,21,1,12,39,8,1,1
2025-11-03,455,85,3,41,18,70,25,20,1,11,14,19,15,14,12,15,23,5,12,41,9,1,1
2025-11-04,436,84,2,42,13,68,23,21,1,10,14,18,15,13,11,15,25,1,11,38,9,1,1
2025-11-06,392,80,2,37,12,58,21,16,1,8,13,17,15,12,8,15,20,1,10,37,7,1,1
2025-11-07,393,84,2,38,14,58,20,17,1,7,13,17,15,12,9,14,17,2,9,36,7,0,1
2025-11-10,388,81,2,38,14,57,21,13,1,6,13,17,14,13,7,14,19,3,10,37,7,0,1
2025-11-11,386,77,2,36,13,60,21,14,1,8,13,17,16,13,5,13,18,5,10,36,7,0,1
2025-11-12,402,77,2,40,16,60,21,14,1,7,13,18,14,14,7,16,19,7,10,37,8,0,1
2025-11-13,397,82,2,39,14,58,19,15,1,5,12,18,15,13,7,15,20,7,10,37,7,0,1
2025-11-14,406,82,2,39,14,61,22,15,1,5,13,18,15,14,6,15,22,7,10,37,7,0,1
2025-11-17,416,84,2,43,16,58,22,14,1,5,13,18,15,14,8,15,23,7,10,38,9,0,1
2025-11-18,400,81,2,40,16,57,22,15,1,4,12,17,14,12,7,15,22,7,9,38,8,0,1
2025-11-19,396,82,2,39,15,57,24,15,1,4,10,17,14,12,7,16,19,7,8,38,8,0,1
2025-11-20,390,79,2,40,16,59,23,15,1,3,10,17,14,11,7,15,18,9,7,36,7,0,1
2025-11-21,356,77,2,38,13,53,21,13,1,3,9,15,12,10,6,12,17,8,5,33,7,0,1
2025-11-24,342,76,2,38,9,48,21,11,1,3,8,16,11,10,7,13,14,6,5,35,7,0,1
2025-11-25,342,76,2,38,8,50,21,11,1,2,7,15,11,10,6,13,18,6,6,33,7,0,1
2025-11-26,368,79,2,42,11,52,21,12,1,4,9,15,13,10,7,15,19,7,7,34,7,0,1
2025-11-27,362,79,2,40,9,51,20,15,1,4,9,15,12,10,7,16,18,6,6,34,7,0,1
2025-11-28,353,79,2,40,10,46,21,11,1,3,9,15,11,8,7,17,18,6,7,34,7,0,1
2025-12-01,353,79,2,40,11,46,21,12,1,3,8,16,11,8,6,18,16,5,7,35,7,0,1
2025-12-02,358,78,2,43,9,46,21,11,1,3,9,15,11,10,7,19,17,5,7,36,7,0,1
2025-12-03,340,76,2,39,9,43,21,12,1,3,6,15,11,7,7,18,15,5,6,36,7,0,1
2025-12-04,342,78,2,41,10,42,21,13,1,3,6,15,10,8,7,19,14,5,5,35,6,0,1
2025-12-05,335,79,2,39,9,40,20,13,1,3,6,15,10,7,7,19,14,4,5,35,6,0,1
2025-12-08,294,70,2,35,8,33,18,8,0,2,6,15,10,7,6,18,11,2,4,32,6,0,1
2025-12-09,314,71,2,36,8,40,19,11,1,2,7,15,10,7,6,17,14,4,3,34,6,0,1
2025-12-10,308,67,2,36,9,37,19,11,1,3,6,15,10,7,6,17,15,4,4,33,5,0,1
2025-12-11,306,70,2,35,8,37,17,11,1,3,7,15,10,7,6,17,13,4,3,34,5,0,1
2025-12-12,320,73,2,36,10,38,19,12,1,3,9,16,10,7,6,19,13,5,3,32,5,0,1
2025-12-15,324,73,2,37,11,40,19,10,1,4,9,16,10,7,6,19,15,4,3,32,5,0,1
2025-12-16,309,67,2,34,11,36,18,10,1,3,8,17,10,7,6,19,14,3,4,32,6,0,1
2025-12-17,299,66,2,34,10,32,20,10,0,3,7,17,9,7,6,19,12,3,3,32,6,0,1
2025-12-18,291,67,2,33,10,29,18,10,0,3,6,16,9,7,4,20,12,3,3,33,5,0,1
2025-12-19,314,69,2,35,11,36,20,11,0,3,7,16,10,8,6,20,12,3,5,33,6,0,1
2025-12-22,329,73,2,36,11,35,22,11,1,3,7,18,11,8,6,19,13,3,7,35,7,0,1
2025-12-23,329,74,2,37,12,34,22,10,1,4,8,18,12,9,6,19,13,2,6,33,7,0,0
2025-12-24,322,73,2,35,11,35,20,10,1,4,6,18,10,8,7,19,15,2,6,33,7,0,0
2025-12-26,327,71,2,36,13,37,19,10,1,4,6,19,12,8,9,18,14,2,5,33,8,0,0
2025-12-29,308,65,2,32,13,34,19,10,0,4,5,18,12,8,9,18,12,2,5,32,8,0,0
2025-12-30,297,65,2,30,11,30,19,10,0,4,6,17,12,8,7,17,12,3,4,32,8,0,0
2025-12-31,319,69,2,34,12,33,23,10,0,4,8,17,12,9,9,17,12,1,4,34,8,0,1
2026-01-01,325,68,2,34,12,36,20,11,0,4,7,18,12,11,10,17,13,3,6,33,8,0,0
2026-01-02,346,72,2,35,14,35,23,11,0,5,12,18,12,13,10,17,14,2,8,34,8,0,1
2026-01-05,348,74,2,35,15,39,20,10,0,6,13,18,13,11,9,16,13,2,8,35,7,0,2
2026-01-06,336,71,2,37,13,40,20,8,0,5,12,18,12,12,8,17,12,1,8,33,7,0,0
2026-01-07,336,70,2,36,13,37,20,10,0,6,12,18,12,11,8,18,14,1,8,32,7,0,1
2026-01-08,286,61,1,33,11,33,18,8,0,4,6,15,10,9,3,16,12,1,8,31,6,0,0
2026-01-09,260,58,1,30,9,30,16,6,0,3,5,14,9,8,2,16,11,1,5,31,5,0,0
2026-01-12,248,58,1,27,9,26,14,8,0,4,4,14,7,8,2,16,8,1,6,31,4,0,0
2026-01-13,260,59,1,29,11,25,15,8,0,4,5,14,7,10,2,17,9,1,6,31,5,0,1
2026-01-14,253,59,1,28,10,26,15,9,0,5,5,14,9,10,2,14,7,1,5,29,4,0,0
2026-01-16,243,58,1,24,10,25,15,9,0,5,5,14,7,10,2,15,7,1,4,27,4,0,0
2026-01-19,229,58,1,23,7,26,14,6,0,5,4,14,7,9,2,13,5,1,4,26,4,0,0
2026-01-20,191,52,1,19,5,21,10,3,0,4,3,13,6,7,2,12,5,1,1,23,3,0,0
2026-01-21,185,49,1,17,4,21,9,4,0,4,3,13,6,9,2,12,4,1,1,22,3,0,0
2026-01-22,198,52,1,18,7,19,12,4,0,5,4,13,7,9,2,12,3,1,1,25,3,0,0
2026-01-23,171,48,1,16,5,16,9,3,0,3,2,13,3,8,2,11,3,1,1,23,3,0,0
2026-01-27,167,45,1,14,7,16,9,2,0,4,2,14,3,8,2,11,3,0,1,22,3,0,0
2026-01-28,192,48,1,15,7,21,9,3,0,4,4,15,8,10,2,11,4,1,1,25,3,0,0
2026-01-29,202,51,1,16,7,25,9,3,0,4,6,15,9,10,2,10,4,1,1,24,3,0,1
2026-01-30,209,51,1,18,7,26,11,4,0,4,4,15,9,9,2,10,4,1,2,27,4,0,0
2026-02-01,175,43,1,17,6,22,5,3,0,3,3,14,4,9,2,10,3,2,2,23,3,0,0
2026-02-02,189,44,1,17,6,25,6,3,0,4,3,14,5,10,2,12,5,2,1,25,4,0,0
2026-02-03,243,56,1,18,8,32,10,7,0,4,6,15,9,10,2,14,8,5,4,30,4,0,0
2026-02-04,247,60,1,17,8,35,10,7,0,4,8,15,9,11,2,10,6,7,3,30,4,0,0
2026-02-05,237,57,1,19,8,34,11,5,0,5,7,15,8,10,2,9,5,5,2,30,4,0,0
2026-02-06,239,59,1,18,9,35,13,4,0,4,7,15,8,11,2,9,6,5,3,26,4,0,0
2026-02-09,273,62,1,24,10,41,17,5,0,5,8,15,10,11,3,10,10,6,3,28,4,0,0
2026-02-10,285,66,1,24,11,42,17,6,0,5,7,15,10,12,3,9,12,5,4,30,4,0,2
2026-02-11,288,66,1,30,11,43,18,5,0,5,8,15,9,12,3,7,10,5,3,31,4,0,2
2026-02-12,269,62,1,26,11,40,17,6,0,5,8,14,8,10,2,4,10,5,3,31,4,0,2
2026-02-13,244,57,1,25,10,32,16,5,0,4,7,13,7,10,2,3,9,6,3,28,4,0,2
2026-02-16,244,57,1,27,11,38,16,2,0,4,7,14,6,10,3,2,8,6,1,26,4,0,1
2026-02-17,258,60,1,30,11,39,17,4,0,4,8,14,7,10,3,3,9,5,1,27,4,0,1
2026-02-18,260,63,1,29,12,40,16,4,0,4,8,14,7,10,3,2,7,5,1,28,4,0,2
2026-02-19,232,53,1,27,12,34,11,2,0,4,6,14,8,10,3,3,7,5,1,26,4,0,1
2026-02-20,237,55,1,26,11,37,14,2,0,4,7,14,8,9,3,1,6,5,3,26,4,0,1
2026-02-23,247,57,1,28,11,38,14,2,0,4,7,14,8,10,3,2,6,5,3,29,4,0,1
2026-02-24,232,53,1,23,11,38,14,1,0,4,7,14,8,10,4,1,6,4,2,27,3,0,1
2026-02-25,247,57,1,27,13,40,15,2,0,4,7,14,8,10,4,1,6,3,2,29,3,0,1
2026-02-26,248,56,1,26,14,43,14,2,0,4,8,14,8,10,4,1,6,3,1,29,3,0,1
2026-02-27,227,49,1,25,12,36,14,2,0,4,8,14,9,10,4,1,6,3,1,24,3,0,1
2026-03-02,200,44,1,24,9,36,8,2,0,3,6,14,6,9,3,1,6,3,0,21,3,0,1
2026-03-04,179,38,1,22,9,33,7,1,0,1,6,14,3,8,2,1,6,3,0,20,3,0,1
2026-03-05,195,40,1,23,9,38,9,1,0,3,6,14,6,9,2,1,6,3,0,20,3,0,1
2026-03-06,188,38,1,21,8,37,10,2,0,1,6,14,5,9,2,1,6,3,0,20,3,0,1
2026-03-09,164,33,1,20,8,33,7,1,0,0,5,13,2,7,2,1,6,2,0,19,3,0,1
2026-03-10,184,38,1,22,9,37,10,1,0,0,5,13,4,8,2,1,6,3,0,20,3,0,1
2026-03-11,183,37,1,23,9,38,9,1,0,0,5,13,3,8,2,1,6,3,0,20,3,0,1
2026-03-12,179,36,1,21,9,36,6,2,0,0,8,13,2,9,1,1,5,3,0,21,4,0,1
2026-03-13,147,30,1,20,9,29,4,1,0,0,8,12,2,7,1,1,5,2,0,12,3,0,0
