Symbol,Industry,Qtr Profit Var %,QoQ profits %,QoQ sales %,OPM,Last_Updated
360ONE,Financial Services,32.42,14.47,10.81,44.84,2026-08-01 05:24:30
3MINDIA,Diversified,89.28,447.02,13.94,17.22,2026-08-01 05:24:30
ABB,Capital Goods,237.55,312.07,-9.54,11.57,2026-08-01 05:24:30
ACC,Construction Materials,-80.43,-38.3,-18.73,3.39,2026-08-01 05:24:30
ACMESOLAR,Power,90.76,68.92,56.54,67.58,2026-08-01 05:24:31
AGI,Capital Goods,2.84,-13.89,5.78,16.58,2026-08-01 05:24:31
AIAENG,Capital Goods,37.88,33.58,19.29,26.68,2026-08-01 05:24:31
APLAPOLLO,Capital Goods,63.32,14.29,7.57,7.44,2026-08-01 05:24:32
ASKAUTOLTD,Automobile and Auto Components,8.57,-10.49,5.8,8.93,2026-08-01 05:24:32
AUBANK,Financial Services,58.02,-4.32,2.16,0.0,2026-08-01 05:24:32
AWL,Fast Moving Consumer Goods,84.09,19.93,-6.6,2.87,2026-08-01 05:24:32
AADHARHFC,Financial Services,26.99,10.57,2.97,35.85,2026-08-01 05:24:33
AARTIDRUGS,Healthcare,-12.2,36.14,19.71,10.8,2026-08-01 05:24:33
AARTIIND,Chemicals,61.46,13.14,8.25,8.88,2026-08-01 05:24:33
AARTIPHARM,Healthcare,-30.81,27.46,34.79,17.5,2026-08-01 05:24:33
AAVAS,Financial Services,23.01,-5.72,2.4,25.83,2026-08-01 05:24:34
ABBOTINDIA,Healthcare,7.6,5.05,-0.84,27.01,2026-08-01 05:24:34
ACE,Capital Goods,0.78,7.74,-23.68,13.91,2026-08-01 05:24:34
ACUTAAS,Healthcare,0.0,0.0,0.0,0.0,2026-08-01 05:24:34
ADANIENSOL,Power,77.56,68.05,30.47,24.95,2026-08-01 05:24:35
ADANIENT,Metals & Mining,-231.07,-425.68,1.49,9.4,2026-08-01 05:24:35
ADANIGREEN,Power,18.51,112.85,29.9,68.45,2026-08-01 05:24:35
ADANIPORTS,Services,20.11,8.75,0.78,44.63,2026-08-01 05:24:35
ADANIPOWER,Power,82.24,19.63,32.9,35.88,2026-08-01 05:24:36
ATGL,Oil Gas & Consumable Fuels,-8.33,-15.81,12.61,11.6,2026-08-01 05:24:36
ABCAPITAL,Financial Services,59.49,19.49,13.71,0.0,2026-08-01 05:24:36
ABFRL,Consumer Services,-189.22,2.52,-16.16,-7.63,2026-08-01 05:24:36
ABLBL,Consumer Services,-9.6,-21.0,-7.21,30.21,2026-08-01 05:24:37
ABREL,Forest Materials,126.71,114.88,1.5,-217.82,2026-08-01 05:24:37
ABSLAMC,Financial Services,35.69,65.41,1.03,52.88,2026-08-01 05:24:37
ADVENZYMES,Healthcare,62.23,1.09,18.27,26.08,2026-08-01 05:24:38
AEGISLOG,Oil Gas & Consumable Fuels,45.69,132.07,50.36,22.03,2026-08-01 05:24:38
AEGISVOPAK,Oil Gas & Consumable Fuels,17.55,11.59,23.27,50.85,2026-08-01 05:24:38
AETHER,Chemicals,33.45,16.19,7.03,24.91,2026-08-01 05:24:38
AFCONS,Construction,-179.69,-191.05,-12.16,-2.17,2026-08-01 05:24:39
AFFLE,Information Technology,19.25,0.16,0.96,17.64,2026-08-01 05:24:39
AHLUCONT,Construction,-1.57,51.71,24.66,7.18,2026-08-01 05:24:39
AJANTPHARM,Healthcare,48.37,25.32,14.37,53.66,2026-08-01 05:24:39
AJAXENGG,Capital Goods,4.41,148.33,74.76,14.89,2026-08-01 05:24:40
AKUMS,Healthcare,-42.68,27.59,-0.15,9.64,2026-08-01 05:24:40
AKZOINDIA,Consumer Durables,0.0,0.0,0.0,0.0,2026-08-01 05:24:40
APLLTD,Healthcare,46.44,52.44,-1.52,7.54,2026-08-01 05:24:40
ALIVUS,Healthcare,12.83,-1.59,-7.07,29.84,2026-08-01 05:24:41
ALKEM,Healthcare,-22.69,-62.82,-3.57,11.42,2026-08-01 05:24:41
ALKYLAMINE,Chemicals,3.68,7.36,9.3,13.65,2026-08-01 05:24:41
ALLCARGO,Services,-20.0,0.0,-0.39,1.56,2026-08-01 05:24:41
ABDL,Fast Moving Consumer Goods,-37.42,20.12,-2.78,9.47,2026-08-01 05:24:42
ALOKINDS,Textiles,-85.65,28.2,1.03,-0.95,2026-08-01 05:24:42
ARE&M,Automobile and Auto Components,5.35,124.28,3.68,6.44,2026-08-01 05:24:42
AMBER,Consumer Durables,273.23,591.44,40.94,6.24,2026-08-01 05:24:42
AMBUJACEM,Construction Materials,-33.6,-68.47,-13.02,7.97,2026-08-01 05:24:43
ANANDRATHI,Financial Services,73.82,57.86,11.87,30.9,2026-08-01 05:24:43
ANANTRAJ,Realty,23.57,1.63,0.81,23.28,2026-08-01 05:24:43
ANGELONE,Financial Services,102.15,-27.74,-2.1,31.25,2026-08-01 05:24:43
ANURAS,Chemicals,0.0,44.09,5.48,18.15,2026-08-01 05:24:44
APARINDS,Capital Goods,86.99,84.44,-0.07,10.84,2026-08-01 05:24:44
PARKHOTELS,Consumer Services,-55.3,-50.89,-8.18,18.37,2026-08-01 05:24:44
APOLLOHOSP,Healthcare,42.17,5.38,1.98,11.91,2026-08-01 05:24:44
APOLLOTYRE,Automobile and Auto Components,241.77,34.1,-5.26,9.16,2026-08-01 05:24:45
APTUS,Financial Services,36.98,10.49,6.54,0.0,2026-08-01 05:24:45
ACI,Chemicals,-23.67,128.61,8.72,13.47,2026-08-01 05:24:45
ARVINDFASN,Consumer Services,110.27,-79.63,-6.32,6.34,2026-08-01 05:24:45
ARVIND,Textiles,5.74,63.65,7.61,8.96,2026-08-01 05:24:46
ASAHIINDIA,Automobile and Auto Components,25.69,33.15,8.61,15.99,2026-08-01 05:24:46
ASHOKLEY,Capital Goods,14.21,58.66,16.1,18.68,2026-08-01 05:24:46
ASHOKA,Construction,-66.88,-93.22,6.95,11.39,2026-08-01 05:24:47
ASIANPAINT,Consumer Durables,39.96,31.32,14.01,17.72,2026-08-01 05:24:47
ASTERDM,Healthcare,146.82,167.24,-0.29,13.98,2026-08-01 05:24:47
ASTRAMICRO,Capital Goods,44.22,126.38,87.61,30.61,2026-08-01 05:24:47
ASTRAZEN,Healthcare,-22.95,37.71,-5.39,9.56,2026-08-01 05:24:48
ASTRAL,Capital Goods,86.68,97.77,35.48,14.79,2026-08-01 05:24:48
ATHERENERG,Automobile and Auto Components,57.23,-18.48,23.18,-10.33,2026-08-01 05:24:48
ATUL,Chemicals,93.91,16.73,10.66,17.07,2026-08-01 05:24:48
AURIONPRO,Information Technology,-8.87,-25.43,3.62,13.99,2026-08-01 05:24:49
AUROPHARMA,Healthcare,8.92,1.21,1.71,15.11,2026-08-01 05:24:49
AIIL,Financial Services,17.77,1758.61,372.96,83.9,2026-08-01 05:24:49
AVALON,Capital Goods,69.51,26.22,14.93,10.12,2026-08-01 05:24:49
AVANTIFEED,Fast Moving Consumer Goods,-7.47,-16.25,6.09,10.2,2026-08-01 05:24:50
DMART,Consumer Services,56.22,31.07,6.28,6.45,2026-08-01 05:24:50
CCAVENUE,Financial Services,61.67,10.43,4.55,2.84,2026-08-01 05:24:51
AWFIS,Services,106.98,7.36,7.43,12.4,2026-08-01 05:24:51
AXISBANK,Financial Services,2.1,0.39,4.24,0.0,2026-08-01 05:24:52
AZAD,Capital Goods,50.44,4.27,1.78,27.56,2026-08-01 05:24:52
BASF,Chemicals,155.02,-35.43,-10.88,2.17,2026-08-01 05:24:52
BEML,Capital Goods,636.67,903.49,65.63,13.88,2026-08-01 05:24:53
BLS,Consumer Services,31.56,9.3,10.61,21.95,2026-08-01 05:24:53
BSE,Financial Services,61.27,32.49,25.67,64.38,2026-08-01 05:24:53
BAJAJ-AUTO,Automobile and Auto Components,45.93,-11.91,21.99,19.77,2026-08-01 05:24:53
BAJAJELEC,Consumer Durables,-302.43,-98.04,18.1,0.85,2026-08-01 05:24:54
BAJFINANCE,Financial Services,27.37,9.54,7.66,0.0,2026-08-01 05:24:54
BAJAJFINSV,Financial Services,5.09,13.89,2.65,0.0,2026-08-01 05:24:54
BAJAJHLDNG,Financial Services,49.23,27.71,9.61,0.0,2026-08-01 05:24:54
BAJAJHFL,Financial Services,21.92,6.89,5.07,30.44,2026-08-01 05:24:55
BALAMINES,Chemicals,97.2,18.56,15.49,22.39,2026-08-01 05:24:55
BALKRISIND,Automobile and Auto Components,22.31,50.53,17.81,15.57,2026-08-01 05:24:55
BALRAMCHIN,Fast Moving Consumer Goods,-30.36,40.68,10.31,14.97,2026-08-01 05:24:55
BALUFORGE,Capital Goods,4.86,-7.53,-15.28,21.52,2026-08-01 05:24:56
BANCOINDIA,Automobile and Auto Components,-3.95,71.77,39.56,15.17,2026-08-01 05:24:56
BANDHANBNK,Financial Services,57.8,-6.08,-1.17,0.0,2026-08-01 05:24:56
BANKBARODA,Financial Services,-67.1,-69.26,4.18,0.0,2026-08-01 05:24:56
BANKINDIA,Financial Services,26.93,6.96,-5.08,0.0,2026-08-01 05:24:57
MAHABANK,Financial Services,34.68,-1.05,3.41,0.0,2026-08-01 05:24:57
BATAINDIA,Consumer Durables,-96.24,-96.66,-12.39,5.53,2026-08-01 05:24:57
BAYERCROP,Chemicals,13.12,69.38,-0.49,15.02,2026-08-01 05:24:57
BELRISE,Automobile and Auto Components,18.37,6.77,9.07,7.78,2026-08-01 05:24:58
BERGEPAINT,Consumer Durables,13.43,23.46,-3.89,13.27,2026-08-01 05:24:58
BBL,Capital Goods,-3.25,59.24,34.96,6.39,2026-08-01 05:24:58
BDL,Capital Goods,-58.51,55.21,-10.93,7.24,2026-08-01 05:24:58
BEL,Capital Goods,-50.43,-52.62,-45.75,22.14,2026-08-01 05:24:59
BHARATFORG,Automobile and Auto Components,-17.53,-11.98,4.26,11.55,2026-08-01 05:24:59
BHEL,Capital Goods,-25.32,-70.81,-37.47,5.48,2026-08-01 05:24:59
BPCL,Oil Gas & Consumable Fuels,-142.64,-133.3,27.44,-4.05,2026-08-01 05:24:59
BHARTIARTL,Telecommunication,-50.44,10.48,2.6,32.23,2026-08-01 05:25:00
BHARTIHEXA,Telecommunication,71.22,-5.7,2.28,29.1,2026-08-01 05:25:00
BIKAJI,Fast Moving Consumer Goods,26.15,-9.28,-8.87,8.97,2026-08-01 05:25:00
BIOCON,Healthcare,-63.45,-12.45,7.46,11.3,2026-08-01 05:25:00
BIRLACORPN,Construction Materials,-3.21,-60.74,-6.69,7.56,2026-08-01 05:25:01
BSOFT,Information Technology,31.85,-8.49,2.28,14.75,2026-08-01 05:25:01
BLACKBUCK,Services,25.14,-35.85,10.1,13.31,2026-08-01 05:25:01
BLUEDART,Services,-39.7,-28.51,-5.12,5.36,2026-08-01 05:25:01
BLUEJET,Healthcare,-34.99,60.2,21.96,27.62,2026-08-01 05:25:02
BLUESTARCO,Consumer Durables,71.27,181.49,39.2,6.83,2026-08-01 05:25:02
BBTC,Fast Moving Consumer Goods,43.84,40.35,-3.89,15.54,2026-08-01 05:25:02
BORORENEW,Capital Goods,152.14,-48.66,-7.78,26.03,2026-08-01 05:25:02
BOSCH-HCIL,Consumer Durables,-27.11,314.77,102.99,5.77,2026-08-01 05:25:03
BOSCHLTD,Automobile and Auto Components,2.98,7.02,13.92,11.96,2026-08-01 05:25:03
FIRSTCRY,Consumer Services,60.51,-6.59,-10.77,-1.57,2026-08-01 05:25:03
BRIGADE,Realty,-41.06,-22.0,-7.46,19.52,2026-08-01 05:25:03
BRITANNIA,Fast Moving Consumer Goods,16.62,-0.24,-4.08,16.38,2026-08-01 05:25:04
MAPMYINDIA,Information Technology,4.53,170.48,54.82,39.2,2026-08-01 05:25:04
CCL,Fast Moving Consumer Goods,14.74,2.06,-1.96,12.87,2026-08-01 05:25:04
CESC,Power,65.66,54.04,2.27,23.9,2026-08-01 05:25:04
CGPOWER,Capital Goods,15.09,-14.36,-4.68,10.45,2026-08-01 05:25:05
CIEINDIA,Automobile and Auto Components,14.16,-5.51,0.33,11.16,2026-08-01 05:25:05
CMSINFO,Services,-15.17,37.73,2.38,16.1,2026-08-01 05:25:05
CRISIL,Financial Services,35.42,-7.2,1.68,24.68,2026-08-01 05:25:05
CSBBANK,Financial Services,26.51,-25.57,-8.17,0.0,2026-08-01 05:25:06
CAMPUS,Consumer Durables,26.01,-30.68,-22.59,38.09,2026-08-01 05:25:06
CANFINHOME,Financial Services,14.49,-22.52,-0.92,0.0,2026-08-01 05:25:06
CANBK,Financial Services,2.18,13.26,16.84,0.0,2026-08-01 05:25:06
CAPLIPOINT,Healthcare,22.42,3.8,10.57,30.9,2026-08-01 05:25:07
CGCL,Financial Services,98.82,24.95,15.02,29.67,2026-08-01 05:25:07
CARBORUNIV,Capital Goods,-150.58,-123.17,8.67,5.76,2026-08-01 05:25:07
CARTRADE,Consumer Services,22.53,-20.69,-0.97,25.95,2026-08-01 05:25:08
CASTROLIND,Oil Gas & Consumable Fuels,-10.76,-1.02,7.31,19.52,2026-08-01 05:25:08
CEATLTD,Automobile and Auto Components,-95.98,-98.36,2.35,4.15,2026-08-01 05:25:08
CEIGALL,Construction,70.85,70.83,39.89,14.95,2026-08-01 05:25:08
CELLO,Consumer Durables,-6.27,41.62,18.05,16.72,2026-08-01 05:25:09
CEMPRO,Construction,24.23,-41.85,-8.49,8.52,2026-08-01 05:25:09
CENTRALBK,Financial Services,19.79,77.43,-5.06,0.0,2026-08-01 05:25:09
CDSL,Financial Services,-38.34,-39.83,-13.64,37.64,2026-08-01 05:25:09
CENTURYPLY,Consumer Durables,48.79,22.24,10.53,8.57,2026-08-01 05:25:10
CERA,Consumer Durables,-9.64,226.75,29.03,13.67,2026-08-01 05:25:10
CHALET,Consumer Services,-30.46,-47.17,-8.23,33.73,2026-08-01 05:25:10
CHAMBLFERT,Chemicals,301.66,209.35,80.5,15.15,2026-08-01 05:25:10
CHENNPETRO,Oil Gas & Consumable Fuels,119.47,-27.46,62.74,5.12,2026-08-01 05:25:11
CHOICEIN,Financial Services,96.21,-8.1,1.1,34.38,2026-08-01 05:25:11
CHOLAHLDNG,Financial Services,11.99,9.81,3.63,18.32,2026-08-01 05:25:11
CHOLAFIN,Financial Services,31.49,0.67,2.89,0.0,2026-08-01 05:25:11
CIGNITITEC,Information Technology,0.0,21.85,8.46,17.09,2026-08-01 05:25:12
CIPLA,Healthcare,-35.42,42.26,9.48,12.55,2026-08-01 05:25:12
CUB,Financial Services,25.06,6.4,-1.17,0.0,2026-08-01 05:25:12
CLEAN,Chemicals,-11.23,27.0,13.47,30.07,2026-08-01 05:25:13
COALINDIA,Oil Gas & Consumable Fuels,-9.22,-18.33,-0.51,21.11,2026-08-01 05:25:13
COCHINSHIP,Capital Goods,-3.73,91.11,9.91,18.71,2026-08-01 05:25:13
COFORGE,Information Technology,98.55,-15.3,24.21,15.96,2026-08-01 05:25:13
COHANCE,Healthcare,-83.77,-46.76,13.69,7.66,2026-08-01 05:25:14
COLPAL,Fast Moving Consumer Goods,-3.36,-2.9,0.49,27.9,2026-08-01 05:25:14
CAMS,Financial Services,10.89,0.71,1.3,39.24,2026-08-01 05:25:14
CONCORDBIO,Healthcare,-36.75,39.52,17.39,30.36,2026-08-01 05:25:14
CONCOR,Services,0.08,1.56,-4.57,13.64,2026-08-01 05:25:15
COROMANDEL,Chemicals,-34.3,172.15,36.0,6.77,2026-08-01 05:25:15
CRAFTSMAN,Automobile and Auto Components,116.31,29.32,9.22,10.84,2026-08-01 05:25:15
CREDITACC,Financial Services,945.1,45.31,11.14,47.85,2026-08-01 05:25:15
CROMPTON,Consumer Durables,-586.1,-643.11,20.28,9.9,2026-08-01 05:25:16
CUMMINSIND,Capital Goods,16.29,33.62,-1.43,19.95,2026-08-01 05:25:16
CYIENTDLM,Capital Goods,-47.53,-27.43,1.28,7.51,2026-08-01 05:25:16
CYIENT,Information Technology,-38.91,89.96,7.72,9.01,2026-08-01 05:25:16
DCBBANK,Financial Services,20.4,3.67,1.56,0.0,2026-08-01 05:25:17
DCMSHRIRAM,Diversified,287.21,87.27,11.89,5.87,2026-08-01 05:25:17
DLF,Realty,19.82,5.42,-10.2,19.98,2026-08-01 05:25:17
DOMS,Fast Moving Consumer Goods,17.13,-2.01,1.99,12.87,2026-08-01 05:25:17
DABUR,Fast Moving Consumer Goods,84.58,60.3,23.91,16.48,2026-08-01 05:25:18
DALBHARAT,Construction Materials,-52.16,-51.42,-8.36,11.41,2026-08-01 05:25:18
DATAPATTNS,Capital Goods,-13.49,-84.06,-66.35,21.93,2026-08-01 05:25:18
DATAMATICS,Information Technology,-40.51,21.52,1.8,16.94,2026-08-01 05:25:18
DEEPAKFERT,Chemicals,76.76,251.56,8.13,22.73,2026-08-01 05:25:19
DEEPAKNTR,Chemicals,8.56,120.2,7.36,14.78,2026-08-01 05:25:19
DELHIVERY,Services,189.73,82.87,1.6,1.09,2026-08-01 05:25:19
DEVYANI,Consumer Services,199.38,245.84,10.0,4.71,2026-08-01 05:25:19
DHANUKA,Chemicals,77.62,144.45,17.91,22.46,2026-08-01 05:25:20
DIACABS,Capital Goods,690.9,21.91,46.78,9.99,2026-08-01 05:25:20
DBL,Construction,-63.68,-92.52,7.57,14.11,2026-08-01 05:25:20
DCAL,Healthcare,369.55,267.62,18.28,8.71,2026-08-01 05:25:20
DIVISLAB,Healthcare,27.5,28.82,8.72,28.75,2026-08-01 05:25:21
DIXON,Consumer Durables,49.78,-10.74,-1.51,2.89,2026-08-01 05:25:21
DODLA,Fast Moving Consumer Goods,-40.2,-41.71,11.49,3.51,2026-08-01 05:25:21
AGARWALEYE,Healthcare,21.92,17.69,6.46,15.03,2026-08-01 05:25:22
LALPATHLAB,Healthcare,28.02,29.09,13.52,25.46,2026-08-01 05:25:22
DRREDDY,Healthcare,-68.72,100.77,7.37,3.76,2026-08-01 05:25:22
DUMMYALCAR,Services,0.0,0.0,0.0,0.0,2026-08-01 05:25:22
DYNAMATECH,Capital Goods,-21.94,117.68,1.95,6.76,2026-08-01 05:25:23
EIDPARRY,Fast Moving Consumer Goods,-216.33,-243.57,-23.59,4.89,2026-08-01 05:25:23
EIHOTEL,Consumer Services,-6.06,-2.23,2.56,33.07,2026-08-01 05:25:23
EPL,Capital Goods,-9.97,25.95,13.21,11.7,2026-08-01 05:25:23
EASEMYTRIP,Consumer Services,-188.43,-332.13,0.16,-18.18,2026-08-01 05:25:24
EDELWEISS,Financial Services,-16.84,-66.8,-62.91,0.0,2026-08-01 05:25:24
EICHERMOT,Automobile and Auto Components,21.35,-3.78,8.85,20.24,2026-08-01 05:25:24
ELECON,Capital Goods,-51.97,1072.5,-30.18,15.25,2026-08-01 05:25:24
EMIL,Consumer Services,49.03,34.03,-1.36,4.6,2026-08-01 05:25:25
ELECTCAST,Capital Goods,-90.51,173.02,1.42,1.17,2026-08-01 05:25:25
ELGIEQUIP,Capital Goods,25.49,34.45,10.88,13.41,2026-08-01 05:25:25
EMAMILTD,Fast Moving Consumer Goods,-11.71,-55.18,-19.68,15.61,2026-08-01 05:25:25
EMBDL,Realty,-1428.34,-38.88,61.23,-79.93,2026-08-01 05:25:26
EMCURE,Healthcare,28.81,5.58,4.49,15.35,2026-08-01 05:25:26
ENDURANCE,Automobile and Auto Components,12.78,24.73,13.24,8.71,2026-08-01 05:25:26
ENGINERSIN,Construction,-30.12,-43.68,-23.46,15.22,2026-08-01 05:25:26
ENTERO,Consumer Services,9.04,1.39,11.92,3.73,2026-08-01 05:25:27
EIEL,Utilities,41.47,28.49,70.91,16.69,2026-08-01 05:25:27
EPIGRAL,Chemicals,-37.93,23.21,-4.18,19.32,2026-08-01 05:25:27
EQUITASBNK,Financial Services,336.04,-13.67,3.31,0.0,2026-08-01 05:25:27
ERIS,Healthcare,20.68,-49.44,15.52,25.79,2026-08-01 05:25:28
ESCORTS,Capital Goods,-0.03,-10.54,-9.52,10.49,2026-08-01 05:25:28
ETERNAL,Consumer Services,135.9,-47.13,16.88,0.24,2026-08-01 05:25:28
ETHOSLTD,Consumer Durables,-3.28,-27.69,-11.63,6.45,2026-08-01 05:25:28
EUREKAFORB,Consumer Durables,3.11,409.18,5.94,9.58,2026-08-01 05:25:29
EXIDEIND,Automobile and Auto Components,28.38,62.82,16.75,8.67,2026-08-01 05:25:29
FDC,Healthcare,167.37,265.33,25.84,15.73,2026-08-01 05:25:29
NYKAA,Consumer Services,286.49,23.8,-7.83,5.24,2026-08-01 05:25:29
FEDERALBNK,Financial Services,15.14,-6.33,-6.88,0.0,2026-08-01 05:25:30
FACT,Chemicals,-60.5,104.65,-5.36,2.44,2026-08-01 05:25:30
FIEMIND,Automobile and Auto Components,20.7,12.09,8.56,12.34,2026-08-01 05:25:30
FINEORG,Chemicals,20.98,58.91,12.71,17.88,2026-08-01 05:25:30
FINCABLES,Capital Goods,17.07,36.82,22.05,8.39,2026-08-01 05:25:31
FINPIPE,Capital Goods,58.74,125.06,46.37,23.28,2026-08-01 05:25:31
FSL,Services,28.03,70.56,5.9,12.03,2026-08-01 05:25:31
FIVESTAR,Financial Services,-2.76,0.8,1.43,49.47,2026-08-01 05:25:31
FORCEMOT,Automobile and Auto Components,22.82,-22.25,-4.31,10.26,2026-08-01 05:25:32
FORTIS,Healthcare,44.57,37.23,4.4,17.35,2026-08-01 05:25:32
GRINFRA,Construction,-48.76,-20.15,8.32,12.87,2026-08-01 05:25:32
GAIL,Oil Gas & Consumable Fuels,-63.62,-15.46,1.15,2.75,2026-08-01 05:25:32
GVT&D,Capital Goods,146.54,20.97,-3.74,26.44,2026-08-01 05:25:33
GHCL,Chemicals,-31.34,9.08,4.49,18.74,2026-08-01 05:25:33
GMMPFAUDLR,Capital Goods,-58.58,315.02,6.8,3.49,2026-08-01 05:25:33
GMRAIRPORT,Services,227.26,148.17,-1.4,26.19,2026-08-01 05:25:33
GMRP&UI,Power,-355.54,33.71,7.23,14.1,2026-08-01 05:25:34
GABRIEL,Automobile and Auto Components,1.99,61.16,17.86,6.44,2026-08-01 05:25:34
GALLANTT,Capital Goods,8.06,22.33,12.22,12.52,2026-08-01 05:25:34
GANESHHOU,Realty,-74.56,-31.62,194.48,38.75,2026-08-01 05:25:34
GANECOS,Textiles,-2.29,388.83,18.68,8.3,2026-08-01 05:25:35
GRSE,Capital Goods,0.0,0.0,0.0,0.0,2026-08-01 05:25:35
GRWRHITECH,Capital Goods,39.09,94.03,30.07,20.69,2026-08-01 05:25:35
GARFIBRES,Textiles,-19.45,1.85,10.11,20.44,2026-08-01 05:25:35
GATEWAY,Services,-86.7,-10.7,-4.78,14.83,2026-08-01 05:25:36
GICRE,Financial Services,1.35,46.76,6.23,0.0,2026-08-01 05:25:36
GILLETTE,Fast Moving Consumer Goods,0.0,-8.19,-7.92,26.86,2026-08-01 05:25:36
GLAND,Healthcare,79.13,40.23,2.8,23.2,2026-08-01 05:25:36
GLAXO,Healthcare,20.87,-6.01,-4.41,33.94,2026-08-01 05:25:37
GLENMARK,Healthcare,6382.02,-25.25,-3.29,16.35,2026-08-01 05:25:37
MEDANTA,Healthcare,-0.18,10.24,12.51,16.7,2026-08-01 05:25:37
GODIGIT,Financial Services,-25.27,-42.18,-10.47,0.0,2026-08-01 05:25:37
GPIL,Capital Goods,26.59,95.53,41.32,24.26,2026-08-01 05:25:38
GODFRYPHLP,Fast Moving Consumer Goods,-28.97,-61.95,-33.09,12.35,2026-08-01 05:25:38
GODREJAGRO,Fast Moving Consumer Goods,-5.96,-8.68,-14.38,3.48,2026-08-01 05:25:38
GODREJCP,Fast Moving Consumer Goods,-9.34,-9.27,-4.77,19.7,2026-08-01 05:25:38
GODREJIND,Diversified,142.67,117.2,52.31,13.33,2026-08-01 05:25:39
GODREJPROP,Realty,299.58,233.0,593.9,14.07,2026-08-01 05:25:39
GOKEX,Textiles,-31.97,146.09,9.22,6.62,2026-08-01 05:25:39
GRANULES,Healthcare,59.77,-10.72,0.52,17.7,2026-08-01 05:25:40
GRAPHITE,Capital Goods,-308.0,-252.94,27.1,-19.85,2026-08-01 05:25:40
GRASIM,Construction Materials,138.71,88.86,15.32,11.24,2026-08-01 05:25:40
GRAVITA,Metals & Mining,11.84,15.79,25.78,6.46,2026-08-01 05:25:40
GESHIP,Services,187.56,28.5,3.92,37.11,2026-08-01 05:25:40
GREAVESCOT,Capital Goods,8.31,-11.61,14.25,4.05,2026-08-01 05:25:41
GREENPANEL,Consumer Durables,-95.32,-86.58,-4.17,1.71,2026-08-01 05:25:41
GAEL,Fast Moving Consumer Goods,324.2,105.28,-1.19,10.99,2026-08-01 05:25:41
FLUOROCHEM,Chemicals,-41.36,8.74,20.51,13.81,2026-08-01 05:25:42
GUJGASLTD,Oil Gas & Consumable Fuels,1024.33,31.63,58.32,6.65,2026-08-01 05:25:42
GMDCLTD,Metals & Mining,-14.2,45.87,40.56,6.81,2026-08-01 05:25:42
GNFC,Chemicals,87.68,164.0,10.62,18.25,2026-08-01 05:25:42
GPPL,Services,43.1,31.78,8.54,60.8,2026-08-01 05:25:43
GSFC,Chemicals,-27.32,-67.04,-10.49,1.13,2026-08-01 05:25:43
GSPL,Oil Gas & Consumable Fuels,9.66,-1.54,-3.07,10.92,2026-08-01 05:25:43
GULFOILLUB,Oil Gas & Consumable Fuels,-2.65,17.42,3.71,11.14,2026-08-01 05:25:43
HEG,Capital Goods,16.71,207.53,12.86,36.34,2026-08-01 05:25:44
HGINFRA,Construction,-42.1,-9.75,0.4,13.29,2026-08-01 05:25:44
HBLENGINE,Capital Goods,41.82,-71.1,-30.88,9.94,2026-08-01 05:25:44
HCLTECH,Information Technology,20.32,3.03,1.76,31.63,2026-08-01 05:25:44
HDFCAMC,Financial Services,11.98,34.44,4.58,75.46,2026-08-01 05:25:45
HDFCBANK,Financial Services,0.0,5.62,-10.45,0.0,2026-08-01 05:25:45
HDFCLIFE,Financial Services,28.57,22.85,70.21,0.0,2026-08-01 05:25:45
HFCL,Telecommunication,380.73,28.07,4.98,18.95,2026-08-01 05:25:45
HAPPSTMNDS,Information Technology,98.82,10.51,4.04,15.11,2026-08-01 05:25:46
HAVELLS,Consumer Durables,-43.92,-59.84,-2.79,5.32,2026-08-01 05:25:46
HCG,Healthcare,-70.52,123.01,3.03,9.58,2026-08-01 05:25:46
HEMIPROP,Services,25.82,46.73,-0.16,-931.56,2026-08-01 05:25:46
HERITGFOOD,Fast Moving Consumer Goods,-33.92,5.32,15.6,2.64,2026-08-01 05:25:47
HEROMOTOCO,Automobile and Auto Components,25.72,15.18,3.94,13.11,2026-08-01 05:25:47
HEXT,Information Technology,0.83,-6.17,6.43,13.74,2026-08-01 05:25:47
HIKAL,Healthcare,-71.31,344.07,5.36,12.26,2026-08-01 05:25:47
HSCL,Chemicals,47.53,14.31,11.19,20.38,2026-08-01 05:25:48
HINDALCO,Metals & Mining,-50.84,26.74,17.46,9.98,2026-08-01 05:25:48
HAL,Capital Goods,5.52,124.79,81.1,31.77,2026-08-01 05:25:48
HCC,Construction,-34.57,630.36,7.23,16.69,2026-08-01 05:25:48
HINDCOPPER,Metals & Mining,137.35,184.37,68.2,48.47,2026-08-01 05:25:49
HINDPETRO,Oil Gas & Consumable Fuels,-459.09,-302.21,22.35,-9.43,2026-08-01 05:25:49
HINDUNILVR,Fast Moving Consumer Goods,8.48,-10.66,6.03,20.91,2026-08-01 05:25:49
HINDZINC,Metals & Mining,82.12,8.66,2.69,54.71,2026-08-01 05:25:50
POWERINDIA,Capital Goods,140.54,26.41,33.94,15.55,2026-08-01 05:25:50
HOMEFIRST,Financial Services,52.69,6.96,6.97,35.25,2026-08-01 05:25:50
HONASA,Fast Moving Consumer Goods,177.0,37.83,9.23,10.11,2026-08-01 05:25:50
HONAUT,Capital Goods,7.72,-5.64,2.01,13.2,2026-08-01 05:25:51
HUDCO,Financial Services,35.05,-57.04,57.99,0.0,2026-08-01 05:25:51
HYUNDAI,Automobile and Auto Components,-44.95,-29.23,-12.7,5.93,2026-08-01 05:25:51
ICICIBANK,Financial Services,13.88,4.64,7.34,0.0,2026-08-01 05:25:51
ICICIGI,Financial Services,-20.88,-26.23,5.14,0.0,2026-08-01 05:25:52
ICICIPRULI,Financial Services,0.23,-38.1,810.85,0.0,2026-08-01 05:25:52
IDBI,Financial Services,1.9,5.98,7.49,0.0,2026-08-01 05:25:52
IDFCFIRSTB,Financial Services,288.3,247.15,13.36,0.0,2026-08-01 05:25:52
IFBIND,Consumer Durables,37.25,78.24,6.06,3.24,2026-08-01 05:25:53
IFCI,Financial Services,-94.18,186.75,1.0,0.0,2026-08-01 05:25:53
IIFLCAPS,Financial Services,5.0,60.45,-2.47,17.72,2026-08-01 05:25:53
IIFL,Financial Services,225.05,15.03,4.68,0.0,2026-08-01 05:25:53
INOXINDIA,Capital Goods,28.86,23.96,7.49,18.59,2026-08-01 05:25:54
IRB,Construction,51.26,3.38,11.41,22.49,2026-08-01 05:25:54
IRCON,Construction,-9.13,90.34,50.49,6.99,2026-08-01 05:25:54
ITCHOTELS,Consumer Services,35.42,-42.94,-25.33,20.24,2026-08-01 05:25:54
ITC,Fast Moving Consumer Goods,9.18,9.26,-11.49,36.88,2026-08-01 05:25:55
ITI,Telecommunication,8664.84,1581.01,21.96,-2.57,2026-08-01 05:25:55
IMAGICAA,Consumer Services,-97.48,107.68,-0.24,6.72,2026-08-01 05:25:55
INDGN,Healthcare,-1.19,45.8,5.95,12.24,2026-08-01 05:25:55
INDIACEM,Construction Materials,83.03,-54.87,-17.03,8.22,2026-08-01 05:25:56
INDIAGLYCO,Fast Moving Consumer Goods,35.71,28.58,-11.43,12.83,2026-08-01 05:25:56
INDIASHLTR,Financial Services,29.79,12.89,8.27,41.3,2026-08-01 05:25:56
INDIAMART,Consumer Services,12.18,243.1,2.49,34.18,2026-08-01 05:25:57
INDIANB,Financial Services,12.58,5.79,4.56,0.0,2026-08-01 05:25:57
IEX,Financial Services,15.07,3.84,-9.42,79.12,2026-08-01 05:25:57
INDHOTEL,Consumer Services,-31.48,-40.34,-15.41,21.81,2026-08-01 05:25:57
IMFA,Metals & Mining,10.61,-21.38,8.6,18.52,2026-08-01 05:25:58
IOC,Oil Gas & Consumable Fuels,583.5,11.16,1.53,9.56,2026-08-01 05:25:58
IOB,Financial Services,57.18,10.29,22.84,0.0,2026-08-01 05:25:58
IRCTC,Consumer Services,-8.89,-17.23,0.71,26.37,2026-08-01 05:25:58
IRFC,Financial Services,14.59,14.42,12.35,21.79,2026-08-01 05:25:59
IREDA,Financial Services,15.81,-15.81,1.39,39.43,2026-08-01 05:25:59
INDIGOPNTS,Consumer Durables,60.86,55.28,18.55,18.87,2026-08-01 05:26:00
ICIL,Textiles,14.98,-0.93,-0.48,4.13,2026-08-01 05:26:00
IGL,Oil Gas & Consumable Fuels,-25.18,-13.51,2.34,6.92,2026-08-01 05:26:00
INDUSTOWER,Telecommunication,-1.87,-2.63,4.07,31.16,2026-08-01 05:26:00
INDUSINDBK,Financial Services,144.53,74.54,6.35,0.0,2026-08-01 05:26:01
NAUKRI,Consumer Services,22.1,108.24,6.05,34.9,2026-08-01 05:26:01
INFY,Information Technology,1.24,-10.88,0.83,21.09,2026-08-01 05:26:01
INGERRAND,Capital Goods,-4.21,-9.85,-34.22,21.66,2026-08-01 05:26:01
INNOVACAP,Healthcare,28.78,-9.65,-0.55,11.99,2026-08-01 05:26:02
INOXGREEN,Power,399.82,12.56,-16.04,-4.79,2026-08-01 05:26:02
INOXWIND,Capital Goods,-52.06,-22.27,3.05,11.86,2026-08-01 05:26:02
INTELLECT,Information Technology,71.29,322.62,15.81,14.72,2026-08-01 05:26:02
INDIGO,Services,-107.75,90.63,9.56,1.54,2026-08-01 05:26:03
IGIL,Services,17.77,-7.72,0.6,56.6,2026-08-01 05:26:03
IKS,Information Technology,58.83,12.35,5.24,31.03,2026-08-01 05:26:03
IONEXCHANG,Utilities,-50.29,18.92,17.54,0.03,2026-08-01 05:26:03
IPCALAB,Healthcare,340.98,-8.34,-0.17,15.77,2026-08-01 05:26:04
ISGEC,Construction,532.93,4.94,17.81,4.31,2026-08-01 05:26:04
JBCHEPHARM,Healthcare,-30.42,-48.77,-15.07,16.71,2026-08-01 05:26:04
JKCEMENT,Construction Materials,-23.0,-16.65,3.71,11.93,2026-08-01 05:26:05
JKIL,Construction,9.69,32.34,20.91,9.96,2026-08-01 05:26:05
JBMA,Automobile and Auto Components,-36.39,-43.16,-22.13,8.27,2026-08-01 05:26:05
JKLAKSHMI,Construction Materials,-29.39,117.96,19.71,10.64,2026-08-01 05:26:05
JKPAPER,Forest Materials,92.06,41.47,-4.01,10.12,2026-08-01 05:26:06
JKTYRE,Automobile and Auto Components,238.38,-14.32,0.01,9.81,2026-08-01 05:26:06
JMFINANCIL,Financial Services,-20.85,-47.14,-19.61,0.0,2026-08-01 05:26:06
JSWCEMENT,Construction Materials,639.8,161.33,16.89,14.85,2026-08-01 05:26:06
JSWENERGY,Power,15.42,26.75,15.75,38.09,2026-08-01 05:26:07
JSWINFRA,Services,-31.95,-17.13,-5.09,35.16,2026-08-01 05:26:07
JSWSTEEL,Metals & Mining,209.45,-71.59,-6.3,15.53,2026-08-01 05:26:07
JAIBALAJI,Metals & Mining,-71.69,85.02,31.36,3.45,2026-08-01 05:26:07
JISLJALEQS,Capital Goods,-1364.21,71.31,14.17,9.09,2026-08-01 05:26:08
JPPOWER,Power,201.18,3606.66,28.08,36.14,2026-08-01 05:26:08
J&KBANK,Financial Services,-26.31,-46.3,-2.03,0.0,2026-08-01 05:26:08
JAMNAAUTO,Automobile and Auto Components,73.42,49.86,25.73,14.3,2026-08-01 05:26:08
JSFB,Financial Services,25.72,11.02,0.82,0.0,2026-08-01 05:26:09
JINDALSAW,Capital Goods,0.0,0.0,0.0,0.0,2026-08-01 05:26:09
JSL,Metals & Mining,42.74,1.78,7.79,10.38,2026-08-01 05:26:09
JINDALSTEL,Metals & Mining,348.91,-19.14,-4.44,11.15,2026-08-01 05:26:09
JINDWORLD,Textiles,18.67,82.42,20.31,5.82,2026-08-01 05:26:10
JIOFIN,Financial Services,162.65,204.99,107.75,78.4,2026-08-01 05:26:10
JUBLFOOD,Consumer Services,66.21,12.54,2.55,8.62,2026-08-01 05:26:10
JUBLINGREA,Chemicals,42.9,22.42,10.52,11.49,2026-08-01 05:26:10
JUBLPHARMA,Healthcare,18.33,113.6,7.38,9.79,2026-08-01 05:26:11
JWL,Capital Goods,-72.08,-54.24,-12.38,8.39,2026-08-01 05:26:11
JUSTDIAL,Consumer Services,5.47,66.22,6.58,23.49,2026-08-01 05:26:11
JYOTHYLAB,Fast Moving Consumer Goods,-11.51,-16.77,-3.28,11.73,2026-08-01 05:26:11
JYOTICNC,Capital Goods,-16.89,2.33,4.04,22.22,2026-08-01 05:26:12
KPRMILL,Textiles,12.32,8.9,22.0,17.13,2026-08-01 05:26:12
KEI,Capital Goods,72.51,21.06,17.66,10.16,2026-08-01 05:26:12
KNRCON,Construction,-23.72,3.31,-6.41,22.31,2026-08-01 05:26:12
KPIGREEN,Power,46.55,15.49,20.06,31.7,2026-08-01 05:26:13
KPITTECH,Information Technology,-31.83,-28.13,-2.1,11.28,2026-08-01 05:26:13
KRBL,Fast Moving Consumer Goods,0.76,-8.58,3.29,13.52,2026-08-01 05:26:13
KRN,Capital Goods,70.17,3.08,17.13,15.36,2026-08-01 05:26:13
KSB,Capital Goods,-22.87,-50.86,-23.3,6.04,2026-08-01 05:26:14
KAJARIACER,Consumer Durables,100.35,77.55,17.56,16.1,2026-08-01 05:26:14
KPIL,Construction,205.87,185.35,16.69,6.6,2026-08-01 05:26:14
KALYANKJIL,Consumer Durables,118.28,-1.63,-0.66,6.06,2026-08-01 05:26:15
KSL,Capital Goods,-10.62,15.69,4.76,17.62,2026-08-01 05:26:15
KANSAINER,Consumer Durables,-83.51,-7.49,-1.43,7.96,2026-08-01 05:26:15
KTKBANK,Financial Services,43.29,2.66,4.18,0.0,2026-08-01 05:26:15
KARURVYSYA,Financial Services,47.21,4.24,-5.57,0.0,2026-08-01 05:26:15
KSCL,Fast Moving Consumer Goods,-21.2,-313.85,-49.04,-30.48,2026-08-01 05:26:16
KAYNES,Capital Goods,37.26,19.02,54.55,11.21,2026-08-01 05:26:16
KEC,Construction,-28.11,51.26,6.47,6.22,2026-08-01 05:26:16
KFINTECH,Financial Services,-11.57,-7.31,2.65,26.55,2026-08-01 05:26:17
KIRLOSBROS,Capital Goods,-4.86,-10.3,26.78,10.88,2026-08-01 05:26:17
KIRLOSENG,Capital Goods,21.03,42.4,13.01,15.42,2026-08-01 05:26:17
KIRLPNU,Capital Goods,-58.3,-76.76,-57.42,12.11,2026-08-01 05:26:17
KITEX,Textiles,-111.84,58.31,-8.7,-11.18,2026-08-01 05:26:18
KOTAKBANK,Financial Services,22.55,1.06,7.76,0.0,2026-08-01 05:26:18
KIMS,Healthcare,-58.25,-20.41,7.71,11.31,2026-08-01 05:26:18
LTF,Financial Services,41.86,11.88,9.37,0.0,2026-08-01 05:26:18
LTTS,Information Technology,14.63,7.38,2.88,15.69,2026-08-01 05:26:19
LICHSGFIN,Financial Services,9.14,0.42,-12.61,0.0,2026-08-01 05:26:19
LMW,Capital Goods,16.1,-12.83,-7.76,3.89,2026-08-01 05:26:19
LTFOODS,Fast Moving Consumer Goods,14.28,35.21,8.43,8.88,2026-08-01 05:26:19
LTM,Information Technology,29.93,5.31,2.8,15.5,2026-08-01 05:26:20
LT,Construction,-25.0,-22.58,-17.91,7.48,2026-08-01 05:26:20
LATENTVIEW,Information Technology,-1.35,5.21,3.82,19.77,2026-08-01 05:26:20
LAURUSLABS,Healthcare,57.32,31.69,11.85,25.39,2026-08-01 05:26:20
LXCHEM,Chemicals,211.21,214.21,31.69,9.56,2026-08-01 05:26:21
IXIGO,Consumer Services,105.9,31.75,-3.0,6.55,2026-08-01 05:26:21
THELEELA,Consumer Services,204.09,16.15,5.9,48.68,2026-08-01 05:26:21
LEMONTREE,Consumer Services,8.1,46.0,2.55,43.17,2026-08-01 05:26:21
LICI,Financial Services,23.26,81.49,17.13,0.0,2026-08-01 05:26:21
LINDEINDIA,Chemicals,-33.42,-59.94,-12.37,18.25,2026-08-01 05:26:22
LLOYDSENGG,Capital Goods,156.46,-23.27,81.69,10.97,2026-08-01 05:26:22
LLOYDSENT,Metals & Mining,304.14,584.86,140.54,5.31,2026-08-01 05:26:22
LLOYDSME,Metals & Mining,603.14,35.53,22.12,38.71,2026-08-01 05:26:22
LODHA,Realty,48.87,36.13,6.01,37.09,2026-08-01 05:26:23
LUMAXTECH,Automobile and Auto Components,50.94,6.85,11.51,10.69,2026-08-01 05:26:23
LUPIN,Healthcare,70.77,24.23,4.1,23.33,2026-08-01 05:26:23
LUXIND,Textiles,-8.75,239.89,29.72,6.48,2026-08-01 05:26:23
MMTC,Services,5552.02,172.4,79.41,-18968.85,2026-08-01 05:26:24
MOIL,Metals & Mining,70.11,-5.4,-16.56,24.64,2026-08-01 05:26:24
MRF,Automobile and Auto Components,37.56,1.51,-0.08,10.73,2026-08-01 05:26:24
MSTCLTD,Services,2.26,50.33,34.34,60.92,2026-08-01 05:26:24
MTARTECH,Capital Goods,266.03,13.42,17.5,21.18,2026-08-01 05:26:25
MGL,Oil Gas & Consumable Fuels,-20.05,48.53,15.63,9.85,2026-08-01 05:26:25
MAHSCOOTER,Financial Services,-90.61,-17.21,-10.28,84.1,2026-08-01 05:26:25
MAHSEAMLES,Capital Goods,-44.74,-57.66,17.41,16.13,2026-08-01 05:26:26
M&MFIN,Financial Services,102.53,-1.28,0.21,0.0,2026-08-01 05:26:26
M&M,Automobile and Auto Components,65.53,16.86,4.81,14.62,2026-08-01 05:26:26
MAHLIFE,Realty,0.53,-5.08,43.68,9.3,2026-08-01 05:26:26
MANINFRA,Construction,-44.33,-8.82,-5.07,10.56,2026-08-01 05:26:27
MANAPPURAM,Financial Services,43.22,67.58,7.24,0.0,2026-08-01 05:26:27
MRPL,Oil Gas & Consumable Fuels,155.15,708.55,59.73,2.4,2026-08-01 05:26:27
MANKIND,Healthcare,35.0,2.47,17.07,20.6,2026-08-01 05:26:27
MANORAMA,Fast Moving Consumer Goods,39.44,-41.22,7.94,19.72,2026-08-01 05:26:28
MARICO,Fast Moving Consumer Goods,13.99,-12.53,-5.77,13.83,2026-08-01 05:26:28
MARKSANS,Healthcare,63.6,30.85,13.48,19.99,2026-08-01 05:26:28
MARUTI,Automobile and Auto Components,-1.82,-5.67,8.48,8.55,2026-08-01 05:26:28
MASTEK,Information Technology,30.6,-0.25,5.04,13.5,2026-08-01 05:26:29
MAXESTATES,Realty,-125.8,-16226.48,-0.68,-22.52,2026-08-01 05:26:29
MFSL,Financial Services,-184.16,-172.07,-24.25,0.0,2026-08-01 05:26:29
MAXHEALTH,Healthcare,7.28,13.72,3.65,22.56,2026-08-01 05:26:29
MAZDOCK,Capital Goods,68.9,-19.11,-23.57,14.19,2026-08-01 05:26:30
MEDPLUS,Consumer Services,-35.37,-48.15,0.82,2.94,2026-08-01 05:26:30
METROPOLIS,Healthcare,74.67,23.0,4.62,16.35,2026-08-01 05:26:30
MINDACORP,Automobile and Auto Components,92.3,45.4,9.2,8.49,2026-08-01 05:26:30
MIDHANI,Capital Goods,38.61,181.82,93.47,18.7,2026-08-01 05:26:31
MSUMI,Automobile and Auto Components,19.52,11.95,16.13,6.51,2026-08-01 05:26:31
MOTILALOFS,Financial Services,2065.59,675.34,-31.35,84.02,2026-08-01 05:26:31
MPHASIS,Information Technology,9.63,-3.95,3.33,14.78,2026-08-01 05:26:31
BECTORFOOD,Fast Moving Consumer Goods,3.29,-7.05,-8.9,8.15,2026-08-01 05:26:32
MCX,Financial Services,291.09,32.07,33.55,72.79,2026-08-01 05:26:32
MUTHOOTFIN,Financial Services,126.67,19.45,15.34,0.0,2026-08-01 05:26:32
NATCOPHARM,Healthcare,-34.11,76.83,14.18,10.45,2026-08-01 05:26:32
NBCC,Construction,37.22,25.08,50.87,8.34,2026-08-01 05:26:33
NCC,Construction,6.65,68.25,28.03,7.79,2026-08-01 05:26:33
NEOGEN,Chemicals,66.76,50.22,1.51,16.29,2026-08-01 05:26:33
NESCO,Services,3.97,7.43,-15.83,42.82,2026-08-01 05:26:33
NHPC,Power,531.48,566.37,26.78,19.67,2026-08-01 05:26:34
NLCINDIA,Power,108.57,109.22,13.49,21.41,2026-08-01 05:26:34
NMDC,Metals & Mining,7.72,15.41,49.04,21.97,2026-08-01 05:26:34
NSLNISP,Metals & Mining,182.79,260.64,28.97,14.34,2026-08-01 05:26:34
NTPCGREEN,Power,200.34,1027.29,39.7,50.06,2026-08-01 05:26:35
NTPC,Power,-11.7,-35.91,2.12,21.67,2026-08-01 05:26:35
NH,Healthcare,13.52,76.7,20.58,13.73,2026-08-01 05:26:35
NATIONALUM,Metals & Mining,1.84,11.55,10.22,42.15,2026-08-01 05:26:35
NFL,Chemicals,12.43,12.09,-36.72,5.09,2026-08-01 05:26:36
NAVA,Power,-45.76,-42.73,15.31,24.54,2026-08-01 05:26:36
NAVINFLUOR,Chemicals,154.33,14.68,5.08,29.85,2026-08-01 05:26:36
NAZARA,Media Entertainment & Publication,608.3,377.24,-2.02,8.07,2026-08-01 05:26:36
NESTLEIND,Fast Moving Consumer Goods,39.34,-3.98,12.75,21.22,2026-08-01 05:26:37
NETWEB,Information Technology,179.94,20.87,5.94,14.3,2026-08-01 05:26:37
NETWORK18,Media Entertainment & Publication,-27.71,-26.83,-16.16,-4.56,2026-08-01 05:26:37
NEULANDLAB,Healthcare,664.85,424.19,76.54,36.36,2026-08-01 05:26:37
NEWGEN,Information Technology,-42.01,-40.9,-21.2,13.09,2026-08-01 05:26:38
NAM-INDIA,Financial Services,68.69,30.93,3.81,64.66,2026-08-01 05:26:38
NIVABUPA,Financial Services,-33.13,-60.07,15.56,0.0,2026-08-01 05:26:38
NUVAMA,Financial Services,15.85,13.61,-10.27,-17.74,2026-08-01 05:26:38
NUVOCO,Construction Materials,0.0,0.0,0.0,0.0,2026-08-01 05:26:39
OBEROIRLTY,Realty,25.67,-22.72,-25.66,53.74,2026-08-01 05:26:39
ONGC,Oil Gas & Consumable Fuels,45.6,8.03,3.81,22.81,2026-08-01 05:26:39
OIL,Oil Gas & Consumable Fuels,60.26,75.69,11.56,27.78,2026-08-01 05:26:40
OLAELEC,Automobile and Auto Components,11.35,-2.67,-43.62,-172.83,2026-08-01 05:26:40
OLECTRA,Automobile and Auto Components,164.36,19.67,-2.84,13.75,2026-08-01 05:26:40
PAYTM,Financial Services,140.74,19.57,8.13,2.94,2026-08-01 05:26:40
ONESOURCE,Healthcare,13539.25,443.77,4.86,11.49,2026-08-01 05:26:41
OPTIEMUS,Telecommunication,0.08,83.79,12.78,0.42,2026-08-01 05:26:41
OFSS,Information Technology,119.83,68.17,51.33,59.57,2026-08-01 05:26:41
ORCHPHARMA,Healthcare,6.66,288.53,14.64,23.78,2026-08-01 05:26:41
ORIENTCEM,Construction Materials,83.03,38.92,-6.68,16.72,2026-08-01 05:26:42
OSWALPUMPS,Capital Goods,44.8,1.06,1.73,22.32,2026-08-01 05:26:42
PNGJL,Consumer Durables,51.91,16.71,-31.92,6.82,2026-08-01 05:26:42
POLICYBZR,Financial Services,265.19,37.88,16.38,8.9,2026-08-01 05:26:42
PCJEWELLER,Consumer Durables,61.31,-19.57,5.94,17.17,2026-08-01 05:26:43
PCBL,Chemicals,54.72,285.02,19.71,11.82,2026-08-01 05:26:43
PGEL,Consumer Durables,-55.34,4.69,21.57,5.54,2026-08-01 05:26:43
PIIND,Chemicals,-39.43,-35.69,13.77,15.24,2026-08-01 05:26:43
PNBHOUSING,Financial Services,35.7,26.03,6.62,0.0,2026-08-01 05:26:44
PNCINFRA,Construction,42.84,40.43,34.67,14.96,2026-08-01 05:26:44
PTC,Power,-70.03,-7.64,14.75,3.69,2026-08-01 05:26:44
PTCIL,Capital Goods,143.8,226.42,44.97,27.93,2026-08-01 05:26:44
PVRINOX,Media Entertainment & Publication,145.2,-69.74,4.84,13.19,2026-08-01 05:26:45
PAGEIND,Textiles,8.98,-5.7,-9.67,18.56,2026-08-01 05:26:45
PARADEEP,Chemicals,127.97,152.28,30.25,10.03,2026-08-01 05:26:45
PARAS,Capital Goods,74.34,88.8,61.08,22.3,2026-08-01 05:26:45
PATANJALI,Fast Moving Consumer Goods,41.28,-11.71,6.41,3.44,2026-08-01 05:26:46
PATELENG,Construction,14.31,-39.04,14.69,13.33,2026-08-01 05:26:46
PGIL,Textiles,22.01,56.34,12.25,8.5,2026-08-01 05:26:46
PERSISTENT,Information Technology,41.9,20.44,7.35,16.25,2026-08-01 05:26:47
PETRONET,Oil Gas & Consumable Fuels,25.19,57.63,-15.42,12.28,2026-08-01 05:26:47
PFIZER,Healthcare,6.63,2.33,3.8,35.72,2026-08-01 05:26:47
PHOENIXLTD,Realty,10.43,-26.4,-12.83,50.8,2026-08-01 05:26:47
PIDILITIND,Chemicals,4.86,-6.27,-3.41,20.53,2026-08-01 05:26:48
PPLPHARMA,Healthcare,-145.21,-686.73,-17.51,-1.25,2026-08-01 05:26:48
POLYMED,Healthcare,-29.18,-8.3,8.28,13.5,2026-08-01 05:26:48
POLYCAB,Capital Goods,7.94,1.5,-7.39,12.59,2026-08-01 05:26:48
POLYPLEX,Capital Goods,145.3,68.02,11.19,12.76,2026-08-01 05:26:49
POONAWALLA,Financial Services,393.68,20.77,12.05,31.83,2026-08-01 05:26:49
PFC,Financial Services,10.81,11.23,-0.64,0.0,2026-08-01 05:26:49
POWERGRID,Power,17.73,8.63,-5.89,49.47,2026-08-01 05:26:49
POWERMECH,Construction,21.59,51.81,48.69,9.74,2026-08-01 05:26:50
PRAJIND,Capital Goods,-71.76,193.7,0.36,-0.45,2026-08-01 05:26:50
PREMIERENE,Capital Goods,78.99,16.62,15.17,26.71,2026-08-01 05:26:50
PRESTIGE,Realty,-19.35,-5.68,-34.33,23.7,2026-08-01 05:26:50
PRICOLLTD,Automobile and Auto Components,91.76,-8.48,0.53,8.54,2026-08-01 05:26:51
PRINCEPIPE,Capital Goods,132.05,2462.32,48.28,8.86,2026-08-01 05:26:51
PRSMJOHNSN,Construction Materials,-117.31,-136.62,15.56,2.22,2026-08-01 05:26:51
PRIVISCL,Chemicals,35.97,-10.13,-7.66,17.25,2026-08-01 05:26:51
PGHH,Fast Moving Consumer Goods,-34.25,-17.54,-5.09,18.03,2026-08-01 05:26:52
PRUDENT,Financial Services,44.49,26.47,-3.8,22.58,2026-08-01 05:26:52
PNB,Financial Services,16.54,3.99,4.85,0.0,2026-08-01 05:26:52
PURVA,Realty,231.95,88.92,40.46,19.36,2026-08-01 05:26:52
QUESS,Services,185.76,27.7,7.43,1.79,2026-08-01 05:26:53
RRKABEL,Capital Goods,58.91,22.18,6.88,8.0,2026-08-01 05:26:53
RBLBANK,Financial Services,169.26,-4.17,-6.03,0.0,2026-08-01 05:26:53
RECLTD,Financial Services,-2.72,24.23,-17.37,0.0,2026-08-01 05:26:53
RHIM,Capital Goods,-1531.95,-941.68,-14.63,3.88,2026-08-01 05:26:54
RITES,Construction,-2.06,27.43,26.24,19.74,2026-08-01 05:26:54
RADICO,Fast Moving Consumer Goods,149.36,27.94,11.97,18.28,2026-08-01 05:26:54
RVNL,Construction,-58.92,-42.05,42.94,3.87,2026-08-01 05:26:54
RAILTEL,Telecommunication,-42.02,-53.59,-46.19,9.09,2026-08-01 05:26:55
RAIN,Chemicals,175.23,798.93,5.12,9.61,2026-08-01 05:26:55
RAINBOW,Healthcare,13.22,-21.38,2.19,19.67,2026-08-01 05:26:55
RALLIS,Chemicals,490.62,933.33,124.12,15.17,2026-08-01 05:26:56
RKFORGE,Automobile and Auto Components,297.63,-16.19,-0.01,9.78,2026-08-01 05:26:56
RCF,Chemicals,157.69,130.66,31.73,4.37,2026-08-01 05:26:56
RATEGAIN,Information Technology,27.7,164.57,32.5,15.66,2026-08-01 05:26:56
RATNAMANI,Capital Goods,-49.48,-4.73,1.78,10.96,2026-08-01 05:26:57
RTNINDIA,Consumer Services,69.01,31.64,-15.44,19.42,2026-08-01 05:26:57
RTNPOWER,Power,-63.59,7.03,1.38,8.0,2026-08-01 05:26:57
RAYMONDLSL,Textiles,-181.13,-221.47,-3.91,-2.8,2026-08-01 05:26:57
REDINGTON,Services,-26.99,24.19,5.15,1.88,2026-08-01 05:26:58
REFEX,Chemicals,32.04,-29.75,-1.91,11.04,2026-08-01 05:26:58
RELAXO,Consumer Durables,20.37,154.97,12.44,11.31,2026-08-01 05:26:58
RELIANCE,Oil Gas & Consumable Fuels,7.93,23.42,5.24,10.48,2026-08-01 05:26:58
RELINFRA,Power,-79.07,8156.03,-6.87,-31.36,2026-08-01 05:26:59
RPOWER,Power,-493.41,-2067.34,0.77,19.66,2026-08-01 05:26:59
RELIGARE,Financial Services,-16.52,281.45,20.43,5.33,2026-08-01 05:26:59
RBA,Consumer Services,14.66,1.21,-1.09,-0.8,2026-08-01 05:26:59
ROUTE,Telecommunication,10.66,-42.73,1.82,7.1,2026-08-01 05:27:00
SBFC,Financial Services,37.85,5.99,8.23,43.8,2026-08-01 05:27:00
SBICARD,Financial Services,24.39,9.05,-0.0,0.0,2026-08-01 05:27:00
SBILIFE,Financial Services,-10.89,-9.91,1031.9,0.0,2026-08-01 05:27:00
SJVN,Power,7.54,-152.58,38.31,27.75,2026-08-01 05:27:01
SKYGOLD,Consumer Durables,120.77,4.65,8.14,7.13,2026-08-01 05:27:01
SRF,Chemicals,44.26,30.39,8.99,22.59,2026-08-01 05:27:01
SAFARI,Consumer Durables,-0.32,13.93,-7.63,9.28,2026-08-01 05:27:01
SAGILITY,Information Technology,18.75,-15.88,-3.0,15.8,2026-08-01 05:27:02
SAILIFE,Healthcare,93.56,3.85,8.21,21.8,2026-08-01 05:27:02
SAMHI,Consumer Services,1452.21,792.95,2.1,21.3,2026-08-01 05:27:02
SAMMAANCAP,Financial Services,-2778.68,-2679.41,-27.2,71.63,2026-08-01 05:27:02
MOTHERSON,Automobile and Auto Components,42.52,46.25,9.09,7.13,2026-08-01 05:27:03
SANDUMA,Oil Gas & Consumable Fuels,50.94,103.56,24.98,22.02,2026-08-01 05:27:03
SANOFICONR,Healthcare,13.34,1.47,2.84,36.49,2026-08-01 05:27:03
SANOFI,Healthcare,12.38,66.29,12.51,28.33,2026-08-01 05:27:04
SANSERA,Automobile and Auto Components,104.83,76.7,10.03,13.76,2026-08-01 05:27:04
SAPPHIRE,Consumer Services,683.98,211.39,12.46,4.76,2026-08-01 05:27:04
SARDAEN,Metals & Mining,45.9,-17.01,-1.65,20.9,2026-08-01 05:27:04
SAREGAMA,Media Entertainment & Publication,20.99,47.07,10.39,33.85,2026-08-01 05:27:05
SCHAEFFLER,Automobile and Auto Components,29.47,3.07,6.76,14.78,2026-08-01 05:27:05
SCHNEIDER,Capital Goods,-59.77,-77.36,-42.7,5.97,2026-08-01 05:27:05
SENCO,Consumer Durables,151.29,-40.58,-34.98,12.58,2026-08-01 05:27:05
SHAILY,Capital Goods,40.46,7.43,-5.46,22.1,2026-08-01 05:27:06
SHAKTIPUMP,Capital Goods,-46.72,34.59,0.1,8.77,2026-08-01 05:27:06
SHARDACROP,Chemicals,-56.75,-72.37,-48.0,7.28,2026-08-01 05:27:06
SHARDAMOTR,Automobile and Auto Components,7.84,8.91,11.98,10.15,2026-08-01 05:27:06
SHAREINDIA,Financial Services,561.6,114.68,-10.15,109.87,2026-08-01 05:27:07
SFL,Consumer Durables,446.26,75.1,-2.27,7.72,2026-08-01 05:27:07
SHILPAMED,Healthcare,642.87,141.78,6.65,24.27,2026-08-01 05:27:07
SCI,Services,118.54,-0.09,-6.11,21.47,2026-08-01 05:27:07
SHREECEM,Construction Materials,171.81,97.11,27.09,10.19,2026-08-01 05:27:08
RENUKA,Fast Moving Consumer Goods,39.98,-219.06,20.16,6.0,2026-08-01 05:27:08
SHRIRAMFIN,Financial Services,61.06,14.29,11.4,0.0,2026-08-01 05:27:08
SHRIPISTON,Automobile and Auto Components,30.47,27.07,42.28,14.85,2026-08-01 05:27:08
SHYAMMETL,Capital Goods,18.11,8.14,4.1,9.28,2026-08-01 05:27:09
ENRIN,Capital Goods,52.21,19.72,25.29,28.17,2026-08-01 05:27:09
SIEMENS,Capital Goods,-36.41,33.47,20.54,8.02,2026-08-01 05:27:09
SIGNATURE,Realty,1786.26,2641.81,289.28,4.32,2026-08-01 05:27:10
SKIPPER,Capital Goods,62.94,47.87,21.6,9.11,2026-08-01 05:27:10
SOBHA,Realty,24.45,-44.63,-35.7,3.86,2026-08-01 05:27:10
SOLARINDS,Chemicals,69.95,22.72,19.79,24.72,2026-08-01 05:27:10
SONACOMS,Automobile and Auto Components,9.96,-5.96,3.48,16.64,2026-08-01 05:27:11
SONATSOFTW,Information Technology,21.36,25.05,-17.67,7.23,2026-08-01 05:27:11
SOUTHBANK,Financial Services,10.29,-7.3,7.93,0.0,2026-08-01 05:27:11
STARCEMENT,Construction Materials,1534.73,97.67,33.36,18.44,2026-08-01 05:27:11
STARHEALTH,Financial Services,107690.2,393.74,13.71,0.0,2026-08-01 05:27:12
SBIN,Financial Services,0.22,-7.85,-5.37,0.0,2026-08-01 05:27:12
SAIL,Metals & Mining,31.42,-10.43,-14.82,9.88,2026-08-01 05:27:12
SWSOLAR,Construction,-2.09,-59.71,-18.27,4.74,2026-08-01 05:27:12
STLTECH,Telecommunication,592.5,233.9,32.55,15.71,2026-08-01 05:27:13
STAR,Healthcare,44.34,-37.19,10.78,14.09,2026-08-01 05:27:13
STYRENIX,Chemicals,34.28,349.69,-4.99,10.36,2026-08-01 05:27:13
SUBROS,Capital Goods,6.77,41.96,10.77,5.84,2026-08-01 05:27:14
SUDARSCHEM,Chemicals,2067.5,168.26,32.66,5.33,2026-08-01 05:27:14
SUMICHEM,Chemicals,115.73,93.14,55.52,20.32,2026-08-01 05:27:14
SPARC,Healthcare,3046.86,2290.18,21831.6,95.55,2026-08-01 05:27:14
SUNPHARMA,Healthcare,-6.52,-19.44,-5.88,18.9,2026-08-01 05:27:15
SUNTV,Media Entertainment & Publication,-37.43,-28.4,2.36,33.17,2026-08-01 05:27:15
SUNDARMFIN,Financial Services,21.67,2.37,5.3,0.0,2026-08-01 05:27:15
SUNDRMFAST,Automobile and Auto Components,23.81,23.61,9.88,11.6,2026-08-01 05:27:15
SUNFLAG,Capital Goods,-20.74,-42.83,6.18,9.56,2026-08-01 05:27:16
SUNTECK,Realty,-16.73,-34.18,-43.5,32.94,2026-08-01 05:27:16
SUPREMEIND,Capital Goods,-4.5,-35.25,-22.96,10.14,2026-08-01 05:27:16
SUPRIYA,Healthcare,47.33,49.43,33.95,32.23,2026-08-01 05:27:17
SURYAROSNI,Capital Goods,-24.44,23.35,12.23,5.62,2026-08-01 05:27:17
SUZLON,Capital Goods,-74.18,-72.61,-30.15,13.05,2026-08-01 05:27:17
SWANCORP,Chemicals,1615.4,2822.33,-24.38,-33.72,2026-08-01 05:27:17
SWIGGY,Consumer Services,33.92,1.12,6.72,-13.92,2026-08-01 05:27:18
SYMPHONY,Consumer Durables,-2080.0,-1190.0,88.83,13.02,2026-08-01 05:27:18
SYNGENE,Healthcare,-104.91,-106.09,-28.99,3.9,2026-08-01 05:27:18
SYRMA,Capital Goods,101.19,-1.11,8.44,8.76,2026-08-01 05:27:18
TARC,Realty,101.55,107.71,443.81,-44.64,2026-08-01 05:27:19
TBOTEK,Consumer Services,41.51,38.7,13.68,11.93,2026-08-01 05:27:19
TDPOWERSYS,Capital Goods,60.67,28.19,33.1,15.43,2026-08-01 05:27:19
TSFINV,Financial Services,50.34,56.31,17.42,19.89,2026-08-01 05:27:19
TVSMOTOR,Automobile and Auto Components,57.28,32.13,8.26,12.29,2026-08-01 05:27:20
TVSSCS,Services,468.7,63.71,11.65,2.74,2026-08-01 05:27:20
TANLA,Information Technology,21.16,5.84,4.15,13.72,2026-08-01 05:27:20
TATACHEM,Chemicals,69.64,99.2,23.76,5.15,2026-08-01 05:27:21
TATACOMM,Telecommunication,-87.1,-49.01,0.44,7.45,2026-08-01 05:27:21
TCS,Information Technology,9.2,-2.69,2.23,23.96,2026-08-01 05:27:21
TATACONSUM,Fast Moving Consumer Goods,23.82,1.89,-1.56,10.46,2026-08-01 05:27:21
TATAELXSI,Information Technology,-1.06,-22.58,2.75,18.97,2026-08-01 05:27:22
TATAINVEST,Financial Services,225.5,-15.33,-24.7,0.0,2026-08-01 05:27:22
TMPV,Automobile and Auto Components,-31.72,265.89,50.74,-1.31,2026-08-01 05:27:22
TATAPOWER,Power,10.95,18.08,27.86,14.45,2026-08-01 05:27:23
TATASTEEL,Metals & Mining,11.58,-20.76,-3.63,9.31,2026-08-01 05:27:23
TATATECH,Information Technology,-4.3,-11.47,5.86,13.25,2026-08-01 05:27:23
TTML,Telecommunication,76.45,-112.42,2.04,42.88,2026-08-01 05:27:23
TEAMLEASE,Services,-0.26,-20.59,3.75,0.6,2026-08-01 05:27:24
TECHM,Information Technology,25.58,8.22,4.22,14.41,2026-08-01 05:27:24
TECHNOE,Construction,-14.95,-3.97,15.8,12.77,2026-08-01 05:27:24
TEGA,Capital Goods,-58.13,116.52,30.49,6.63,2026-08-01 05:27:24
TEJASNET,Telecommunication,-181.67,4.31,20.89,-48.46,2026-08-01 05:27:25
TEXRAIL,Capital Goods,45.05,34.64,12.04,7.97,2026-08-01 05:27:25
THANGAMAYL,Consumer Durables,170.99,-40.35,-6.19,5.0,2026-08-01 05:27:25
ANUP,Capital Goods,-15.83,3.96,0.46,14.77,2026-08-01 05:27:25
NIACL,Financial Services,-160.61,-141.99,-5.13,0.0,2026-08-01 05:27:26
RAMCOCEM,Construction Materials,-17.38,-60.92,23.97,7.0,2026-08-01 05:27:26
THERMAX,Capital Goods,-83.44,-89.67,-32.9,1.62,2026-08-01 05:27:26
THOMASCOOK,Consumer Services,-40.13,-7.29,-17.48,2.1,2026-08-01 05:27:26
THYROCARE,Healthcare,34.06,10.76,7.18,26.99,2026-08-01 05:27:27
TI,Fast Moving Consumer Goods,-64.31,311.93,10.17,11.8,2026-08-01 05:27:27
TIMETECHNO,Capital Goods,20.38,4.35,7.15,11.57,2026-08-01 05:27:27
TIMKEN,Capital Goods,102.42,190.17,39.78,19.47,2026-08-01 05:27:28
TIPSMUSIC,Media Entertainment & Publication,42.76,-26.0,2.48,49.37,2026-08-01 05:27:28
TITAGARH,Capital Goods,144.09,12.35,5.21,9.48,2026-08-01 05:27:28
TITAN,Consumer Durables,12.61,-29.99,-17.29,8.21,2026-08-01 05:27:28
TORNTPHARM,Healthcare,3.28,45.5,17.13,22.15,2026-08-01 05:27:29
TORNTPOWER,Power,-69.97,-50.52,-5.49,11.37,2026-08-01 05:27:29
TARIL,Capital Goods,-8.66,-31.09,-26.87,15.12,2026-08-01 05:27:29
TRANSRAILL,Capital Goods,-24.14,-12.06,3.05,10.39,2026-08-01 05:27:29
TRENT,Consumer Services,25.83,-21.93,-5.93,10.95,2026-08-01 05:27:30
TRIDENT,Textiles,12.95,55.02,9.45,13.34,2026-08-01 05:27:30
TRIVENI,Fast Moving Consumer Goods,-98.01,-97.82,4.81,1.38,2026-08-01 05:27:30
TRITURBINE,Capital Goods,8.52,10.64,8.91,17.51,2026-08-01 05:27:31
TIINDIA,Automobile and Auto Components,-55.86,-48.48,6.5,6.89,2026-08-01 05:27:31
UCOBANK,Financial Services,8.05,-18.08,11.65,0.0,2026-08-01 05:27:31
UNOMINDA,Automobile and Auto Components,22.39,17.78,6.34,7.7,2026-08-01 05:27:31
UPL,Chemicals,28.14,167.93,49.44,16.97,2026-08-01 05:27:32
UTIAMC,Financial Services,235.99,540.5,1.03,43.49,2026-08-01 05:27:32
UJJIVANSFB,Financial Services,279.59,12.26,3.13,0.0,2026-08-01 05:27:32
ULTRACEMCO,Construction Materials,4.72,-12.86,-4.46,15.48,2026-08-01 05:27:32
UNIMECH,Capital Goods,-10.62,994.01,142.61,34.33,2026-08-01 05:27:33
UNIONBANK,Financial Services,12.58,2.51,-1.37,0.0,2026-08-01 05:27:33
UBL,Fast Moving Consumer Goods,165.05,25.65,8.56,2.81,2026-08-01 05:27:33
UNITDSPR,Fast Moving Consumer Goods,9.98,-14.1,-11.33,13.18,2026-08-01 05:27:33
USHAMART,Capital Goods,40.59,-3.94,5.49,16.89,2026-08-01 05:27:34
VGUARD,Consumer Durables,42.93,16.16,3.16,9.02,2026-08-01 05:27:34
VMART,Consumer Services,40.51,318.53,12.15,7.04,2026-08-01 05:27:34
VIPIND,Consumer Durables,-371.13,-143.81,-3.94,-25.89,2026-08-01 05:27:34
V2RETAIL,Consumer Services,172.02,-82.85,-14.22,5.31,2026-08-01 05:27:35
VSTIND,Fast Moving Consumer Goods,-19.96,-63.65,-43.92,15.04,2026-08-01 05:27:35
WABAG,Utilities,28.94,39.91,47.13,11.02,2026-08-01 05:27:35
VAIBHAVGBL,Consumer Durables,42.8,1.49,-12.32,5.94,2026-08-01 05:27:36
DBREALTY,Consumer Services,-2413.45,-195.31,-83.58,141.08,2026-08-01 05:27:36
VTL,Textiles,30.56,67.74,8.21,12.85,2026-08-01 05:27:36
VARROC,Automobile and Auto Components,236.91,773.16,3.52,6.12,2026-08-01 05:27:36
VBL,Fast Moving Consumer Goods,109.34,74.33,28.55,22.88,2026-08-01 05:27:37
MANYAVAR,Consumer Services,-20.27,-29.48,-24.55,29.46,2026-08-01 05:27:37
VEDL,Metals & Mining,57.13,-18.29,-1.16,31.16,2026-08-01 05:27:37
VENTIVE,Consumer Services,79.5,96.85,13.61,38.64,2026-08-01 05:27:37
VESUVIUS,Capital Goods,-5.83,-30.39,-9.22,13.29,2026-08-01 05:27:38
VIJAYA,Healthcare,35.78,11.01,6.9,32.45,2026-08-01 05:27:38
VINATIORGA,Chemicals,-11.52,-12.11,15.23,19.94,2026-08-01 05:27:38
VMM,Consumer Services,25.57,54.1,19.68,9.64,2026-08-01 05:27:39
VIYASH,Healthcare,298.59,35.56,7.17,13.91,2026-08-01 05:27:39
IDEA,Telecommunication,825.13,1083.16,-0.04,-5.56,2026-08-01 05:27:39
VOLTAMP,Capital Goods,-50.53,-51.65,-2.08,12.55,2026-08-01 05:27:39
VOLTAS,Consumer Durables,-51.8,36.76,58.66,4.13,2026-08-01 05:27:40
WAAREEENER,Capital Goods,37.37,-19.87,-6.47,13.99,2026-08-01 05:27:40
WAAREERTL,Capital Goods,23.54,-25.58,-16.16,18.14,2026-08-01 05:27:40
WEBELSOLAR,Capital Goods,157.92,91.6,53.8,30.51,2026-08-01 05:27:40
WELCORP,Capital Goods,49.86,182.56,-5.37,13.91,2026-08-01 05:27:41
WELENT,Construction,53.05,502.37,52.42,18.88,2026-08-01 05:27:41
WELSPUNLIV,Textiles,-21.33,49280.95,7.66,6.09,2026-08-01 05:27:41
WESTLIFE,Consumer Services,-61.46,-75.29,13.3,4.49,2026-08-01 05:27:41
WHIRLPOOL,Consumer Durables,82.44,202.76,22.94,3.14,2026-08-01 05:27:42
WIPRO,Information Technology,0.65,-4.28,1.0,15.7,2026-08-01 05:27:42
WOCKPHARMA,Healthcare,1085.71,181.36,8.67,14.82,2026-08-01 05:27:42
YATHARTH,Healthcare,22.73,4.78,6.58,14.61,2026-08-01 05:27:42
YESBANK,Financial Services,43.96,-0.96,4.67,0.0,2026-08-01 05:27:43
ZFCVINDIA,Automobile and Auto Components,-14.63,-28.6,-7.12,9.91,2026-08-01 05:27:43
ZAGGLE,Information Technology,30.4,11.58,17.58,7.41,2026-08-01 05:27:43
ZEEL,Media Entertainment & Publication,-162.59,-165.94,-11.2,-15.6,2026-08-01 05:27:43
ZENTEC,Capital Goods,-65.9,9.29,-20.46,21.79,2026-08-01 05:27:44
ZENSARTECH,Information Technology,4.2,-12.73,3.99,12.76,2026-08-01 05:27:44
ZYDUSLIFE,Healthcare,24.33,22.11,9.65,18.85,2026-08-01 05:27:44
ZYDUSWELL,Fast Moving Consumer Goods,2431.25,506.02,53.23,14.23,2026-08-01 05:27:44
ECLERX,Services,24.45,-1.36,3.45,21.13,2026-08-01 05:27:45
EMUDHRA,Information Technology,34.56,10.99,-1.39,19.73,2026-08-01 05:27:45
