Sort_Order,Ticker,Action,Date,Price,Quantity,Reason,RSI,3M Return,6M Return,9M Return,RS,ST Value,ST Dir,Return %,PnL ₹,Holding Days
1,GVT&D.NS,SOLD,2026-03-24,3586.98,4,"Close < ST(15,3) (T-1)",64.96,29.65,35.81,96.97,99.0,3287.9,Up,-3.48,-518.06,28.0
2,KIRLOSENG.NS,SOLD,2026-03-24,1303.35,11,"Close < ST(15,3) (T-1)",68.24,26.69,57.66,56.58,99.0,1273.37,Up,-8.02,-1250.69,19.0
3,MCX.NS,SOLD,2026-03-24,2371.88,6,"Close < ST(15,3) (T-1)",61.88,24.58,68.58,81.51,99.0,2250.9,Up,-9.4,-1476.86,14.0
4,NATIONALUM.NS,SOLD,2026-03-24,356.76,42,"Close < ST(15,3) (T-1)",61.97,42.08,87.79,112.77,99.0,352.76,Up,-8.98,-1478.1,14.0
5,CHENNPETRO.NS,BOUGHT,2026-03-20,1022.29,16,Active Open Position,59.74,11.64,35.7,60.12,99.0,898.38,Up,,,
6,VEDL.NS,SOLD,2026-03-20,666.65,23,"Close < ST(15,3) (T-1)",58.36,36.13,64.07,65.05,99.0,668.87,Up,-6.45,-1056.74,11.0
7,GESHIP.NS,BOUGHT,2026-03-16,1457.25,11,Active Open Position,67.51,33.23,47.8,51.02,99.0,1335.07,Up,,,
8,BHARATFORG.NS,SOLD,2026-03-16,1666.72,8,"Close < ST(15,3) (T-1)",69.01,28.53,66.42,48.42,98.0,1778.93,Up,-12.71,-1942.2,11.0
9,MCX.NS,BOUGHT,2026-03-10,2618.02,6,Entry,61.88,24.58,68.58,81.51,99.0,2250.9,Up,,,
10,NATIONALUM.NS,BOUGHT,2026-03-10,391.95,42,Entry,61.97,42.08,87.79,112.77,99.0,352.76,Up,,,
11,FEDERALBNK.NS,SOLD,2026-03-10,275.86,56,"Close < ST(15,3) (T-1)",60.51,18.89,37.43,48.43,96.0,267.29,Up,-6.64,-1097.95,35.0
12,KARURVYSYA.NS,SOLD,2026-03-10,295.42,52,"Close < ST(15,3) (T-1)",67.59,21.63,37.11,64.42,97.0,273.57,Up,-6.39,-1048.03,35.0
13,VEDL.NS,BOUGHT,2026-03-09,712.6,23,Entry,58.36,36.13,64.07,65.05,99.0,668.87,Up,,,
14,ASHOKLEY.NS,SOLD,2026-03-09,189.5,87,"Close < ST(15,3) (T-1)",74.35,35.43,49.67,90.05,99.0,176.95,Up,-0.57,-94.0,56.0
15,BHARATFORG.NS,BOUGHT,2026-03-05,1909.5,8,Entry,69.01,28.53,66.42,48.42,98.0,1778.93,Up,,,
16,KIRLOSENG.NS,BOUGHT,2026-03-05,1417.05,11,Entry,68.24,26.69,57.66,56.58,99.0,1273.37,Up,,,
17,CUB.NS,SOLD,2026-03-05,263.63,55,"Close < ST(15,3) (T-1)",58.49,26.46,39.3,63.5,98.0,270.98,Up,-12.12,-2000.2,29.0
18,SHRIRAMFIN.NS,SOLD,2026-03-05,1017.19,16,"Close < ST(15,3) (T-1)",64.43,40.27,53.44,44.05,99.0,949.84,Up,0.09,14.92,37.0
19,GVT&D.NS,BOUGHT,2026-02-24,3716.49,4,Entry,64.96,29.65,35.81,96.97,99.0,3287.9,Up,,,
20,JKTYRE.NS,SOLD,2026-02-24,529.89,30,"Close < ST(15,3) (T-1)",63.71,21.4,53.52,68.38,98.0,478.31,Up,-3.26,-535.13,21.0
21,CUB.NS,BOUGHT,2026-02-04,299.99,55,Entry,58.49,26.46,39.3,63.5,98.0,270.98,Up,,,
22,FEDERALBNK.NS,BOUGHT,2026-02-03,295.47,56,Entry,60.51,18.89,37.43,48.43,96.0,267.29,Up,,,
23,JKTYRE.NS,BOUGHT,2026-02-03,547.72,30,Entry,63.71,21.4,53.52,68.38,98.0,478.31,Up,,,
24,KARURVYSYA.NS,BOUGHT,2026-02-03,315.57,52,Entry,67.59,21.63,37.11,64.42,97.0,273.57,Up,,,
25,HINDCOPPER.NS,SOLD,2026-02-03,636.7,30,"Close < ST(15,3) (T-1)",71.67,58.38,105.92,183.42,99.0,503.97,Up,15.19,2518.52,21.0
26,INDIANB.NS,SOLD,2026-02-03,870.62,19,"Close < ST(15,3) (T-1)",67.78,6.65,44.6,61.13,97.0,842.22,Up,2.74,441.93,1.0
27,MCX.NS,SOLD,2026-02-03,2487.5,8,"Close < ST(15,3) (T-1)",65.33,31.13,52.55,84.41,99.0,1933.38,Up,21.03,3458.2,62.0
28,MUTHOOTFIN.NS,SOLD,2026-02-03,3706.38,4,"Close < ST(15,3) (T-1)",74.64,34.59,76.95,69.39,99.0,3475.32,Up,-0.14,-20.36,74.0
29,INDIANB.NS,BOUGHT,2026-02-02,847.37,19,Entry,67.78,6.65,44.6,61.13,97.0,842.22,Up,,,
30,ABCAPITAL.NS,SOLD,2026-02-02,325.86,48,"Close < ST(15,3) (T-1)",71.4,19.89,73.72,88.47,99.0,310.2,Up,-4.33,-707.14,84.0
31,SHRIRAMFIN.NS,BOUGHT,2026-01-27,1016.26,16,Entry,64.43,40.27,53.44,44.05,99.0,949.84,Up,,,
32,AUBANK.NS,SOLD,2026-01-27,965.75,17,"Close < ST(15,3) (T-1)",71.65,32.08,32.62,78.81,98.0,906.52,Up,0.96,156.2,55.0
33,HINDCOPPER.NS,BOUGHT,2026-01-13,552.75,30,Entry,71.67,58.38,105.92,183.42,99.0,503.97,Up,,,
34,LAURUSLABS.NS,SOLD,2026-01-13,1037.98,17,"Close < ST(15,3) (T-1)",64.32,12.63,43.52,58.56,98.0,869.9,Up,11.01,1749.84,78.0
35,ASHOKLEY.NS,BOUGHT,2026-01-12,190.58,87,Entry,74.35,35.43,49.67,90.05,99.0,176.95,Up,,,
36,LTF.NS,SOLD,2026-01-12,298.2,70,"Close < ST(15,3) (T-1)",55.23,16.39,52.41,70.42,98.0,235.7,Up,26.24,4338.34,105.0
37,AUBANK.NS,BOUGHT,2025-12-03,956.56,17,Entry,71.65,32.08,32.62,78.81,98.0,906.52,Up,,,
38,MCX.NS,BOUGHT,2025-12-03,2055.22,8,Entry,65.33,31.13,52.55,84.41,99.0,1933.38,Up,,,
39,RBLBANK.NS,SOLD,2025-12-03,300.49,52,"Close < ST(15,3) (T-1)",70.01,24.43,65.86,104.94,99.0,296.01,Up,-5.95,-987.97,40.0
40,SYRMA.NS,SOLD,2025-12-03,791.87,18,"Close < ST(15,3) (T-1)",60.39,26.38,67.72,69.44,98.0,799.85,Up,-9.74,-1538.9,14.0
41,MUTHOOTFIN.NS,BOUGHT,2025-11-21,3711.46,4,Entry,74.64,34.59,76.95,69.39,99.0,3475.32,Up,,,
42,ANANDRATHI.NS,SOLD,2025-11-21,2787.99,5,"Close < ST(15,3) (T-1)",59.27,15.89,76.66,57.51,99.0,2912.61,Up,-11.48,-1807.9,25.0
43,SYRMA.NS,BOUGHT,2025-11-19,877.36,18,Entry,60.39,26.38,67.72,69.44,98.0,799.85,Up,,,
44,GMDCLTD.NS,SOLD,2025-11-19,512.46,28,Stoploss 13%,65.29,43.05,121.74,78.7,99.0,529.77,Up,-13.87,-2309.87,51.0
45,ABCAPITAL.NS,BOUGHT,2025-11-10,340.59,48,Entry,71.4,19.89,73.72,88.47,99.0,310.2,Up,,,
46,ECLERX.NS,SOLD,2025-11-10,2129.05,6,"Close < ST(15,3) (T-1)",65.59,24.93,89.79,57.81,99.0,2144.51,Up,-10.61,-1516.79,7.0
47,ECLERX.NS,BOUGHT,2025-11-03,2381.85,6,Entry,65.59,24.93,89.79,57.81,99.0,2144.51,Up,,,
48,FORTIS.NS,SOLD,2025-11-03,1018.88,17,"Close < ST(15,3) (T-1)",58.72,25.18,44.36,42.18,98.0,920.98,Up,4.41,731.43,33.0
49,ANANDRATHI.NS,BOUGHT,2025-10-27,3149.57,5,Entry,59.27,15.89,76.66,57.51,99.0,2912.61,Up,,,
50,LAURUSLABS.NS,BOUGHT,2025-10-27,935.05,17,Entry,64.32,12.63,43.52,58.56,98.0,869.9,Up,,,
51,GODFRYPHLP.NS,SOLD,2025-10-27,3129.18,5,"Close < ST(15,3) (T-1)",62.83,37.11,68.35,24.6,98.0,2722.0,Up,4.3,644.58,117.0
52,SYRMA.NS,SOLD,2025-10-27,744.46,19,Stoploss 13%,65.91,59.3,83.07,44.27,99.0,764.97,Up,-13.87,-2276.98,32.0
53,RBLBANK.NS,BOUGHT,2025-10-24,319.49,52,Entry,70.01,24.43,65.86,104.94,99.0,296.01,Up,,,
54,GVT&D.NS,SOLD,2025-10-24,2803.51,5,"Close < ST(15,3) (T-1)",59.94,26.59,94.08,42.84,99.0,2809.9,Up,-6.67,-1001.66,24.0
55,FORTIS.NS,BOUGHT,2025-10-01,975.85,17,Entry,58.72,25.18,44.36,42.18,98.0,920.98,Up,,,
56,CHOICEIN.NS,SOLD,2025-10-01,766.45,21,"Close < ST(15,3) (T-1)",69.25,25.96,40.76,59.15,99.0,718.55,Up,-0.5,-81.56,70.0
57,GVT&D.NS,BOUGHT,2025-09-30,3003.84,5,Entry,59.94,26.59,94.08,42.84,99.0,2809.9,Up,,,
58,ANANDRATHI.NS,SOLD,2025-09-30,2778.04,5,"Close < ST(15,3) (T-1)",73.68,50.01,47.77,41.81,98.0,2708.95,Up,-7.26,-1086.81,25.0
59,GMDCLTD.NS,BOUGHT,2025-09-29,594.96,28,Entry,65.29,43.05,121.74,78.7,99.0,529.77,Up,,,
60,LTF.NS,BOUGHT,2025-09-29,236.23,70,Entry,55.23,16.39,52.41,70.42,98.0,235.7,Up,,,
61,AIIL.NS,SOLD,2025-09-29,591.31,33,"Close < ST(15,3) (T-1)",72.67,65.4,46.31,51.92,99.0,455.55,Up,18.6,3060.03,108.0
62,LAURUSLABS.NS,SOLD,2025-09-29,829.23,18,"Close < ST(15,3) (T-1)",61.87,47.74,58.25,79.78,99.0,821.17,Up,-6.62,-1058.13,35.0
63,SYRMA.NS,BOUGHT,2025-09-25,864.3,19,Entry,65.91,59.3,83.07,44.27,99.0,764.97,Up,,,
64,PAYTM.NS,SOLD,2025-09-25,1154.1,14,"Close < ST(15,3) (T-1)",68.94,30.66,40.33,40.73,99.0,1014.39,Up,-0.14,-23.09,43.0
65,ANANDRATHI.NS,BOUGHT,2025-09-05,2995.4,5,Entry,73.68,50.01,47.77,41.81,98.0,2708.95,Up,,,
66,FORCEMOT.NS,SOLD,2025-09-05,18133.88,1,"Close < ST(15,3) (T-1)",68.12,93.4,102.37,90.11,99.0,12373.03,Up,31.59,4353.32,77.0
67,LAURUSLABS.NS,BOUGHT,2025-08-25,888.02,18,Entry,61.87,47.74,58.25,79.78,99.0,821.17,Up,,,
68,JKCEMENT.NS,SOLD,2025-08-25,6806.8,2,"Close < ST(15,3) (T-1)",73.92,35.54,44.52,71.02,99.0,6478.05,Up,-3.33,-469.47,14.0
69,PAYTM.NS,BOUGHT,2025-08-13,1155.75,14,Entry,68.94,30.66,40.33,40.73,99.0,1014.39,Up,,,
70,COROMANDEL.NS,SOLD,2025-08-13,2353.18,8,"Close < ST(15,3) (T-1)",65.97,2.91,20.73,27.26,97.0,1879.54,Up,25.21,3790.6,128.0
71,JKCEMENT.NS,BOUGHT,2025-08-11,7041.53,2,Entry,73.92,35.54,44.52,71.02,99.0,6478.05,Up,,,
72,LAURUSLABS.NS,SOLD,2025-08-11,813.91,19,"Close < ST(15,3) (T-1)",62.41,38.65,56.19,73.82,99.0,833.07,Up,-4.65,-754.05,7.0
73,LAURUSLABS.NS,BOUGHT,2025-08-04,853.6,19,Entry,62.41,38.65,56.19,73.82,99.0,833.07,Up,,,
74,WOCKPHARMA.NS,SOLD,2025-08-04,1603.14,9,"Close < ST(15,3) (T-1)",67.27,23.22,21.18,76.93,99.0,1593.5,Up,-9.88,-1581.35,41.0
75,CHOICEIN.NS,BOUGHT,2025-07-23,770.33,21,Entry,69.25,25.96,40.76,59.15,99.0,718.55,Up,,,
76,BLUEJET.NS,SOLD,2025-07-23,830.16,17,Stoploss 13%,63.46,28.1,67.9,83.0,99.0,864.27,Up,-13.87,-2271.82,6.0
77,BLUEJET.NS,BOUGHT,2025-07-17,963.79,17,Entry,63.46,28.1,67.9,83.0,99.0,864.27,Up,,,
78,NH.NS,SOLD,2025-07-17,1941.54,9,"Close < ST(15,3) (T-1)",56.73,25.31,34.86,32.36,98.0,1523.65,Up,16.44,2467.33,100.0
79,GODFRYPHLP.NS,BOUGHT,2025-07-02,3000.26,5,Entry,62.83,37.11,68.35,24.6,98.0,2722.0,Up,,,
80,BLUEJET.NS,SOLD,2025-07-02,843.81,17,"Close < ST(15,3) (T-1)",66.22,14.86,89.42,82.43,99.0,852.77,Up,-11.62,-1885.98,16.0
81,WOCKPHARMA.NS,BOUGHT,2025-06-24,1778.85,9,Entry,67.27,23.22,21.18,76.93,99.0,1593.5,Up,,,
82,RPOWER.NS,SOLD,2025-06-24,63.68,245,"Close < ST(15,3) (T-1)",70.31,94.8,49.47,125.61,99.0,63.4,Up,-6.13,-1018.59,8.0
83,FORCEMOT.NS,BOUGHT,2025-06-20,13780.56,1,Entry,68.12,93.4,102.37,90.11,99.0,12373.03,Up,,,
84,GODFRYPHLP.NS,SOLD,2025-06-20,2663.28,6,"Close < ST(15,3) (T-1)",69.71,86.73,25.2,88.99,99.0,2434.6,Up,-3.05,-502.3,49.0
85,BLUEJET.NS,BOUGHT,2025-06-16,954.75,17,Entry,66.22,14.86,89.42,82.43,99.0,852.77,Up,,,
86,RPOWER.NS,BOUGHT,2025-06-16,67.84,245,Entry,70.31,94.8,49.47,125.61,99.0,63.4,Up,,,
87,BSE.NS,SOLD,2025-06-16,2711.38,8,"Close < ST(15,3) (T-1)",60.73,2.74,30.78,133.09,99.0,1630.35,Up,42.06,6421.97,66.0
88,PAYTM.NS,SOLD,2025-06-16,882.22,21,"Close < ST(15,3) (T-1)",59.88,-16.87,12.3,95.68,98.0,721.33,Up,14.75,2381.23,70.0
89,AIIL.NS,BOUGHT,2025-06-13,498.58,33,Entry,72.67,65.4,46.31,51.92,99.0,455.55,Up,,,
90,MAZDOCK.NS,SOLD,2025-06-13,3130.37,5,"Close < ST(15,3) (T-1)",63.75,39.7,43.87,27.06,99.0,2671.76,Up,0.26,40.18,29.0
91,MAZDOCK.NS,BOUGHT,2025-05-15,3122.33,5,Entry,63.75,39.7,43.87,27.06,99.0,2671.76,Up,,,
92,CHAMBLFERT.NS,SOLD,2025-05-15,644.76,29,"Close < ST(15,3) (T-1)",64.32,11.54,12.94,42.3,97.0,506.11,Up,13.53,2228.2,76.0
93,GODFRYPHLP.NS,BOUGHT,2025-05-02,2747.0,6,Entry,69.71,86.73,25.2,88.99,99.0,2434.6,Up,,,
94,BAJFINANCE.NS,SOLD,2025-05-02,853.26,19,"Close < ST(15,3) (T-1)",68.43,27.77,25.35,25.26,96.0,793.28,Up,0.71,114.9,73.0
95,BSE.NS,BOUGHT,2025-04-11,1908.63,8,Entry,60.73,2.74,30.78,133.09,99.0,1630.35,Up,,,
96,MUTHOOTFIN.NS,SOLD,2025-04-11,2088.65,7,"Close < ST(15,3) (T-1)",63.44,30.52,26.38,38.67,98.0,2084.57,Up,-10.69,-1749.87,56.0
97,NH.NS,BOUGHT,2025-04-08,1667.4,9,Entry,56.73,25.31,34.86,32.36,98.0,1523.65,Up,,,
98,SRF.NS,SOLD,2025-04-08,2726.3,5,"Close < ST(15,3) (T-1)",76.77,26.28,14.23,22.42,87.0,2712.79,Up,-7.57,-1116.87,61.0
99,COROMANDEL.NS,BOUGHT,2025-04-07,1879.35,8,Entry,65.97,2.91,20.73,27.26,97.0,1879.54,Up,,,
100,PAYTM.NS,BOUGHT,2025-04-07,768.82,21,Entry,59.88,-16.87,12.3,95.68,98.0,721.33,Up,,,
101,BAJAJHLDNG.NS,SOLD,2025-04-07,10348.0,1,SL Gap Down (13%),60.17,13.01,25.68,44.85,96.0,10779.4,Up,-14.43,-1744.76,49.0
102,SARDAEN.NS,SOLD,2025-04-07,394.62,34,SL Gap Down (13%),59.92,17.15,45.54,79.92,99.0,399.31,Up,-18.94,-3134.97,48.0
103,CHAMBLFERT.NS,BOUGHT,2025-02-28,567.93,29,Entry,64.32,11.54,12.94,42.3,97.0,506.11,Up,,,
104,BSE.NS,SOLD,2025-02-28,1592.83,8,Stoploss 15%,55.75,29.94,111.09,110.9,99.0,1699.58,Up,-15.85,-2399.37,4.0
105,BSE.NS,BOUGHT,2025-02-24,1892.75,8,Entry,55.75,29.94,111.09,110.9,99.0,1699.58,Up,,,
106,ZENSARTECH.NS,SOLD,2025-02-24,774.96,18,"Close < ST(15,3) (T-1)",60.97,19.78,20.15,46.82,92.0,801.12,Up,-14.79,-2420.44,18.0
107,BAJFINANCE.NS,BOUGHT,2025-02-18,847.21,19,Entry,68.43,27.77,25.35,25.26,96.0,793.28,Up,,,
108,SARDAEN.NS,BOUGHT,2025-02-18,486.82,34,Entry,59.92,17.15,45.54,79.92,99.0,399.31,Up,,,
109,BAJAJHLDNG.NS,BOUGHT,2025-02-17,12092.76,1,Entry,60.17,13.01,25.68,44.85,96.0,10779.4,Up,,,
110,BLUEJET.NS,SOLD,2025-02-17,755.55,20,"Close < ST(15,3) (T-1)",73.06,54.6,73.89,114.77,99.0,723.42,Up,-6.14,-989.04,4.0
111,KIMS.NS,SOLD,2025-02-17,576.1,25,"Close < ST(15,3) (T-1)",64.45,15.98,51.62,57.66,97.0,576.2,Up,-11.99,-1962.54,11.0
112,LAURUSLABS.NS,SOLD,2025-02-17,541.28,26,"Close < ST(15,3) (T-1)",58.01,25.08,44.74,39.33,97.0,523.61,Up,-12.4,-1991.44,12.0
113,MUTHOOTFIN.NS,BOUGHT,2025-02-14,2338.63,7,Entry,63.44,30.52,26.38,38.67,98.0,2084.57,Up,,,
114,BLUEJET.NS,BOUGHT,2025-02-13,805.0,20,Entry,73.06,54.6,73.89,114.77,99.0,723.42,Up,,,
115,INDHOTEL.NS,SOLD,2025-02-13,727.54,20,"Close < ST(15,3) (T-1)",57.14,23.98,38.74,44.97,97.0,744.77,Up,-12.59,-2095.94,8.0
116,JUBLFOOD.NS,SOLD,2025-02-13,636.8,22,"Close < ST(15,3) (T-1)",56.91,20.75,19.39,50.96,91.0,660.48,Up,-12.72,-2042.26,7.0
117,JUBLFOOD.NS,BOUGHT,2025-02-06,729.63,22,Entry,56.91,20.75,19.39,50.96,91.0,660.48,Up,,,
118,KIMS.NS,BOUGHT,2025-02-06,654.61,25,Entry,64.45,15.98,51.62,57.66,97.0,576.2,Up,,,
119,SRF.NS,BOUGHT,2025-02-06,2949.67,5,Entry,76.77,26.28,14.23,22.42,87.0,2712.79,Up,,,
120,ZENSARTECH.NS,BOUGHT,2025-02-06,909.42,18,Entry,60.97,19.78,20.15,46.82,92.0,801.12,Up,,,
121,INDHOTEL.NS,BOUGHT,2025-02-05,832.34,20,Entry,57.14,23.98,38.74,44.97,97.0,744.77,Up,,,
122,LAURUSLABS.NS,BOUGHT,2025-02-05,617.87,26,Entry,58.01,25.08,44.74,39.33,97.0,523.61,Up,,,
123,BSE.NS,SOLD,2025-01-29,1708.08,8,"Close < ST(15,3) (T-1)",59.74,33.58,162.18,108.19,99.0,1798.13,Up,-12.09,-1879.33,7.0
124,LLOYDSME.NS,SOLD,2025-01-28,1283.55,11,"Close < ST(15,3) (T-1)",68.05,41.96,89.8,115.99,99.0,1307.42,Up,-10.37,-1634.32,13.0
125,ANANTRAJ.NS,SOLD,2025-01-27,793.02,18,"Close < ST(15,3) (T-1)",62.65,17.19,75.33,168.43,99.0,820.54,Up,-10.24,-1628.65,14.0
126,PTCIL.NS,SOLD,2025-01-23,14547.9,1,"Close < ST(15,3) (T-1)",70.41,24.81,16.38,121.42,97.0,15395.61,Up,-11.84,-1954.2,3.0
127,BSE.NS,BOUGHT,2025-01-22,1943.0,8,Entry,59.74,33.58,162.18,108.19,99.0,1798.13,Up,,,
128,VIJAYA.NS,SOLD,2025-01-21,1064.7,13,"Close < ST(15,3) (T-1)",63.27,21.76,51.43,82.18,96.0,1077.53,Up,-12.09,-1904.19,7.0
129,PTCIL.NS,BOUGHT,2025-01-20,16502.1,1,Entry,70.41,24.81,16.38,121.42,97.0,15395.61,Up,,,
130,LLOYDSME.NS,BOUGHT,2025-01-15,1432.12,11,Entry,68.05,41.96,89.8,115.99,99.0,1307.42,Up,,,
131,GVT&D.NS,SOLD,2025-01-15,1897.17,9,"Close < ST(15,3) (T-1)",56.06,7.31,56.22,179.77,99.0,1662.45,Up,3.72,612.6,75.0
132,VIJAYA.NS,BOUGHT,2025-01-14,1211.18,13,Entry,63.27,21.76,51.43,82.18,96.0,1077.53,Up,,,
133,CHOICEIN.NS,SOLD,2025-01-14,500.48,31,"Close < ST(15,3) (T-1)",61.56,34.11,59.56,90.28,97.0,491.21,Up,-5.68,-934.8,57.0
134,KFINTECH.NS,SOLD,2025-01-14,1263.65,11,"Close < ST(15,3) (T-1)",56.76,43.75,92.23,128.42,99.0,1354.22,Up,-13.58,-2183.77,5.0
135,TARIL.NS,SOLD,2025-01-14,507.45,29,"Close < ST(15,3) (T-1)",76.76,84.53,49.17,245.18,99.0,517.69,Up,-9.92,-1620.45,26.0
136,ZENTEC.NS,SOLD,2025-01-14,2084.77,6,Stoploss 15%,63.84,47.3,70.56,159.66,99.0,2231.37,Up,-15.85,-2355.31,7.0
137,ANANTRAJ.NS,BOUGHT,2025-01-13,883.5,18,Entry,62.65,17.19,75.33,168.43,99.0,820.54,Up,,,
138,PGEL.NS,SOLD,2025-01-13,860.13,25,"Close < ST(15,3) (T-1)",56.03,49.94,208.84,230.54,99.0,588.57,Up,31.69,5174.46,61.0
139,KFINTECH.NS,BOUGHT,2025-01-09,1462.17,11,Entry,56.76,43.75,92.23,128.42,99.0,1354.22,Up,,,
140,PAYTM.NS,SOLD,2025-01-09,895.5,21,"Close < ST(15,3) (T-1)",55.41,36.85,128.84,86.71,96.0,724.51,Up,13.22,2195.87,51.0
141,ZENTEC.NS,BOUGHT,2025-01-07,2477.32,6,Entry,63.84,47.3,70.56,159.66,99.0,2231.37,Up,,,
142,BSE.NS,SOLD,2025-01-07,1688.18,11,"Close < ST(15,3) (T-1)",56.02,77.59,33.44,88.24,97.0,1347.21,Up,17.39,2750.31,69.0
143,TARIL.NS,BOUGHT,2024-12-19,563.33,29,Entry,76.76,84.53,49.17,245.18,99.0,517.69,Up,,,
144,DEEPAKFERT.NS,SOLD,2024-12-19,1184.05,12,"Close < ST(15,3) (T-1)",58.65,34.93,132.01,144.58,99.0,1155.48,Up,-8.17,-1264.38,31.0
145,PAYTM.NS,BOUGHT,2024-11-19,790.93,21,Entry,55.41,36.85,128.84,86.71,96.0,724.51,Up,,,
146,WOCKPHARMA.NS,SOLD,2024-11-19,1158.18,15,"Close < ST(15,3) (T-1)",58.16,23.38,87.0,133.31,99.0,974.2,Up,4.77,791.71,26.0
147,CHOICEIN.NS,BOUGHT,2024-11-18,530.64,31,Entry,61.56,34.11,59.56,90.28,97.0,491.21,Up,,,
148,DEEPAKFERT.NS,BOUGHT,2024-11-18,1289.41,12,Entry,58.65,34.93,132.01,144.58,99.0,1155.48,Up,,,
149,TARIL.NS,SOLD,2024-11-18,429.34,37,"Close < ST(15,3) (T-1)",65.91,14.76,25.94,211.48,99.0,385.83,Up,-2.69,-438.54,26.0
150,MCX.NS,SOLD,2024-11-14,1186.03,12,"Close < ST(15,3) (T-1)",66.27,64.21,69.59,110.18,98.0,1203.27,Up,-8.03,-1243.03,22.0
151,PGEL.NS,BOUGHT,2024-11-13,653.15,25,Entry,56.03,49.94,208.84,230.54,99.0,588.57,Up,,,
152,PPLPHARMA.NS,SOLD,2024-11-13,248.75,67,"Close < ST(15,3) (T-1)",60.75,44.71,73.59,76.07,96.0,214.89,Up,0.29,48.65,15.0
153,GVT&D.NS,BOUGHT,2024-11-01,1829.1,9,Entry,56.06,7.31,56.22,179.77,99.0,1662.45,Up,,,
154,SARDAEN.NS,SOLD,2024-10-31,435.21,36,"Close < ST(15,3) (T-1)",66.82,86.61,122.03,84.17,97.0,430.51,Up,-5.24,-866.59,23.0
155,BSE.NS,BOUGHT,2024-10-30,1438.15,11,Entry,56.02,77.59,33.44,88.24,97.0,1347.21,Up,,,
156,PPLPHARMA.NS,BOUGHT,2024-10-29,248.02,67,Entry,60.75,44.71,73.59,76.07,96.0,214.89,Up,,,
157,ANANTRAJ.NS,SOLD,2024-10-28,660.58,22,"Close < ST(15,3) (T-1)",76.94,66.8,137.28,140.65,99.0,655.79,Up,-9.51,-1526.83,31.0
158,DIXON.NS,SOLD,2024-10-28,14029.5,1,"Close < ST(15,3) (T-1)",58.18,36.23,97.93,127.47,98.0,14261.89,Up,-6.09,-909.82,5.0
159,WOCKPHARMA.NS,BOUGHT,2024-10-24,1105.4,15,Entry,58.16,23.38,87.0,133.31,99.0,974.2,Up,,,
160,DIXON.NS,BOUGHT,2024-10-23,14939.32,1,Entry,58.18,36.23,97.93,127.47,98.0,14261.89,Up,,,
161,MCX.NS,BOUGHT,2024-10-23,1289.62,12,Entry,66.27,64.21,69.59,110.18,98.0,1203.27,Up,,,
162,TARIL.NS,BOUGHT,2024-10-23,441.19,37,Entry,65.91,14.76,25.94,211.48,99.0,385.83,Up,,,
163,GRAVITA.NS,SOLD,2024-10-23,2198.65,7,"Close < ST(15,3) (T-1)",60.92,103.53,134.97,101.46,98.0,2018.13,Up,-1.45,-226.79,44.0
164,POWERINDIA.NS,SOLD,2024-10-23,13811.2,1,"Close < ST(15,3) (T-1)",59.03,-2.68,98.86,159.74,98.0,12838.87,Up,0.75,103.05,15.0
165,TECHNOE.NS,SOLD,2024-10-23,1532.3,10,"Close < ST(15,3) (T-1)",56.54,59.19,99.67,222.67,98.0,1475.21,Up,-5.3,-857.5,78.0
166,TRENT.NS,SOLD,2024-10-23,7430.66,2,"Close < ST(15,3) (T-1)",56.52,32.56,91.41,146.18,99.0,7315.96,Up,-1.68,-253.88,15.0
167,POWERINDIA.NS,BOUGHT,2024-10-08,13708.15,1,Entry,59.03,-2.68,98.86,159.74,98.0,12838.87,Up,,,
168,SARDAEN.NS,BOUGHT,2024-10-08,459.28,36,Entry,66.82,86.61,122.03,84.17,97.0,430.51,Up,,,
169,TRENT.NS,BOUGHT,2024-10-08,7557.6,2,Entry,56.52,32.56,91.41,146.18,99.0,7315.96,Up,,,
170,INOXWIND.NS,SOLD,2024-10-08,203.98,75,"Close < ST(15,3) (T-1)",65.15,53.38,47.13,249.11,99.0,194.84,Up,-8.14,-1355.98,39.0
171,PCBL.NS,SOLD,2024-10-08,498.45,30,"Close < ST(15,3) (T-1)",60.95,108.63,96.77,113.1,99.0,506.34,Up,-9.28,-1529.65,1.0
172,WOCKPHARMA.NS,SOLD,2024-10-08,930.18,17,"Close < ST(15,3) (T-1)",63.16,69.29,104.81,305.83,99.0,788.69,Up,-0.48,-76.06,60.0
173,PCBL.NS,BOUGHT,2024-10-07,549.43,30,Entry,60.95,108.63,96.77,113.1,99.0,506.34,Up,,,
174,SUZLON.NS,SOLD,2024-10-07,75.26,335,"Close < ST(15,3) (T-1)",61.61,12.15,24.39,125.35,96.0,44.34,Up,51.44,8564.12,123.0
175,ANANTRAJ.NS,BOUGHT,2024-09-27,729.98,22,Entry,76.94,66.8,137.28,140.65,99.0,655.79,Up,,,
176,PTCIL.NS,SOLD,2024-09-27,12835.5,1,"Close < ST(15,3) (T-1)",58.82,96.59,75.53,179.6,97.0,12929.49,Up,-11.86,-1726.85,46.0
177,GRAVITA.NS,BOUGHT,2024-09-09,2231.05,7,Entry,60.92,103.53,134.97,101.46,98.0,2018.13,Up,,,
178,GVT&D.NS,SOLD,2024-09-09,1572.3,9,"Close < ST(15,3) (T-1)",62.7,52.12,170.0,376.07,99.0,1506.33,Up,-7.86,-1207.72,34.0
179,INOXWIND.NS,BOUGHT,2024-08-30,222.05,75,Entry,65.15,53.38,47.13,249.11,99.0,194.84,Up,,,
180,PGEL.NS,SOLD,2024-08-30,491.28,37,"Close < ST(15,3) (T-1)",60.43,101.27,116.81,130.25,98.0,380.66,Up,11.66,1897.81,23.0
181,PTCIL.NS,BOUGHT,2024-08-12,14562.35,1,Entry,58.82,96.59,75.53,179.6,97.0,12929.49,Up,,,
182,IFCI.NS,SOLD,2024-08-12,67.77,230,"Close < ST(15,3) (T-1)",61.74,70.77,140.4,212.16,99.0,65.18,Up,-6.27,-1041.96,20.0
183,WOCKPHARMA.NS,BOUGHT,2024-08-09,934.65,17,Entry,63.16,69.29,104.81,305.83,99.0,788.69,Up,,,
184,RVNL.NS,SOLD,2024-08-09,535.31,28,"Close < ST(15,3) (T-1)",61.38,107.57,157.53,242.68,99.0,544.2,Up,-7.61,-1234.03,14.0
185,PGEL.NS,BOUGHT,2024-08-07,439.99,37,Entry,60.43,101.27,116.81,130.25,98.0,380.66,Up,,,
186,FORCEMOT.NS,SOLD,2024-08-07,8208.75,1,"Close < ST(15,3) (T-1)",57.68,-4.84,170.02,165.91,99.0,8424.57,Up,-5.68,-494.55,2.0
187,GVT&D.NS,BOUGHT,2024-08-06,1706.49,9,Entry,62.7,52.12,170.0,376.07,99.0,1506.33,Up,,,
188,TECHNOE.NS,BOUGHT,2024-08-06,1618.05,10,Entry,56.54,59.19,99.67,222.67,98.0,1475.21,Up,,,
189,COCHINSHIP.NS,SOLD,2024-08-06,2389.0,6,"Close < ST(15,3) (T-1)",60.55,148.11,292.0,389.13,99.0,2456.4,Up,-8.92,-1404.03,18.0
190,HUDCO.NS,SOLD,2024-08-06,297.11,50,"Close < ST(15,3) (T-1)",60.67,67.49,155.1,259.76,99.0,295.75,Up,-9.61,-1578.91,14.0
191,FORCEMOT.NS,BOUGHT,2024-08-05,8703.3,1,Entry,57.68,-4.84,170.02,165.91,99.0,8424.57,Up,,,
192,PRESTIGE.NS,SOLD,2024-08-05,1642.74,9,"Close < ST(15,3) (T-1)",57.52,33.69,71.75,187.81,96.0,1489.87,Up,-3.77,-578.68,60.0
193,RVNL.NS,BOUGHT,2024-07-26,579.38,28,Entry,61.38,107.57,157.53,242.68,99.0,544.2,Up,,,
194,GRSE.NS,SOLD,2024-07-26,2218.85,6,SL Gap Down (13%),65.97,197.03,190.18,220.49,99.0,2258.3,Up,-14.36,-2232.24,3.0
195,GRSE.NS,BOUGHT,2024-07-23,2590.89,6,Entry,65.97,197.03,190.18,220.49,99.0,2258.3,Up,,,
196,HUDCO.NS,BOUGHT,2024-07-23,328.69,50,Entry,60.67,67.49,155.1,259.76,99.0,295.75,Up,,,
197,IFCI.NS,BOUGHT,2024-07-23,72.3,230,Entry,61.74,70.77,140.4,212.16,99.0,65.18,Up,,,
198,GVT&D.NS,SOLD,2024-07-23,1458.07,12,"Close < ST(15,3) (T-1)",61.61,54.78,224.72,291.67,99.0,1237.41,Up,13.31,2055.25,48.0
199,HUDCO.NS,SOLD,2024-07-23,274.41,52,Stoploss 13%,58.14,63.04,156.56,264.05,99.0,295.75,Up,-13.87,-2297.05,1.0
200,SOBHA.NS,SOLD,2024-07-23,1766.12,8,"Close < ST(15,3) (T-1)",59.64,22.27,117.58,235.41,97.0,1744.49,Up,-9.13,-1420.36,49.0
201,HUDCO.NS,BOUGHT,2024-07-22,318.58,52,Entry,58.14,63.04,156.56,264.05,99.0,295.75,Up,,,
202,KIRLOSENG.NS,SOLD,2024-07-22,1218.88,13,"Close < ST(15,3) (T-1)",55.55,32.9,115.62,160.28,97.0,1160.93,Up,0.15,23.01,46.0
203,COCHINSHIP.NS,BOUGHT,2024-07-19,2623.0,6,Entry,60.55,148.11,292.0,389.13,99.0,2456.4,Up,,,
204,TRENT.NS,SOLD,2024-07-19,5281.96,4,"Close < ST(15,3) (T-1)",60.68,36.88,90.76,146.06,96.0,3687.57,Up,34.76,5449.83,127.0
205,KIRLOSENG.NS,BOUGHT,2024-06-06,1217.11,13,Entry,55.55,32.9,115.62,160.28,97.0,1160.93,Up,,,
206,PRESTIGE.NS,BOUGHT,2024-06-06,1707.04,9,Entry,57.52,33.69,71.75,187.81,96.0,1489.87,Up,,,
207,SUZLON.NS,BOUGHT,2024-06-06,49.7,335,Entry,61.61,12.15,24.39,125.35,96.0,44.34,Up,,,
208,COCHINSHIP.NS,SOLD,2024-06-06,1726.32,18,"Close < ST(15,3) (T-1)",55.2,40.11,65.37,219.56,98.0,758.62,Up,93.26,14995.46,78.0
209,IFCI.NS,SOLD,2024-06-06,53.23,314,"Close < ST(15,3) (T-1)",61.36,-16.21,141.11,293.96,99.0,46.21,Up,0.51,84.47,24.0
210,GVT&D.NS,BOUGHT,2024-06-05,1286.8,12,Entry,61.61,54.78,224.72,291.67,99.0,1237.41,Up,,,
211,BHEL.NS,SOLD,2024-06-05,253.72,53,"Close < ST(15,3) (T-1)",62.61,36.57,118.18,180.46,97.0,282.29,Up,-18.84,-3120.65,1.0
212,HUDCO.NS,SOLD,2024-06-05,228.85,63,"Close < ST(15,3) (T-1)",64.15,34.03,218.57,271.81,99.0,232.19,Up,-13.25,-2202.64,6.0
213,BHEL.NS,BOUGHT,2024-06-04,312.61,53,Entry,62.61,36.57,118.18,180.46,97.0,282.29,Up,,,
214,SOBHA.NS,BOUGHT,2024-06-04,1943.67,8,Entry,59.64,22.27,117.58,235.41,97.0,1744.49,Up,,,
215,ANANDRATHI.NS,SOLD,2024-06-04,1786.7,8,Stoploss 13%,63.17,46.96,116.25,347.73,99.0,1809.8,Up,-13.87,-2300.95,47.0
216,IRFC.NS,SOLD,2024-06-04,154.95,92,Stoploss 13%,61.49,16.03,129.8,273.76,99.0,166.34,Up,-13.87,-2294.82,4.0
217,IRFC.NS,BOUGHT,2024-05-31,179.89,92,Entry,61.49,16.03,129.8,273.76,99.0,166.34,Up,,,
218,KALYANKJIL.NS,SOLD,2024-05-31,382.93,41,"Close < ST(15,3) (T-1)",59.11,22.51,74.78,201.73,96.0,361.9,Up,-4.95,-817.07,65.0
219,HUDCO.NS,BOUGHT,2024-05-30,263.81,63,Entry,64.15,34.03,218.57,271.81,99.0,232.19,Up,,,
220,HINDCOPPER.NS,SOLD,2024-05-30,351.15,40,Stoploss 13%,65.85,59.15,176.71,171.99,98.0,351.09,Up,-13.87,-2261.09,8.0
221,HINDCOPPER.NS,BOUGHT,2024-05-22,407.68,40,Entry,65.85,59.15,176.71,171.99,98.0,351.09,Up,,,
222,FORCEMOT.NS,SOLD,2024-05-22,8684.36,2,"Close < ST(15,3) (T-1)",67.29,103.67,178.99,438.45,99.0,6279.47,Up,20.02,2896.62,55.0
223,IFCI.NS,BOUGHT,2024-05-13,52.96,314,Entry,61.36,-16.21,141.11,293.96,99.0,46.21,Up,,,
224,ACE.NS,SOLD,2024-05-13,1302.37,10,Stoploss 15%,58.59,67.6,118.25,151.96,97.0,1364.63,Up,-15.85,-2452.29,14.0
225,ACE.NS,BOUGHT,2024-04-29,1547.6,10,Entry,58.59,67.6,118.25,151.96,97.0,1364.63,Up,,,
226,TARIL.NS,SOLD,2024-04-29,302.48,96,"Close < ST(15,3) (T-1)",56.8,76.0,199.78,313.01,99.0,149.69,Up,75.5,12491.76,53.0
227,ANANDRATHI.NS,BOUGHT,2024-04-18,2074.32,8,Entry,63.17,46.96,116.25,347.73,99.0,1809.8,Up,,,
228,OFSS.NS,SOLD,2024-04-18,7858.51,2,"Close < ST(15,3) (T-1)",62.54,90.68,90.95,123.59,96.0,7537.82,Up,-2.26,-362.98,35.0
229,FORCEMOT.NS,BOUGHT,2024-03-28,7236.05,2,Entry,67.29,103.67,178.99,438.45,99.0,6279.47,Up,,,
230,KALYANKJIL.NS,BOUGHT,2024-03-27,402.85,41,Entry,59.11,22.51,74.78,201.73,96.0,361.9,Up,,,
231,COCHINSHIP.NS,BOUGHT,2024-03-20,893.24,18,Entry,55.2,40.11,65.37,219.56,98.0,758.62,Up,,,
232,GVT&D.NS,SOLD,2024-03-20,841.12,18,"Close < ST(15,3) (T-1)",68.23,118.93,179.74,412.38,99.0,831.43,Up,-9.03,-1502.58,13.0
233,ANANDRATHI.NS,SOLD,2024-03-18,1779.61,17,"Close < ST(15,3) (T-1)",67.97,78.74,118.32,136.36,96.0,855.58,Up,88.99,14245.11,145.0
234,WOCKPHARMA.NS,SOLD,2024-03-15,517.4,29,"Close < ST(15,3) (T-1)",57.13,65.31,134.47,235.83,97.0,523.17,Up,-9.76,-1622.62,3.0
235,OFSS.NS,BOUGHT,2024-03-14,8040.0,2,Entry,62.54,90.68,90.95,123.59,96.0,7537.82,Up,,,
236,TRENT.NS,BOUGHT,2024-03-14,3919.5,4,Entry,60.68,36.88,90.76,146.06,96.0,3687.57,Up,,,
237,ACE.NS,SOLD,2024-03-14,1069.58,13,"Close < ST(15,3) (T-1)",56.57,55.21,76.31,159.78,96.0,1236.26,Up,-15.87,-2623.4,1.0
238,SCHNEIDER.NS,SOLD,2024-03-14,580.88,24,"Close < ST(15,3) (T-1)",70.92,99.12,90.91,168.01,97.0,616.6,Up,-15.0,-2460.46,2.0
239,ACE.NS,BOUGHT,2024-03-13,1271.38,13,Entry,56.57,55.21,76.31,159.78,96.0,1236.26,Up,,,
240,ANANTRAJ.NS,SOLD,2024-03-13,317.36,114,"Close < ST(15,3) (T-1)",58.08,37.84,26.78,112.73,98.0,131.87,Up,118.53,19623.13,295.0
241,SCHNEIDER.NS,BOUGHT,2024-03-12,683.4,24,Entry,70.92,99.12,90.91,168.01,97.0,616.6,Up,,,
242,WOCKPHARMA.NS,BOUGHT,2024-03-12,573.35,29,Entry,57.13,65.31,134.47,235.83,97.0,523.17,Up,,,
243,NEULANDLAB.NS,SOLD,2024-03-12,6039.6,2,"Close < ST(15,3) (T-1)",59.77,30.69,68.28,203.35,96.0,5952.62,Up,-8.1,-1064.99,28.0
244,SWANCORP.NS,SOLD,2024-03-12,666.5,23,"Close < ST(15,3) (T-1)",73.11,71.96,172.97,189.82,96.0,618.27,Up,-5.12,-827.87,28.0
245,GVT&D.NS,BOUGHT,2024-03-07,924.6,18,Entry,68.23,118.93,179.74,412.38,99.0,831.43,Up,,,
246,TARIL.NS,BOUGHT,2024-03-07,172.36,96,Entry,56.8,76.0,199.78,313.01,99.0,149.69,Up,,,
247,HSCL.NS,SOLD,2024-03-07,340.24,43,"Close < ST(15,3) (T-1)",62.11,56.8,170.58,266.65,97.0,347.84,Up,-10.19,-1659.56,35.0
248,INOXWIND.NS,SOLD,2024-03-07,118.16,109,"Close < ST(15,3) (T-1)",61.45,113.45,196.61,421.37,99.0,133.44,Up,-22.11,-3655.42,7.0
249,INOXWIND.NS,BOUGHT,2024-02-29,151.69,109,Entry,61.45,113.45,196.61,421.37,99.0,133.44,Up,,,
250,MRPL.NS,SOLD,2024-02-29,230.84,90,"Close < ST(15,3) (T-1)",60.27,62.45,125.96,193.8,96.0,176.73,Up,24.87,4137.32,16.0
251,MRPL.NS,BOUGHT,2024-02-13,184.87,90,Entry,60.27,62.45,125.96,193.8,96.0,176.73,Up,,,
252,NEULANDLAB.NS,BOUGHT,2024-02-13,6572.1,2,Entry,59.77,30.69,68.28,203.35,96.0,5952.62,Up,,,
253,SWANCORP.NS,BOUGHT,2024-02-13,702.49,23,Entry,73.11,71.96,172.97,189.82,96.0,618.27,Up,,,
254,NEWGEN.NS,SOLD,2024-02-13,753.22,23,"Close < ST(15,3) (T-1)",58.84,60.99,114.99,219.25,99.0,650.27,Up,7.84,1259.02,54.0
255,TARIL.NS,SOLD,2024-02-13,145.57,106,"Close < ST(15,3) (T-1)",56.22,76.21,245.05,400.32,99.0,157.09,Up,-7.2,-1196.41,1.0
256,TITAGARH.NS,SOLD,2024-02-13,937.19,48,"Close < ST(15,3) (T-1)",66.97,63.58,110.81,159.66,99.0,307.49,Up,173.71,28549.78,278.0
257,TARIL.NS,BOUGHT,2024-02-12,156.86,106,Entry,56.22,76.21,245.05,400.32,99.0,157.09,Up,,,
258,FACT.NS,SOLD,2024-02-12,759.33,24,"Close < ST(15,3) (T-1)",62.85,38.27,102.78,109.24,99.0,624.63,Up,13.82,2213.17,109.0
259,HSCL.NS,BOUGHT,2024-02-01,378.83,43,Entry,62.11,56.8,170.58,266.65,97.0,347.84,Up,,,
260,KALYANKJIL.NS,SOLD,2024-02-01,356.71,57,"Close < ST(15,3) (T-1)",65.71,65.1,178.71,137.09,98.0,268.88,Up,22.5,3734.0,99.0
261,NEWGEN.NS,BOUGHT,2023-12-21,698.47,23,Entry,58.84,60.99,114.99,219.25,99.0,650.27,Up,,,
262,SUZLON.NS,SOLD,2023-12-21,34.13,606,"Close < ST(15,3) (T-1)",68.86,60.42,282.27,164.22,99.0,23.34,Up,24.16,4024.9,78.0
263,FACT.NS,BOUGHT,2023-10-26,667.12,24,Entry,62.85,38.27,102.78,109.24,99.0,624.63,Up,,,
264,ANANDRATHI.NS,BOUGHT,2023-10-25,941.66,17,Entry,67.97,78.74,118.32,136.36,96.0,855.58,Up,,,
265,KALYANKJIL.NS,BOUGHT,2023-10-25,291.2,57,Entry,65.71,65.1,178.71,137.09,98.0,268.88,Up,,,
266,FORCEMOT.NS,SOLD,2023-10-25,3438.77,4,"Close < ST(15,3) (T-1)",62.03,52.78,212.96,168.39,99.0,3668.43,Up,-14.88,-2405.32,15.0
267,MAZDOCK.NS,SOLD,2023-10-25,963.21,25,"Close < ST(15,3) (T-1)",71.57,96.37,60.48,192.32,99.0,567.59,Up,49.37,7958.79,112.0
268,TARIL.NS,SOLD,2023-10-25,75.07,195,"Close < ST(15,3) (T-1)",61.16,69.49,182.44,199.47,98.0,74.3,Up,-12.14,-2023.59,14.0
269,TARIL.NS,BOUGHT,2023-10-11,85.45,195,Entry,61.16,69.49,182.44,199.47,98.0,74.3,Up,,,
270,APARINDS.NS,SOLD,2023-10-11,5174.0,3,"Close < ST(15,3) (T-1)",64.24,64.12,114.93,200.77,98.0,4536.56,Up,4.73,701.32,28.0
271,FORCEMOT.NS,BOUGHT,2023-10-10,4040.1,4,Entry,62.03,52.78,212.96,168.39,99.0,3668.43,Up,,,
272,IRFC.NS,SOLD,2023-10-10,71.04,214,"Close < ST(15,3) (T-1)",68.58,133.23,185.4,134.65,98.0,72.25,Up,-8.43,-1400.2,19.0
273,SUZLON.NS,BOUGHT,2023-10-04,27.49,606,Entry,68.86,60.42,282.27,164.22,99.0,23.34,Up,,,
274,JBMA.NS,SOLD,2023-10-04,663.64,22,"Close < ST(15,3) (T-1)",56.68,85.78,160.14,249.13,99.0,671.63,Up,-11.84,-1960.31,29.0
275,IRFC.NS,BOUGHT,2023-09-21,77.59,214,Entry,68.58,133.23,185.4,134.65,98.0,72.25,Up,,,
276,USHAMART.NS,SOLD,2023-09-21,329.64,78,"Close < ST(15,3) (T-1)",68.12,58.07,56.13,95.85,99.0,187.05,Up,54.72,9093.51,188.0
277,APARINDS.NS,BOUGHT,2023-09-13,4940.23,3,Entry,64.24,64.12,114.93,200.77,98.0,4536.56,Up,,,
278,SUZLON.NS,SOLD,2023-09-13,22.09,827,"Close < ST(15,3) (T-1)",63.58,144.51,122.78,141.57,98.0,18.0,Up,9.62,1603.35,28.0
279,JBMA.NS,BOUGHT,2023-09-05,752.74,22,Entry,56.68,85.78,160.14,249.13,99.0,671.63,Up,,,
280,NEULANDLAB.NS,SOLD,2023-09-05,3641.7,6,"Close < ST(15,3) (T-1)",67.61,64.84,51.96,139.58,99.0,2590.02,Up,33.96,5538.75,103.0
281,SUZLON.NS,BOUGHT,2023-08-16,20.15,827,Entry,63.58,144.51,122.78,141.57,98.0,18.0,Up,,,
282,FACT.NS,SOLD,2023-08-16,414.42,34,"Close < ST(15,3) (T-1)",58.95,39.01,44.82,305.4,99.0,429.64,Up,-13.54,-2207.19,16.0
283,FACT.NS,BOUGHT,2023-07-31,479.33,34,Entry,58.95,39.01,44.82,305.4,99.0,429.64,Up,,,
284,JINDALSAW.NS,SOLD,2023-07-31,162.01,169,"Close < ST(15,3) (T-1)",68.58,33.73,119.75,127.43,99.0,87.87,Up,65.13,10798.72,66.0
285,MAZDOCK.NS,BOUGHT,2023-07-05,644.86,25,Entry,71.57,96.37,60.48,192.32,99.0,567.59,Up,,,
286,PGEL.NS,SOLD,2023-07-05,154.88,121,"Close < ST(15,3) (T-1)",64.19,37.19,56.79,95.84,99.0,117.82,Up,13.13,2174.44,127.0
287,JINDALSAW.NS,BOUGHT,2023-05-26,98.11,169,Entry,68.58,33.73,119.75,127.43,99.0,87.87,Up,,,
288,FINCABLES.NS,SOLD,2023-05-26,845.75,23,"Close < ST(15,3) (T-1)",70.94,27.71,56.51,89.09,97.0,634.31,Up,20.05,3248.64,86.0
289,NEULANDLAB.NS,BOUGHT,2023-05-25,2718.58,6,Entry,67.61,64.84,51.96,139.58,99.0,2590.02,Up,,,
290,KIRLOSENG.NS,SOLD,2023-05-25,388.15,45,"Close < ST(15,3) (T-1)",61.11,7.74,37.07,138.77,99.0,344.67,Up,5.81,959.6,72.0
291,ANANTRAJ.NS,BOUGHT,2023-05-23,145.22,114,Entry,58.08,37.84,26.78,112.73,98.0,131.87,Up,,,
292,FACT.NS,SOLD,2023-05-23,302.18,51,"Close < ST(15,3) (T-1)",55.39,11.03,161.12,180.1,99.0,304.16,Up,-6.39,-1051.85,13.0
293,TITAGARH.NS,BOUGHT,2023-05-11,342.4,48,Entry,66.97,63.58,110.81,159.66,99.0,307.49,Up,,,
294,UCOBANK.NS,SOLD,2023-05-11,27.16,595,"Close < ST(15,3) (T-1)",60.51,-10.63,128.4,146.67,99.0,24.68,Up,-2.95,-491.32,15.0
295,FACT.NS,BOUGHT,2023-05-10,322.81,51,Entry,55.39,11.03,161.12,180.1,99.0,304.16,Up,,,
296,APARINDS.NS,SOLD,2023-05-10,2589.29,7,"Close < ST(15,3) (T-1)",64.21,55.86,89.08,274.42,99.0,2051.22,Up,13.0,2085.22,77.0
297,UCOBANK.NS,BOUGHT,2023-04-26,27.99,595,Entry,60.51,-10.63,128.4,146.67,99.0,24.68,Up,,,
298,ZENTEC.NS,SOLD,2023-04-26,285.86,56,"Close < ST(15,3) (T-1)",60.99,56.45,54.29,68.95,98.0,269.8,Up,-3.9,-650.52,28.0
299,ZENTEC.NS,BOUGHT,2023-03-29,297.48,56,Entry,60.99,56.45,54.29,68.95,98.0,269.8,Up,,,
300,JSL.NS,SOLD,2023-03-29,282.58,65,"Close < ST(15,3) (T-1)",73.5,84.66,114.13,34.85,98.0,227.25,Up,11.05,1827.41,63.0
301,USHAMART.NS,BOUGHT,2023-03-17,213.06,78,Entry,68.12,58.07,56.13,95.85,99.0,187.05,Up,,,
302,JINDALSAW.NS,SOLD,2023-03-17,77.56,225,"Close < ST(15,3) (T-1)",69.22,64.32,70.06,75.69,98.0,66.08,Up,5.0,830.87,25.0
303,KIRLOSENG.NS,BOUGHT,2023-03-14,366.82,45,Entry,61.11,7.74,37.07,138.77,99.0,344.67,Up,,,
304,PNBHOUSING.NS,SOLD,2023-03-14,422.88,33,Stoploss 15%,60.1,33.32,71.73,77.66,97.0,438.64,Up,-15.85,-2627.67,13.0
305,FINCABLES.NS,BOUGHT,2023-03-01,704.5,23,Entry,70.94,27.71,56.51,89.09,97.0,634.31,Up,,,
306,PNBHOUSING.NS,BOUGHT,2023-03-01,502.51,33,Entry,60.1,33.32,71.73,77.66,97.0,438.64,Up,,,
307,CGPOWER.NS,SOLD,2023-03-01,298.5,53,"Close < ST(15,3) (T-1)",64.44,21.92,37.97,76.56,96.0,287.29,Up,-3.57,-585.12,23.0
308,GRAVITA.NS,SOLD,2023-03-01,452.72,33,"Close < ST(15,3) (T-1)",60.0,36.75,64.39,64.66,96.0,458.24,Up,-9.03,-1483.38,23.0
309,PGEL.NS,BOUGHT,2023-02-28,136.91,121,Entry,64.19,37.19,56.79,95.84,99.0,117.82,Up,,,
310,INDIANB.NS,SOLD,2023-02-28,258.3,56,"Close < ST(15,3) (T-1)",55.32,46.69,96.47,90.95,97.0,269.05,Up,-11.98,-1968.85,63.0
311,APARINDS.NS,BOUGHT,2023-02-22,2291.4,7,Entry,64.21,55.86,89.08,274.42,99.0,2051.22,Up,,,
312,DATAPATTNS.NS,SOLD,2023-02-22,1253.7,11,"Close < ST(15,3) (T-1)",58.81,2.23,68.52,103.47,97.0,1292.21,Up,-11.5,-1791.32,8.0
313,JINDALSAW.NS,BOUGHT,2023-02-20,73.87,225,Entry,69.22,64.32,70.06,75.69,98.0,66.08,Up,,,
314,KARURVYSYA.NS,SOLD,2023-02-20,83.29,187,"Close < ST(15,3) (T-1)",57.43,33.17,141.86,135.6,99.0,83.8,Up,-6.44,-1072.72,59.0
315,DATAPATTNS.NS,BOUGHT,2023-02-14,1416.55,11,Entry,58.81,2.23,68.52,103.47,97.0,1292.21,Up,,,
316,RVNL.NS,SOLD,2023-02-14,68.85,215,"Close < ST(15,3) (T-1)",61.5,103.17,150.16,120.37,99.0,69.34,Up,-10.79,-1790.95,28.0
317,CGPOWER.NS,BOUGHT,2023-02-06,309.54,53,Entry,64.44,21.92,37.97,76.56,96.0,287.29,Up,,,
318,GRAVITA.NS,BOUGHT,2023-02-06,497.68,33,Entry,60.0,36.75,64.39,64.66,96.0,458.24,Up,,,
319,JWL.NS,SOLD,2023-02-06,99.8,149,"Close < ST(15,3) (T-1)",71.24,44.07,83.24,91.04,98.0,95.26,Up,-10.74,-1789.15,13.0
320,TITAGARH.NS,SOLD,2023-02-06,192.33,79,"Close < ST(15,3) (T-1)",58.43,42.13,111.01,104.94,98.0,182.01,Up,-7.99,-1319.81,40.0
321,JSL.NS,BOUGHT,2023-01-25,254.47,65,Entry,73.5,84.66,114.13,34.85,98.0,227.25,Up,,,
322,BANKINDIA.NS,SOLD,2023-01-25,84.82,174,"Close < ST(15,3) (T-1)",58.85,101.17,103.98,80.84,98.0,81.67,Up,-11.16,-1853.32,13.0
323,JWL.NS,BOUGHT,2023-01-24,111.81,149,Entry,71.24,44.07,83.24,91.04,98.0,95.26,Up,,,
324,APARINDS.NS,SOLD,2023-01-24,1567.08,17,"Close < ST(15,3) (T-1)",65.3,38.09,23.72,36.19,96.0,838.05,Up,68.57,10836.65,215.0
325,RVNL.NS,BOUGHT,2023-01-17,77.18,215,Entry,61.5,103.17,150.16,120.37,99.0,69.34,Up,,,
326,FACT.NS,SOLD,2023-01-17,303.48,46,"Close < ST(15,3) (T-1)",67.57,186.72,269.58,155.21,99.0,307.18,Up,-14.48,-2363.96,8.0
327,BANKINDIA.NS,BOUGHT,2023-01-12,95.47,174,Entry,58.85,101.17,103.98,80.84,98.0,81.67,Up,,,
328,VBL.NS,SOLD,2023-01-12,244.76,60,"Close < ST(15,3) (T-1)",63.05,22.78,86.89,119.53,98.0,249.37,Up,-10.79,-1776.3,20.0
329,FACT.NS,BOUGHT,2023-01-09,354.87,46,Entry,67.57,186.72,269.58,155.21,99.0,307.18,Up,,,
330,GESHIP.NS,SOLD,2023-01-09,647.89,23,"Close < ST(15,3) (T-1)",64.28,34.3,91.73,110.83,98.0,648.64,Up,-8.56,-1394.51,17.0
331,TITAGARH.NS,BOUGHT,2022-12-28,209.04,79,Entry,58.43,42.13,111.01,104.94,98.0,182.01,Up,,,
332,INDIANB.NS,BOUGHT,2022-12-27,293.46,56,Entry,55.32,46.69,96.47,90.95,97.0,269.05,Up,,,
333,KALYANKJIL.NS,SOLD,2022-12-26,107.46,135,"Close < ST(15,3) (T-1)",61.71,30.97,114.99,101.4,97.0,115.73,Up,-12.32,-2038.47,3.0
334,UCOBANK.NS,SOLD,2022-12-26,28.21,487,"Close < ST(15,3) (T-1)",70.76,156.85,200.47,168.78,99.0,30.78,Up,-17.45,-2903.37,4.0
335,GESHIP.NS,BOUGHT,2022-12-23,708.52,23,Entry,64.28,34.3,91.73,110.83,98.0,648.64,Up,,,
336,KALYANKJIL.NS,BOUGHT,2022-12-23,122.56,135,Entry,61.71,30.97,114.99,101.4,97.0,115.73,Up,,,
337,KARURVYSYA.NS,BOUGHT,2022-12-23,89.03,187,Entry,57.43,33.17,141.86,135.6,99.0,83.8,Up,,,
338,VBL.NS,BOUGHT,2022-12-23,274.36,60,Entry,63.05,22.78,86.89,119.53,98.0,249.37,Up,,,
339,BLS.NS,SOLD,2022-12-23,165.52,120,"Close < ST(15,3) (T-1)",57.57,29.3,137.44,160.77,99.0,127.93,Up,19.8,3282.7,94.0
340,GRSE.NS,SOLD,2022-12-23,440.09,32,"Close < ST(15,3) (T-1)",59.27,70.48,93.62,132.75,99.0,448.75,Up,-14.8,-2445.8,22.0
341,MAZDOCK.NS,SOLD,2022-12-23,392.45,42,"Close < ST(15,3) (T-1)",73.56,178.51,180.68,188.86,99.0,354.07,Up,0.77,126.65,42.0
342,TARIL.NS,SOLD,2022-12-23,26.37,620,"Close < ST(15,3) (T-1)",63.31,83.85,69.71,75.33,99.0,23.24,Up,-1.83,-304.5,84.0
343,UCOBANK.NS,BOUGHT,2022-12-22,34.17,487,Entry,70.76,156.85,200.47,168.78,99.0,30.78,Up,,,
344,HSCL.NS,SOLD,2022-12-22,93.53,162,"Close < ST(15,3) (T-1)",56.15,62.01,24.15,127.13,96.0,93.39,Up,-8.67,-1438.48,76.0
345,GRSE.NS,BOUGHT,2022-12-01,516.52,32,Entry,59.27,70.48,93.62,132.75,99.0,448.75,Up,,,
346,PGEL.NS,SOLD,2022-12-01,97.82,182,"Close < ST(15,3) (T-1)",61.61,34.2,42.87,159.18,98.0,77.6,Up,7.08,1177.34,169.0
347,MAZDOCK.NS,BOUGHT,2022-11-11,389.44,42,Entry,73.56,178.51,180.68,188.86,99.0,354.07,Up,,,
348,TIINDIA.NS,SOLD,2022-11-11,2638.74,6,"Close < ST(15,3) (T-1)",61.84,68.2,65.83,61.31,96.0,2494.56,Up,-3.16,-516.4,45.0
349,HSCL.NS,BOUGHT,2022-10-07,102.41,162,Entry,56.15,62.01,24.15,127.13,96.0,93.39,Up,,,
350,ATGL.NS,SOLD,2022-10-04,3166.09,4,"Close < ST(15,3) (T-1)",71.9,47.36,98.68,107.05,99.0,3102.72,Up,-6.31,-852.29,41.0
351,TARIL.NS,BOUGHT,2022-09-30,26.86,620,Entry,63.31,83.85,69.71,75.33,99.0,23.24,Up,,,
352,ADANIENT.NS,SOLD,2022-09-30,3430.71,4,"Close < ST(15,3) (T-1)",60.22,65.92,95.67,116.28,99.0,3536.94,Up,-5.07,-733.08,3.0
353,ADANIENT.NS,BOUGHT,2022-09-27,3613.98,4,Entry,60.22,65.92,95.67,116.28,99.0,3536.94,Up,,,
354,TIINDIA.NS,BOUGHT,2022-09-27,2724.81,6,Entry,61.84,68.2,65.83,61.31,96.0,2494.56,Up,,,
355,ELECON.NS,SOLD,2022-09-27,162.68,136,"Close < ST(15,3) (T-1)",62.14,59.36,23.79,38.69,98.0,107.57,Up,32.76,5460.11,102.0
356,MAHSEAMLES.NS,SOLD,2022-09-27,370.64,52,"Close < ST(15,3) (T-1)",59.23,12.7,26.1,100.17,98.0,291.48,Up,17.26,2837.38,88.0
357,BLS.NS,BOUGHT,2022-09-20,138.16,120,Entry,57.57,29.3,137.44,160.77,99.0,127.93,Up,,,
358,SCHAEFFLER.NS,SOLD,2022-09-20,3398.92,7,"Close < ST(15,3) (T-1)",62.27,19.99,32.88,54.43,97.0,2100.89,Up,44.87,7369.23,76.0
359,ATGL.NS,BOUGHT,2022-08-24,3379.16,4,Entry,71.9,47.36,98.68,107.05,99.0,3102.72,Up,,,
360,BLS.NS,SOLD,2022-08-24,111.91,170,"Close < ST(15,3) (T-1)",66.48,69.66,82.06,155.36,99.0,84.97,Up,14.62,2427.07,91.0
361,SCHAEFFLER.NS,BOUGHT,2022-07-06,2346.17,7,Entry,62.27,19.99,32.88,54.43,97.0,2100.89,Up,,,
362,ELGIEQUIP.NS,SOLD,2022-07-04,346.96,42,"Close < ST(15,3) (T-1)",59.5,28.51,21.11,95.59,98.0,347.85,Up,-11.39,-1872.84,14.0
363,MAHSEAMLES.NS,BOUGHT,2022-07-01,316.07,52,Entry,59.23,12.7,26.1,100.17,98.0,291.48,Up,,,
364,BDL.NS,SOLD,2022-07-01,336.81,43,"Close < ST(15,3) (T-1)",55.96,61.26,87.86,97.55,99.0,324.9,Up,-11.65,-1909.81,35.0
365,APARINDS.NS,BOUGHT,2022-06-23,929.62,17,Entry,65.3,38.09,23.72,36.19,96.0,838.05,Up,,,
366,HAL.NS,SOLD,2022-06-21,875.1,17,"Close < ST(15,3) (T-1)",60.93,29.86,47.58,34.66,97.0,872.44,Up,-8.34,-1354.01,1.0
367,ELGIEQUIP.NS,BOUGHT,2022-06-20,391.55,42,Entry,59.5,28.51,21.11,95.59,98.0,347.85,Up,,,
368,HAL.NS,BOUGHT,2022-06-20,954.75,17,Entry,60.93,29.86,47.58,34.66,97.0,872.44,Up,,,
369,CREDITACC.NS,SOLD,2022-06-20,914.26,15,Stoploss 15%,64.24,53.9,111.27,61.4,97.0,914.59,Up,-15.85,-2582.24,14.0
370,TATAELXSI.NS,SOLD,2022-06-20,7257.38,1,Stoploss 15%,59.31,21.84,32.34,79.36,96.0,7483.94,Up,-15.85,-1366.52,26.0
371,ELECON.NS,BOUGHT,2022-06-17,122.53,136,Entry,62.14,59.36,23.79,38.69,98.0,107.57,Up,,,
372,JWL.NS,SOLD,2022-06-17,50.36,278,Stoploss 15%,57.77,46.63,74.81,94.53,99.0,49.86,Up,-15.85,-2636.37,18.0
373,PGEL.NS,BOUGHT,2022-06-15,91.35,182,Entry,61.61,34.2,42.87,159.18,98.0,77.6,Up,,,
374,MRPL.NS,SOLD,2022-06-15,100.5,220,"Close < ST(15,3) (T-1)",67.82,56.5,51.42,68.13,97.0,66.7,Up,32.88,5471.13,35.0
375,CREDITACC.NS,BOUGHT,2022-06-06,1086.4,15,Entry,64.24,53.9,111.27,61.4,97.0,914.59,Up,,,
376,ADANIPOWER.NS,SOLD,2022-06-06,56.72,268,"Close < ST(15,3) (T-1)",64.61,135.98,202.72,289.62,99.0,55.96,Up,-8.71,-1450.98,12.0
377,JWL.NS,BOUGHT,2022-05-30,59.85,278,Entry,57.77,46.63,74.81,94.53,99.0,49.86,Up,,,
378,CHENNPETRO.NS,SOLD,2022-05-30,268.45,58,"Close < ST(15,3) (T-1)",75.82,156.21,127.54,147.46,99.0,259.0,Up,-5.28,-867.62,21.0
379,BDL.NS,BOUGHT,2022-05-27,381.22,43,Entry,55.96,61.26,87.86,97.55,99.0,324.9,Up,,,
380,ATGL.NS,SOLD,2022-05-26,2218.85,6,"Close < ST(15,3) (T-1)",58.75,38.11,50.73,182.1,98.0,2224.89,Up,-13.18,-2021.19,8.0
381,ADANIPOWER.NS,BOUGHT,2022-05-25,62.13,268,Entry,64.61,135.98,202.72,289.62,99.0,55.96,Up,,,
382,BLS.NS,BOUGHT,2022-05-25,97.64,170,Entry,66.48,69.66,82.06,155.36,99.0,84.97,Up,,,
383,TATAELXSI.NS,BOUGHT,2022-05-25,8623.9,1,Entry,59.31,21.84,32.34,79.36,96.0,7483.94,Up,,,
384,ATGL.NS,BOUGHT,2022-05-18,2555.71,6,Entry,58.75,38.11,50.73,182.1,98.0,2224.89,Up,,,
385,BLS.NS,SOLD,2022-05-13,86.54,186,"Close < ST(15,3) (T-1)",72.34,50.16,67.59,136.92,99.0,80.52,Up,-3.25,-540.31,7.0
386,ADANIPOWER.NS,SOLD,2022-05-12,49.75,346,"Close < ST(15,3) (T-1)",73.03,100.64,109.87,123.75,98.0,42.09,Up,3.43,571.14,21.0
387,MRPL.NS,BOUGHT,2022-05-11,75.63,220,Entry,67.82,56.5,51.42,68.13,97.0,66.7,Up,,,
388,ADANIGREEN.NS,SOLD,2022-05-11,2522.32,5,"Close < ST(15,3) (T-1)",68.2,49.45,144.32,205.96,99.0,2487.63,Up,-12.25,-1759.87,9.0
389,SWANCORP.NS,SOLD,2022-05-11,273.72,53,"Close < ST(15,3) (T-1)",74.81,89.33,150.0,81.01,98.0,282.1,Up,-12.14,-2004.75,5.0
390,CHENNPETRO.NS,BOUGHT,2022-05-09,283.41,58,Entry,75.82,156.21,127.54,147.46,99.0,259.0,Up,,,
391,RHIM.NS,SOLD,2022-05-09,556.16,31,"Close < ST(15,3) (T-1)",58.84,49.39,43.72,70.29,94.0,480.61,Up,3.63,604.04,55.0
392,TRIVENI.NS,SOLD,2022-05-09,286.66,53,"Close < ST(15,3) (T-1)",57.22,39.44,77.55,53.65,97.0,280.95,Up,-8.58,-1425.73,38.0
393,BLS.NS,BOUGHT,2022-05-06,89.44,186,Entry,72.34,50.16,67.59,136.92,99.0,80.52,Up,,,
394,SWANCORP.NS,BOUGHT,2022-05-06,311.55,53,Entry,74.81,89.33,150.0,81.01,98.0,282.1,Up,,,
395,ANGELONE.NS,SOLD,2022-05-06,152.14,106,"Close < ST(15,3) (T-1)",61.1,32.98,24.06,87.77,98.0,142.16,Up,-2.85,-472.62,38.0
396,USHAMART.NS,SOLD,2022-05-06,128.6,117,"Close < ST(15,3) (T-1)",69.42,46.68,57.74,155.52,98.0,123.48,Up,-9.47,-1574.0,17.0
397,ADANIGREEN.NS,BOUGHT,2022-05-02,2874.3,5,Entry,68.2,49.45,144.32,205.96,99.0,2487.63,Up,,,
398,GMDCLTD.NS,SOLD,2022-05-02,178.6,120,"Close < ST(15,3) (T-1)",61.69,107.59,118.82,84.29,97.0,119.18,Up,29.25,4849.8,70.0
399,ADANIPOWER.NS,BOUGHT,2022-04-21,48.1,346,Entry,73.03,100.64,109.87,123.75,98.0,42.09,Up,,,
400,BSE.NS,SOLD,2022-04-21,282.25,55,"Close < ST(15,3) (T-1)",56.78,42.42,123.98,197.89,99.0,281.99,Up,-5.17,-846.03,23.0
401,USHAMART.NS,BOUGHT,2022-04-19,142.06,117,Entry,69.42,46.68,57.74,155.52,98.0,123.48,Up,,,
402,TATAELXSI.NS,SOLD,2022-04-19,7904.28,2,"Close < ST(15,3) (T-1)",58.62,22.06,45.47,88.83,95.0,6366.42,Up,9.78,1408.92,35.0
403,TRIVENI.NS,BOUGHT,2022-04-01,313.56,53,Entry,57.22,39.44,77.55,53.65,97.0,280.95,Up,,,
404,GRAVITA.NS,SOLD,2022-04-01,315.42,52,"Close < ST(15,3) (T-1)",57.03,46.47,76.99,232.76,98.0,289.5,Up,-1.03,-170.07,63.0
405,ANGELONE.NS,BOUGHT,2022-03-29,156.6,106,Entry,61.1,32.98,24.06,87.77,98.0,142.16,Up,,,
406,BSE.NS,BOUGHT,2022-03-29,297.63,55,Entry,56.78,42.42,123.98,197.89,99.0,281.99,Up,,,
407,DBREALTY.NS,SOLD,2022-03-29,90.54,167,"Close < ST(15,3) (T-1)",55.75,135.55,324.19,394.55,99.0,88.08,Up,-9.13,-1519.83,21.0
408,DEEPAKFERT.NS,SOLD,2022-03-29,521.38,28,"Close < ST(15,3) (T-1)",56.16,56.05,41.74,102.92,97.0,518.87,Up,-9.76,-1579.05,25.0
409,RHIM.NS,BOUGHT,2022-03-15,536.67,31,Entry,58.84,49.39,43.72,70.29,94.0,480.61,Up,,,
410,TATAELXSI.NS,BOUGHT,2022-03-15,7199.82,2,Entry,58.62,22.06,45.47,88.83,95.0,6366.42,Up,,,
411,JSWENERGY.NS,SOLD,2022-03-09,306.31,52,"Close < ST(15,3) (T-1)",57.65,0.64,35.46,184.14,98.0,298.04,Up,-3.85,-638.26,22.0
412,DBREALTY.NS,BOUGHT,2022-03-08,99.65,167,Entry,55.75,135.55,324.19,394.55,99.0,88.08,Up,,,
413,DEEPAKFERT.NS,BOUGHT,2022-03-04,577.77,28,Entry,56.16,56.05,41.74,102.92,97.0,518.87,Up,,,
414,BSE.NS,SOLD,2022-02-24,215.59,65,Stoploss 15%,61.94,42.37,108.67,201.31,98.0,220.86,Up,-15.85,-2638.59,6.0
415,DBREALTY.NS,SOLD,2022-02-23,92.04,222,"Close < ST(15,3) (T-1)",74.63,76.9,175.97,327.79,99.0,67.34,Up,22.68,3777.16,29.0
416,TRIVENI.NS,SOLD,2022-02-22,231.84,57,SL Gap Down (15%),64.8,42.19,57.77,104.29,96.0,246.97,Up,-19.62,-3226.2,13.0
417,GMDCLTD.NS,BOUGHT,2022-02-21,138.19,120,Entry,61.69,107.59,118.82,84.29,97.0,119.18,Up,,,
418,ATGL.NS,SOLD,2022-02-21,1666.62,12,"Close < ST(15,3) (T-1)",62.07,10.68,86.3,288.02,99.0,1315.36,Up,21.49,3537.6,153.0
419,BSE.NS,BOUGHT,2022-02-18,256.18,65,Entry,61.94,42.37,108.67,201.31,98.0,220.86,Up,,,
420,JPPOWER.NS,SOLD,2022-02-18,7.87,1783,Stoploss 15%,57.97,106.82,85.71,213.79,97.0,8.1,Up,-15.85,-2640.67,18.0
421,JSWENERGY.NS,BOUGHT,2022-02-15,318.58,52,Entry,57.65,0.64,35.46,184.14,98.0,298.04,Up,,,
422,FLUOROCHEM.NS,SOLD,2022-02-15,2619.14,5,"Close < ST(15,3) (T-1)",57.14,39.36,85.82,246.09,98.0,2754.74,Up,-12.13,-1808.46,4.0
423,FLUOROCHEM.NS,BOUGHT,2022-02-11,2980.83,5,Entry,57.14,39.36,85.82,246.09,98.0,2754.74,Up,,,
424,JBMA.NS,SOLD,2022-02-11,273.41,76,"Close < ST(15,3) (T-1)",59.12,135.07,141.29,152.99,99.0,188.92,Up,25.6,4234.96,49.0
425,TRIVENI.NS,BOUGHT,2022-02-09,288.43,57,Entry,64.8,42.19,57.77,104.29,96.0,246.97,Up,,,
426,POONAWALLA.NS,SOLD,2022-02-09,248.15,59,"Close < ST(15,3) (T-1)",61.51,71.53,57.59,132.73,98.0,250.5,Up,-11.78,-1955.64,9.0
427,JPPOWER.NS,BOUGHT,2022-01-31,9.35,1783,Entry,57.97,106.82,85.71,213.79,97.0,8.1,Up,,,
428,POONAWALLA.NS,BOUGHT,2022-01-31,281.3,59,Entry,61.51,71.53,57.59,132.73,98.0,250.5,Up,,,
429,SAREGAMA.NS,SOLD,2022-01-31,435.85,38,"Close < ST(15,3) (T-1)",65.93,29.98,140.43,431.27,99.0,372.84,Up,1.98,322.06,98.0
430,TRIDENT.NS,SOLD,2022-01-31,61.84,305,"Close < ST(15,3) (T-1)",55.53,90.54,226.3,289.42,99.0,48.9,Up,13.53,2247.32,28.0
431,GRAVITA.NS,BOUGHT,2022-01-28,318.69,52,Entry,57.03,46.47,76.99,232.76,98.0,289.5,Up,,,
432,FLUOROCHEM.NS,SOLD,2022-01-28,2483.52,6,"Close < ST(15,3) (T-1)",55.32,51.86,68.65,271.33,98.0,2505.44,Up,-5.69,-898.99,3.0
433,DBREALTY.NS,BOUGHT,2022-01-25,75.02,222,Entry,74.63,76.9,175.97,327.79,99.0,67.34,Up,,,
434,FLUOROCHEM.NS,BOUGHT,2022-01-25,2633.35,6,Entry,55.32,51.86,68.65,271.33,98.0,2505.44,Up,,,
435,KPITTECH.NS,SOLD,2022-01-25,622.42,36,"Close < ST(15,3) (T-1)",67.27,44.25,104.01,249.87,98.0,408.11,Up,36.12,5945.3,57.0
436,KPRMILL.NS,SOLD,2022-01-25,628.84,28,"Close < ST(15,3) (T-1)",66.08,31.65,89.55,162.81,97.0,531.09,Up,5.76,958.49,35.0
437,TRIDENT.NS,BOUGHT,2022-01-03,54.47,305,Entry,55.53,90.54,226.3,289.42,99.0,48.9,Up,,,
438,OLECTRA.NS,SOLD,2021-12-31,739.78,57,"Close < ST(15,3) (T-1)",60.52,64.82,69.61,412.91,98.0,283.56,Up,153.74,25549.22,141.0
439,JBMA.NS,BOUGHT,2021-12-24,217.68,76,Entry,59.12,135.07,141.29,152.99,99.0,188.92,Up,,,
440,TTML.NS,SOLD,2021-12-24,145.67,300,"Close < ST(15,3) (T-1)",64.08,55.15,320.87,294.46,99.0,48.66,Up,162.34,27042.52,56.0
441,KPRMILL.NS,BOUGHT,2021-12-21,594.61,28,Entry,66.08,31.65,89.55,162.81,97.0,531.09,Up,,,
442,CGPOWER.NS,SOLD,2021-12-21,168.85,107,"Close < ST(15,3) (T-1)",58.73,87.59,74.77,244.83,98.0,146.62,Up,9.17,1517.47,28.0
443,KPITTECH.NS,BOUGHT,2021-11-29,457.27,36,Entry,67.27,44.25,104.01,249.87,98.0,408.11,Up,,,
444,PERSISTENT.NS,SOLD,2021-11-29,1890.5,10,"Close < ST(15,3) (T-1)",61.63,33.17,77.99,178.55,92.0,1475.31,Up,18.23,2915.45,98.0
445,CGPOWER.NS,BOUGHT,2021-11-23,154.67,107,Entry,58.73,87.59,74.77,244.83,98.0,146.62,Up,,,
446,TATAELXSI.NS,SOLD,2021-11-23,5986.92,2,"Close < ST(15,3) (T-1)",70.2,51.8,109.34,268.72,97.0,5268.67,Up,3.56,411.31,56.0
447,TTML.NS,BOUGHT,2021-10-29,55.53,300,Entry,64.08,55.15,320.87,294.46,99.0,48.66,Up,,,
448,JSWENERGY.NS,SOLD,2021-10-29,343.28,43,"Close < ST(15,3) (T-1)",60.31,91.45,275.26,413.93,99.0,355.12,Up,-10.11,-1660.88,8.0
449,SAREGAMA.NS,BOUGHT,2021-10-25,427.38,38,Entry,65.93,29.98,140.43,431.27,99.0,372.84,Up,,,
450,FLUOROCHEM.NS,SOLD,2021-10-25,1819.86,9,"Close < ST(15,3) (T-1)",60.07,108.34,207.5,224.99,98.0,1571.96,Up,5.1,794.16,61.0
451,JSWENERGY.NS,BOUGHT,2021-10-21,381.9,43,Entry,60.31,91.45,275.26,413.93,99.0,355.12,Up,,,
452,ELECON.NS,SOLD,2021-10-21,77.41,236,"Close < ST(15,3) (T-1)",57.1,67.18,210.85,501.07,99.0,61.38,Up,10.04,1666.4,87.0
453,TATAELXSI.NS,BOUGHT,2021-09-28,5781.26,2,Entry,70.2,51.8,109.34,268.72,97.0,5268.67,Up,,,
454,POONAWALLA.NS,SOLD,2021-09-28,165.77,97,"Close < ST(15,3) (T-1)",63.18,47.82,288.85,353.75,99.0,160.39,Up,-2.55,-419.94,56.0
455,ATGL.NS,BOUGHT,2021-09-21,1371.82,12,Entry,62.07,10.68,86.3,288.02,99.0,1315.36,Up,,,
456,IIFL.NS,SOLD,2021-09-21,264.67,55,"Close < ST(15,3) (T-1)",65.03,7.03,158.47,282.88,95.0,262.76,Up,-12.17,-2017.36,54.0
457,FLUOROCHEM.NS,BOUGHT,2021-08-25,1731.61,9,Entry,60.07,108.34,207.5,224.99,98.0,1571.96,Up,,,
458,JSWENERGY.NS,SOLD,2021-08-25,214.92,72,"Close < ST(15,3) (T-1)",63.09,94.49,225.05,302.49,99.0,217.92,Up,-7.12,-1186.65,14.0
459,PERSISTENT.NS,BOUGHT,2021-08-23,1598.95,10,Entry,61.63,33.17,77.99,178.55,92.0,1475.31,Up,,,
460,SAREGAMA.NS,SOLD,2021-08-23,299.82,98,"Close < ST(15,3) (T-1)",70.25,100.58,215.88,305.73,98.0,149.88,Up,77.2,12800.99,136.0
461,OLECTRA.NS,BOUGHT,2021-08-12,291.55,57,Entry,60.52,64.82,69.61,412.91,98.0,283.56,Up,,,
462,GRAVITA.NS,SOLD,2021-08-12,173.53,90,"Close < ST(15,3) (T-1)",77.69,86.75,133.68,316.97,95.0,157.9,Up,-5.54,-916.74,14.0
463,JSWENERGY.NS,BOUGHT,2021-08-11,231.4,72,Entry,63.09,94.49,225.05,302.49,99.0,217.92,Up,,,
464,PRAJIND.NS,SOLD,2021-08-11,332.53,42,SL Gap Down (13%),61.9,51.75,234.18,396.02,99.0,348.26,Up,-14.89,-2442.92,6.0
465,PRAJIND.NS,BOUGHT,2021-08-05,390.69,42,Entry,61.9,51.75,234.18,396.02,99.0,348.26,Up,,,
466,GPIL.NS,SOLD,2021-08-05,354.89,52,"Close < ST(15,3) (T-1)",65.88,112.59,176.01,339.19,98.0,311.26,Up,12.15,1999.65,45.0
467,POONAWALLA.NS,BOUGHT,2021-08-03,170.1,97,Entry,63.18,47.82,288.85,353.75,99.0,160.39,Up,,,
468,KIRLOSBROS.NS,SOLD,2021-08-03,414.87,39,"Close < ST(15,3) (T-1)",66.67,116.47,232.62,278.29,97.0,397.61,Up,-2.87,-478.13,43.0
469,GRAVITA.NS,BOUGHT,2021-07-29,183.71,90,Entry,77.69,86.75,133.68,316.97,95.0,157.9,Up,,,
470,IIFL.NS,BOUGHT,2021-07-29,301.35,55,Entry,65.03,7.03,158.47,282.88,95.0,262.76,Up,,,
471,INTELLECT.NS,SOLD,2021-07-29,751.92,52,"Close < ST(15,3) (T-1)",63.37,28.36,194.82,453.24,98.0,286.18,Up,138.24,22687.67,205.0
472,LAURUSLABS.NS,SOLD,2021-07-29,621.53,46,"Close < ST(15,3) (T-1)",68.06,21.59,227.23,454.99,99.0,317.49,Up,72.99,12063.01,205.0
473,ELECON.NS,BOUGHT,2021-07-26,70.35,236,Entry,57.1,67.18,210.85,501.07,99.0,61.38,Up,,,
474,HFCL.NS,SOLD,2021-07-26,72.68,207,"Close < ST(15,3) (T-1)",58.41,225.1,135.64,386.65,99.0,76.69,Up,-9.6,-1597.06,4.0
475,HFCL.NS,BOUGHT,2021-07-22,80.4,207,Entry,58.41,225.1,135.64,386.65,99.0,76.69,Up,,,
476,POONAWALLA.NS,SOLD,2021-07-22,143.83,109,"Close < ST(15,3) (T-1)",64.33,22.31,234.92,335.11,99.0,144.71,Up,-5.91,-984.62,43.0
477,GPIL.NS,BOUGHT,2021-06-21,316.44,52,Entry,65.88,112.59,176.01,339.19,98.0,311.26,Up,,,
478,KIRLOSBROS.NS,BOUGHT,2021-06-21,427.12,39,Entry,66.67,116.47,232.62,278.29,97.0,397.61,Up,,,
479,ATGL.NS,SOLD,2021-06-21,1189.57,12,"Close < ST(15,3) (T-1)",64.55,249.72,466.37,731.18,99.0,1162.43,Up,-11.58,-1868.65,32.0
480,PGEL.NS,SOLD,2021-06-21,39.0,394,"Close < ST(15,3) (T-1)",57.26,-5.93,163.49,615.03,99.0,40.98,Up,-7.6,-1263.16,4.0
481,PGEL.NS,BOUGHT,2021-06-17,42.21,394,Entry,57.26,-5.93,163.49,615.03,99.0,40.98,Up,,,
482,ADANIENT.NS,SOLD,2021-06-17,1373.1,19,"Close < ST(15,3) (T-1)",66.89,88.03,193.18,470.43,99.0,818.2,Up,57.77,9552.63,90.0
483,POONAWALLA.NS,BOUGHT,2021-06-09,152.86,109,Entry,64.33,22.31,234.92,335.11,99.0,144.71,Up,,,
484,HINDCOPPER.NS,SOLD,2021-06-09,157.31,116,"Close < ST(15,3) (T-1)",56.88,113.45,320.37,271.95,99.0,123.31,Up,10.23,1693.54,54.0
485,ATGL.NS,BOUGHT,2021-05-20,1345.29,12,Entry,64.55,249.72,466.37,731.18,99.0,1162.43,Up,,,
486,GPIL.NS,SOLD,2021-05-20,233.03,91,"Close < ST(15,3) (T-1)",71.94,60.1,142.69,329.42,98.0,155.82,Up,27.92,4628.28,49.0
487,HINDCOPPER.NS,BOUGHT,2021-04-16,142.71,116,Entry,56.88,113.45,320.37,271.95,99.0,123.31,Up,,,
488,CGPOWER.NS,SOLD,2021-04-16,69.65,385,"Close < ST(15,3) (T-1)",55.42,71.21,309.3,730.19,99.0,39.15,Up,60.98,10158.13,101.0
489,SAREGAMA.NS,BOUGHT,2021-04-09,169.19,98,Entry,70.25,100.58,215.88,305.73,98.0,149.88,Up,,,
490,ATGL.NS,SOLD,2021-04-09,986.04,22,"Close < ST(15,3) (T-1)",85.35,104.09,268.86,397.95,99.0,663.05,Up,31.62,5211.09,18.0
491,GPIL.NS,BOUGHT,2021-04-01,182.17,91,Entry,71.94,60.1,142.69,329.42,98.0,155.82,Up,,,
492,ADANIGREEN.NS,SOLD,2021-04-01,1099.38,14,"Close < ST(15,3) (T-1)",63.48,2.64,116.19,313.83,98.0,1046.95,Up,-6.98,-1155.06,28.0
493,ATGL.NS,BOUGHT,2021-03-22,749.18,22,Entry,85.35,104.09,268.86,397.95,99.0,663.05,Up,,,
494,PGEL.NS,SOLD,2021-03-22,36.6,650,"Close < ST(15,3) (T-1)",72.21,98.18,382.25,664.52,99.0,23.12,Up,42.82,7132.82,27.0
495,ADANIENT.NS,BOUGHT,2021-03-19,870.33,19,Entry,66.89,88.03,193.18,470.43,99.0,818.2,Up,,,
496,ANANTRAJ.NS,SOLD,2021-03-19,49.85,399,"Close < ST(15,3) (T-1)",63.97,133.43,273.73,579.85,99.0,39.09,Up,19.52,3248.66,31.0
497,ADANIGREEN.NS,BOUGHT,2021-03-04,1181.88,14,Entry,63.48,2.64,116.19,313.83,98.0,1046.95,Up,,,
498,INDIAMART.NS,SOLD,2021-03-04,4042.19,4,"Close < ST(15,3) (T-1)",62.85,56.04,224.13,248.66,99.0,3499.57,Up,3.53,551.05,36.0
499,PGEL.NS,BOUGHT,2021-02-23,25.63,650,Entry,72.21,98.18,382.25,664.52,99.0,23.12,Up,,,
500,BSOFT.NS,SOLD,2021-02-23,227.11,65,"Close < ST(15,3) (T-1)",69.11,24.08,178.14,313.69,98.0,224.58,Up,-10.68,-1765.16,49.0
501,ANANTRAJ.NS,BOUGHT,2021-02-16,41.71,399,Entry,63.97,133.43,273.73,579.85,99.0,39.09,Up,,,
502,TTML.NS,SOLD,2021-02-16,15.27,2086,"Close < ST(15,3) (T-1)",57.51,167.8,107.89,327.03,99.0,7.08,Up,91.16,15193.38,42.0
503,INDIAMART.NS,BOUGHT,2021-01-27,3904.42,4,Entry,62.85,56.04,224.13,248.66,99.0,3499.57,Up,,,
504,DIXON.NS,SOLD,2021-01-27,2770.08,6,"Close < ST(15,3) (T-1)",70.81,55.8,134.17,285.48,97.0,2484.5,Up,0.08,13.86,22.0
505,BSOFT.NS,BOUGHT,2021-01-05,254.26,65,Entry,69.11,24.08,178.14,313.69,98.0,224.58,Up,,,
506,CGPOWER.NS,BOUGHT,2021-01-05,43.27,385,Entry,55.42,71.21,309.3,730.19,99.0,39.15,Up,,,
507,DIXON.NS,BOUGHT,2021-01-05,2767.77,6,Entry,70.81,55.8,134.17,285.48,97.0,2484.5,Up,,,
508,INTELLECT.NS,BOUGHT,2021-01-05,315.62,52,Entry,63.37,28.36,194.82,453.24,98.0,286.18,Up,,,
509,LAURUSLABS.NS,BOUGHT,2021-01-05,359.29,46,Entry,68.06,21.59,227.23,454.99,99.0,317.49,Up,,,
510,TTML.NS,BOUGHT,2021-01-05,7.99,2086,Entry,57.51,167.8,107.89,327.03,99.0,7.08,Up,,,
